legacy_id,full_name,email,dob,sex,bsn,phone,city,weight,weight_unit,height_cm,status,signup_date,source
recwyXYjpXsigPX8J,Zeynep Chen,zeynep.chen@live.nl,23-08-2000,female,251508596,06-53549409,Delft,134.0,kg,194,Active,2023-03-21,import
recvY0SCmHn72bKUF,Ruben van den Berg,ruben.vandenberg@yahoo.com,03/04/1972,f,,+31608913757,Delft,94.1,kg,167,Active,2023-12-13,typeform
recllxasisP4l5btZ,Olga Brouwer,olga.brouwer@yahoo.com,1989-05-28,M,663119637,+31664058517,Haarlem,113.1,kg,167,active ,2025-09-30,import
rec4WH3Y8eVFSjYos,Zeynep de Wit,zeynep.dewit@gmail.com,1983-12-22,male,,+31635672057,Zwolle,90.2,kg,174,actief,2024-11-09,typeform
recohisP3yMTXqTGE,Noor El Amrani,noor.elamrani@gmail.com,02/16/1962,Female,522566248,+31668303946,Rotterdam,119.6,kg,169,ACTIEF,2022-07-05,campaign_expat_2023
recCqSY0YQ0ZRMPhX,Mei Taylor,mei.taylor@protonmail.com,06/01/1981,vrouw,,06-92461015,Tilburg,76.2,kg,165,opgezegd,09-08-2023,website
reczPnfGfjA1IEi8o,Deniz Peters,deniz.peters@live.nl,1963-03-25,f,471571362,0669708184,Delft,168.2,,171,Active,04-04-2024,campaign_expat_2023
reclljTEnT2YAiTKf,Grace Benali,grace.benali@live.nl,29-10-1992,F,,06-32966540,Amsterdam,189.8,lbs,163,active,07/10/2022,typeform
recs7aA2HuPCyZpGY,Elena Andersen,elena.andersen@hotmail.com,1965-06-27,M,,+31620341788,Almere,102.4,kg,183,Churned,2025-01-18,import
recnGucmq0G8aUlli,Teun de Jong,teun.dejong@live.nl,2007-06-11,male,679609908,0660542400,Tilburg,148.6,kg,193,active ,10-05-2024,campaign_expat_2023
recm5ZliILdrdpYPq,Kees de Jong,kees.dejong@icloud.com,01/05/1992,m,,0606376713,Breda,95.6,kg,164,churned,2023-07-09,referral
rec2NG82oQ23Npv6t,Noor Mulder,noor.mulder@ziggo.nl,1967-02-25,Male,,06-50377208,Maastricht,84.0,kg,153,ACTIEF,2025-11-01,import
recMYZgSQBwPqYLhu,Annelies de Groot,annelies.degroot@live.nl,06/01/1971,female,512155495,0673845983,Amersfoort,87.3,kg,177,lead,2022-03-22,import
recSF3KSvHFgPGZT2,Julia Rossi,julia.rossi@protonmail.com,1998-10-09,man,,+31695637750,Amersfoort,121.5,kg,194,prospect,2025-03-12,typeform
rec1HqO3tet4KbTsS,Gijs Jones,gijs.jones@yahoo.com,07-08-1968,man,,+31666530017,Arnhem,117.4,kg,182,active ,2024-05-14,typeform
recKezPoIEhsomAph,Giulia de Jong,giulia.dejong@ziggo.nl,08/19/1994,female,854615982,06-26175670,Zwolle,120.3,kg,190,Active,09/01/2022,typeform
recpZZTAveLlWG3e9,Fatima Bakker,fatima.bakker@ziggo.nl,1990-08-29,f,,+31629200739,Delft,86.4,kg,162,active,2025-06-26,referral
rectjTfEf1fRbCqog,Roos Kaya,roos.kaya1@hotmail.com,1974-08-11,m,857302553,+31601638511,Zwolle,120.0,kg,169,active,2022-05-18,website
recRDS3iH67AQqDqf,Teun de Boer,teun.deboer@hotmail.com,1991-10-11,m,,06-14761158,Delft,96.6,kg,160,churned,2024-11-10,website
recZuFBNP6pxzabX9,Piotr de Groot,piotr.degroot@icloud.com,1972-01-04,Male,,06-72365420,Rotterdam,103.0,kg,158,ACTIEF,2024-12-31,website
rec2ozFOFVAN6dJXz,Priya Rossi,priya.rossi@live.nl,2000-12-18,Female,,,Eindhoven,,kg,197,lead,2023-05-17,typeform
recbHAdH1mChTT20W,Sophie Ivanov,sophie.ivanov@protonmail.com,28-11-2003,M,,+31600200993,Maastricht,107.1,kg,184,on hold,22-04-2022,typeform
recCzVTkE7j12KuLK,Amira Dijkstra,amira.dijkstra@protonmail.com,11/15/1979,m,,+31691466915,Rotterdam,,kg,171,Churned,2023-08-21,website
rectrH23Oeqq3WknP,Youssef van der Meer,youssef.vandermeer@yahoo.com,06/03/2002,Female,921635680,0699798829,Zwolle,129.6,kg,192,ACTIEF,16-03-2024,import
recTnoZK2UxB3urMb,Gijs El Amrani,gijs.elamrani@icloud.com,2003-09-30,Female,,+31679285932,Haarlem,,kg,174,Active,2025-03-21,typeform
recVCeLNqjh0TsoUr,Eva Wang,eva.wang@outlook.com,1981-04-25,M,,+31699022630,Zwolle,118.6,kg,168,churned,2025-01-13,typeform
rec2CrGqbJCGF8gOe,Hendrik Costa,hendrik.costa@outlook.com,17-03-1964,vrouw,,0646010125,Almere,102.3,kg,157,Prospect,11-01-2024,typeform
recYMxFOeuIpvRPjw,Maud Bakker,maud.bakker@kpnmail.nl,1968-10-08,V,,0697978008,Eindhoven,,kg,179,actief,2023-06-21,typeform
recg0Aei5OmpctyFR,Mohammed Nowak,mohammed.nowak@protonmail.com,1975-01-03,man,,+31608856835,Eindhoven,108.1,kg,167,active ,2022-06-25,import
rechpDIr7vIY2mRbV,Ruben Petrov,ruben.petrov@yahoo.com,1987-07-25,m,121806704,06-16907013,Breda,86.6,kg,155,active ,2026-01-22,website
recjC07CrjDYRKkMH,Lotte de Boer,lotte.deboer@yahoo.com,2007-06-13,Male,955251862,06-22181815,Tilburg,110.6,kg,186,active ,2026-04-09,import
recT10AtwdfisJdy9,Elena Mulder,elena.mulder@kpnmail.nl,1960-02-04,male,,06-82492344,Leiden,109.3,kg,191,paused,2024-04-01,typeform
recozt8BBlpY0vJbK,Fatima Jones,fatima.jones@icloud.com,1964-01-06,V,,+31604050832,Rotterdam,,kg,198,cancelled,11/02/2023,typeform
recYesRO2h8K3FkpO,Emma Vos,emma.vos@yahoo.com,1984-12-08,male,,+31602936202,Maastricht,101.9,kg,155,ACTIEF,29-09-2022,typeform
rec5QymxkGDni6y29,Roos Peters,roos.peters@icloud.com,1966-06-28,M,,+31612665735,Leiden,100.0,kg,154,opgezegd,2026-02-19,campaign_expat_2023
rec15jchRK6a2HRru,Olga Wang,olga.wang@protonmail.com,03/01/1988,female,,06-67795471,Delft,89.0,kg,160,Active,2024-04-17,import
recHp5693MtNqzHuc,Jesse de Graaf,jesse.degraaf@yahoo.com,2005-08-01,male,,+31646620645,Haarlem,130.6,kg,194,active ,2024-10-28,typeform
recc023w4Pfk1vfZJ,Olga Ricci,olga.ricci1@protonmail.com,1982-01-29,vrouw,974631115,+31695608637,Haarlem,74.9,kg,166,active,04/21/2023,campaign_expat_2023
recTDZLy8qXyhsO2S,Sem Taylor,sem.taylor@yahoo.com,2006-04-27,Female,,06-88422277,Leiden,101.8,kg,168,active,03/17/2024,referral
recXjcOyG0dMB4DOq,Sanne Wang,sanne.wang@protonmail.com,22-03-1984,male,,06-40536304,Leiden,97.6,kg,168,on hold,2023-10-17,referral
recIaTJSF7eflcHxW,Hendrik Vos,hendrik.vos1@ziggo.nl,1973-06-21,f,,06-07182374,Amersfoort,,kg,177,Active,2024-10-24,typeform
recvFCGRtFEjQkMks,Hendrik Horvat,hendrik.horvat@ziggo.nl,1983-09-21,male,,+31623335433,Zwolle,112.3,kg,180,opgezegd,2025-03-11,import
recVBmGrJhWgHo3Ow,Grace Peters,grace.peters@icloud.com,2007-11-26,female,,0636550361,Delft,93.2,kg,171,churned,2024-11-28,campaign_expat_2023
rec3W7zRBJ3yctYoV,Teun Smits, teun.smits@gmail.com,30-10-1982,V,694545508,06-33427353,Delft,114.7,kg,177,opgezegd,09-12-2022,import
recSoTHiwwMrx8wa1,Marieke Benali,marieke.benali@icloud.com,2000-04-11,Female,,+31624718297,Rotterdam,70.5,kg,160,on hold,2026-03-30,import
recHslkIbnQFvqRPm,Piotr Smits,piotr.smits@ziggo.nl,1961-12-10,female,,+31678425186,Nijmegen,97.1,kg,161,active ,2025-04-30,referral
recSf8MQYr00e3LQX,Lotte de Jong,lotte.dejong@icloud.com,1985-05-02,female,,06-03423012,Delft,106.0,kg,160,active ,2026-04-25,import
recsjEZzW49ELLxAW,Piotr Rossi,piotr.rossi@gmail.com,1977-07-05,man,,+31684597878,Tilburg,113.3,kg,180,Active,2026-02-04,typeform
recTubToSsdnSwnXB,Priya Bos,priya.bos@kpnmail.nl,1979-01-21,Female,,06-77755374,Breda,68.6,kg,159,Active,2026-04-25,typeform
recPOEkcgNYMFgt09,Sophie Jones,sophie.jones@protonmail.com,02/17/1991,male,226308881,0630346058,Breda,147.7,kg,192,active,07/19/2023,typeform
recDjoMfHcpu2BxJl,Annelies Benali ,annelies.benali@gmail.com,1979-04-13,F,682269840,06-51173900,Tilburg,124.8,kg,15,actief,2026-04-04,import
recmY8ZV2XimWCxrD,Piotr Visser,piotr.visser@gmail.com,1987-01-09,male,766515795,0614654356,Delft,159.9,kg,196,Churned,2024-04-09,import
rec94bHgyxkxSNT7b,Kees Wang,kees.wang@ziggo.nl,1967-04-05,F,,0611349406,Nijmegen,126.1,kg,192,churned,2025-09-26,campaign_expat_2023
rec8spGqbQLDozZ0b,Kees Kaya,kees.kaya@ziggo.nl,1996-06-09,vrouw,344140271,+31616548685,Zaandam,,kg,171,active ,2025-08-05,referral
recOgvnk0aUxowZiE,Annelies Dijkstra ,annelies.dijkstra@live.nl,1985-09-14,f,369491191,+31652365391,Breda,225.3,lbs,175,Active,2024-09-05,campaign_expat_2023
recmECVUb73tudbhR,Lucas Hendriks,lucas.hendriks@gmail.com,1968-08-06,F,,06-18005542,Delft,158.3,kg,194,actief,2024-07-30,typeform
recIQC9lQsfvJqwDS,Daan Bos,daan.bos@hotmail.com,1990-01-18,m,743955316,0652182180,Groningen,128.0,kg,185,ACTIEF,04/10/2022,typeform
recZysyjPPg0AK4ev,Julia Brouwer,julia.brouwer@ziggo.nl,06-01-1991,F,,+31632399552,Delft,79.7,kg,164,ACTIEF,20-11-2023,website
rec3c5F5ZYbZbByij,Fatima Nair,fatima.nair@outlook.com,04/24/1998,Female,792226999,+31684247638,Maastricht,97.7,kg,155,paused,2022-03-26,campaign_expat_2023
rech798mhNEjHR5HL,Gijs El Amrani,gijs.elamrani@ziggo.nl,1983-12-16,female,360288017,+31646812902,Tilburg,97.6,kg,160,active ,2025-11-28,import
recGGdBsW80bXxzKf,Lisa de Groot,lisa.degroot@kpnmail.nl,06/04/2006,F,,06-14797259,Delft,150.1,kg,195,Prospect,2023-06-30,campaign_expat_2023
recO1leAsakKZGuyT,Lucas Ivanov,lucas.ivanov@yahoo.com,1989-07-11,vrouw,451940854,+31641864085,Eindhoven,125.3,kg,173,actief,20-09-2022,website
recNN8Z9PYoAiyOqN,Finn Mulder,finn.mulder@outlook.com,1971-07-22,f,,06-74629344,Amersfoort,100.0,kg,157,active,15-06-2023,referral
recc2yfmAde8ZwgSW,Emily de Groot,emily.degroot@live.nl,2002-05-09,F,788759188,06-89265579,Amsterdam,106.6,kg,176,actief,09/07/2022,import
reculKsA5qEyEdcbl,Bram Jansen,bram.jansen@protonmail.com,1963-08-20,F,934600144,+31657056187,Nijmegen,85.3,kg,178,active,2024-08-27,campaign_expat_2023
recF7n51IjTwTKNTW,Oliver Demir,oliver.demir@outlook.com,1958-09-24,vrouw,,06-55610567,Haarlem,115.3,kg,180,cancelled,2025-09-22,import
rechFnT5jvsZEIUVP,Sem de Boer,sem.deboer@yahoo.com,03-02-1960,V,,+31617612096,Den Haag,111.8,kg,181,actief,2024-01-20,typeform
recTpTFqUYmkxtTCO,Sophie Bakker,sophie.bakker@kpnmail.nl,11-05-2002,male,129246542,06-55111261,Amersfoort,,kg,168,churned,06/28/2023,campaign_expat_2023
recwWPlQe3T71uqIm,Zeynep Ricci,zeynep.ricci@ziggo.nl,2001-04-09,F,204772916,0680824999,Rotterdam,95.6,kg,182,ACTIEF,2025-03-11,website
rec2AYUBbkGrgbd15,Kees Wang,kees.wang@gmail.com,1993-04-01,Male,,+31678969586,Haarlem,132.7,kg,181,Churned,2022-06-29,website
rec9DdtqpksT66P5D,Ruben van Leeuwen,ruben.vanleeuwen@gmail.com,02-11-1984,male,,+31685432225,Almere,79.1,kg,153,actief,13-11-2023,import
rec4ljkEcpPAc4gyS,Oliver de Vries,oliver.devries@ziggo.nl,1965-03-30,female,,+31662573716,Amersfoort,93.3,kg,181,prospect,2024-12-23,campaign_expat_2023
recqfJ3wa5SjPdwwz,Wei Taylor,wei.taylor@icloud.com,2003-04-06,man,447094981,+31606373522,Tilburg,76.2,kg,156,cancelled,2025-08-20,import
rec5z024ad07XnB4m,Zeynep Vos,zeynep.vos@ziggo.nl,1959-08-24,male,887891238,+31643620328,Zwolle,132.1,kg,190,cancelled,2025-10-17,typeform
recWXI3glhzUftA26,Levi Visser,levi.visser@kpnmail.nl,1993-10-16,F,,06-26596145,Tilburg,133.9,kg,196,opgezegd,2025-12-20,referral
rec1Yr9vO25G2ddyo,Sofia van Leeuwen,sofia.vanleeuwen1@gmail.com,1990-12-29,male,,+31631851762,Amersfoort,141.7,kg,194,actief,2023-02-03,website
recQEbFJUaX4b84GR,Ivan Smit,ivan.smit@kpnmail.nl,1966-09-20,V,459068842,0601013378,Groningen,96.0,kg,167,active,2025-05-01,import
recbNPmcJ6tm80xRg,Annelies Rossi,annelies.rossi@yahoo.com,1980-03-09,F,,0680870600,Zwolle,88.2,kg,165,Churned,2025-09-03,import
recRi9aekTnYBWyPi,Mohammed Horvat,mohammed.horvat@outlook.com,1995-11-09,V,165848432,,Breda,91.4,kg,163,Paused,2025-08-29,website
reciWFUnffDH01j6G,Ivan Wilson,ivan.wilson@ziggo.nl,2004-03-25,female,,+31634833931,Almere,121.0,kg,177,Churned,01/21/2023,typeform
rec7KWmWZqYGta0lI,Emily de Jong,emily.dejong@yahoo.com,24-08-1976,Female,,+31617477009,Delft,110.7,kg,164,active ,2023-11-13,campaign_expat_2023
recdzSUQjTsQBFvWZ,Giulia Ricci,giulia.ricci@icloud.com,03/27/1962,F,,+31697335048,Arnhem,64.0,kg,154,Churned,2023-04-22,campaign_expat_2023
recjH1MAp21WupjkB,Zeynep Wang,zeynep.wang@ziggo.nl,1979-11-11,man,898015418,+31611512013,Eindhoven,93.3,kg,155,gepauzeerd,2025-11-13,typeform
reccSd6YZZpY0PJc7,Elena Vos,Elena.Vos@Protonmail.Com,06/18/1961,F,,06-39635611,Haarlem,79.5,kg,169,actief,2022-04-27,referral
recwGGrYEe4yqraJp,Mei Hendriks,mei.hendriks@kpnmail.nl,1960-10-30,male,780579513,0673987482,Zaandam,150.9,kg,191,Active,2024-01-24,import
recYaUKv2HDlMMSAu,Willem Jones,willem.jones@yahoo.com,1979-08-21,vrouw,783829851,06-97903170,Zwolle,73.0,kg,159,gepauzeerd,2024-01-31,typeform
rec28CR2OuH9vYAR2,Zeynep Petrov,zeynep.petrov@icloud.com,09/16/1978,V,,+31600858155,Breda,101.6,kg,159,ACTIEF,2022-08-08,campaign_expat_2023
recxBlsZLVI9ShbX5,Lotte de Wit,lotte.dewit1@live.nl,1974-10-29,F,,+31621789322,Groningen,102.2,kg,191,active,08-08-2022,typeform
recfZDBJSFIyGgDIv,Fatima van den Berg,fatima.vandenberg1@hotmail.com,03/21/1989,m,452455157,,Nijmegen,81.5,kg,158,Active,06/22/2022,campaign_expat_2023
recxjQ2X1Vq0kxXSg,Eva Wang,eva.wang2@live.nl,1992-09-01,female,246337576,+31618238276,Breda,110.8,kg,162,Active,2024-01-17,referral
reckfMPxGHESYk9wC,Teun Wang,teun.wang@outlook.com,2005-05-18,m,,06-20883784,Nijmegen,72.4,kg,157,Churned,17-01-2023,campaign_expat_2023
recq3rbxXR9J7qLMY,Olga van der Meer,olga.vandermeer@protonmail.com,1972-07-13,Male,592513580,0674482779,Apeldoorn,137.6,kg,181,active,2025-05-15,website
recH3MfL7AncnYHu5,Sophie Brown,sophie.brown@ziggo.nl,2003-01-20,m,539122452,+31620321147,Amsterdam,108.9,kg,196,active,2026-03-09,import
rec7W0LHr70xGOFBj,Lotte Jones,lotte.jones@kpnmail.nl,1996-04-29,man,,06-40944492,Den Haag,78.3,kg,169,churned,2025-10-05,import
recsXAiuCzicFwVGx,Maud Novak,maud.novak@live.nl,01/01/1970,Male,,+31629466951,Nijmegen,131.9,kg,182,actief,11/09/2023,campaign_expat_2023
rechpBETy8nxO0sz3,Kees van den Berg,kees.vandenberg1@yahoo.com,1993-03-25,M,309470274,+31657337229,Zwolle,118.2,kg,173,active,2024-08-18,import
recXDLtmVWyGfUt6S,Thijs Dijkstra,thijs.dijkstra@outlook.com,1977-05-20,M,,06-30783274,Zwolle,115.0,kg,172,ACTIEF,2025-09-21,typeform
reckU28i8z2grKMf6,Marieke Meijer,marieke.meijer@ziggo.nl,1975-07-21,female,125551216,+31611018297,Zaandam,101.1,kg,186,active ,02/23/2023,typeform
recNQWuzme48RMWc1,Femke van der Meer,femke.vandermeer@ziggo.nl,2000-10-05,Male,,+31639438151,Zwolle,64.9,kg,156,Churned,2025-05-05,referral
reccWkruXkqGFxBas,Wei Sharma,wei.sharma@live.nl,1983-05-03,man,143608939,+31644196176,Rotterdam,123.7,kg,179,active,06-05-2023,typeform
recBBNGq6sZeiKkjk,Anna Mulder,anna.mulder@gmail.com,2004-10-09,M,,,Den Haag,80.7,kg,176,active ,2022-03-24,referral
recb08kGEkd5K9kxT,Grace Rossi,grace.rossi@outlook.com,1999-08-18,Female,,06-25536127,Zwolle,138.9,kg,189,Prospect,2025-09-28,campaign_expat_2023
recamcokQxxxLJ3wo,Eva Visser,eva.visser@ziggo.nl,1958-02-25,man,,+31680255387,Zwolle,111.5,kg,194,cancelled,2026-03-16,typeform
rec1ARgQ7THiq4gzR,Bram Smit,bram.smit@live.nl,1980-09-30,vrouw,190437790,+31671404848,Leiden,98.2,kg,189,actief,2024-03-12,referral
recAk4eNhK8YaoPvu,Ruben Rossi,ruben.rossi@ziggo.nl,1966-05-14,m,200905351,+31661422600,Leiden,98.6,kg,168,actief,08/27/2022,website
recgSvuj7dmOhR9SF,Noor Rossi,noor.rossi@hotmail.com,15-07-1993,m,,06-48486963,Dordrecht,99.0,kg,187,ACTIEF,2023-05-15,typeform
recOQMF8sSSUiA8CD,Teun van den Berg,teun.vandenberg@icloud.com,1965-10-28,vrouw,690294141,+31690234031,Breda,111.2,kg,166,new,2023-07-01,typeform
reczsffSqmhYwB8MN,Lotte Smits,lotte.smits@ziggo.nl,1998-12-14,V,,06-14735041,Apeldoorn,65.6,kg,157,Active,2025-01-16,referral
rec74i3QBE7e9ihFW,Lisa Horvat,lisa.horvat@live.nl,1975-08-12,vrouw,,+31656648282,Tilburg,66.8,kg,154,ACTIEF,2024-11-15,import
recZYPM6NPstlI35P,Roos Andersen,roos.andersen@gmail.com,1963-04-28,m,,+31628316951,Eindhoven,101.8,kg,168,churned,11-03-2024,website
rec4v0gihG6gEIlWq,Arjun Ivanov,arjun.ivanov@kpnmail.nl,1958-03-02,M,,,Maastricht,116.0,kg,193,gepauzeerd,2025-12-24,website
recVCsbtwjXUBZYLR,Ahmed Jones,ahmed.jones@protonmail.com,2005-11-25,f,,+31632324138,Breda,108.5,kg,171,Active,2025-07-18,referral
recIJ0tZDyXfz6zQC,Thijs Wilson,thijs.wilson@protonmail.com,1981-10-07,V,857294520,+31640224508,Haarlem,117.9,kg,194,churned,2025-10-10,typeform
recSzPICBjmiYWFAr,Jan de Jong,jan.dejong@outlook.com,1965-11-30,Female,,,Zwolle,145.8,kg,193,Churned,2025-08-01,referral
recZOWpCokMpjwDgV,Luuk Jones,luuk.jones@protonmail.com,1990-11-20,f,625797632,+31686773279,Groningen,86.3,kg,175,active ,2025-10-22,website
recswfHd6wUQU3wEO,Willem Taylor,willem.taylor@gmail.com,1979-05-14,m,,06-88946341,Tilburg,171.3,lbs,162,Churned,2023-10-13,website
rec5SsdwbUgmyLs9v,James de Graaf,james.degraaf@icloud.com,2001-05-03,male,,+31697844628,Maastricht,89.1,kg,169,on hold,03/29/2023,import
rec1mxgtVYjqQuSJD,Fleur Brown,fleur.brown@kpnmail.nl,1969-02-18,f,,06-48406844,Dordrecht,150.1,kg,194,actief,2026-04-03,typeform
recflg2SPfE0FbTR0,Mohammed van Dijk,mohammed.vandijk@protonmail.com,1960-06-07,m,,06-87812542,Leiden,95.4,kg,156,Active,2026-04-03,typeform
reco8ERIjC6AMg23D,Elena Dijkstra,elena.dijkstra@yahoo.com,1982-06-20,Male,,+31660681971,Zwolle,65.8,kg,155,cancelled,2025-09-27,typeform
receygo8CjgPNbPEz,Ahmed Costa,ahmed.costa@kpnmail.nl,1981-05-10,m,,0663514714,Utrecht,69.5,kg,152,opgezegd,2024-06-24,website
recG4j34SCFdoYMf1,Mohammed Costa,mohammed.costa@yahoo.com,1965-12-06,vrouw,,06-46954329,Dordrecht,104.8,kg,181,Active,2026-05-26,website
rec0Me66uzApvI6si,Youssef Petrov,youssef.petrov@kpnmail.nl,2000-02-10,Female,,06-87775808,Amsterdam,72.6,kg,152,churned,2025-02-08,website
recINoxNjemQy1Q2E,Oliver Nowak,oliver.nowak@live.nl,2007-11-28,female,,+31675947340,Apeldoorn,76.2,kg,164,active,2025-08-18,typeform
recZAInZfDw9Bag62,Luuk de Groot,luuk.degroot@ziggo.nl,2006-06-15,Male,,+31670811116,Nijmegen,132.7,kg,197,active,2024-01-01,import
recuKLP7ALcTmoSiX,Willem Smith,willem.smith@ziggo.nl,1976-02-03,female,,+31657370703,Arnhem,332.2,lbs,197,ACTIEF,2024-04-04,campaign_expat_2023
recGfpXOnsWCbrlLF,Anna van Dijk ,anna.vandijk@live.nl,1970-10-25,F,486073270,+31614187188,Dordrecht,124.4,kg,189,Churned,2023-01-07,import
recOU3wDdaUC955J2,Roos Kaya,roos.kaya@protonmail.com,2005-05-18,female,379883545,0609804709,Nijmegen,129.0,kg,187,active ,2024-08-10,website
reclSGV90gurDu28v,Eva Wang,eva.wang@yahoo.com,1989-10-30,V,,+31604356946,Den Haag,103.6,kg,188,Active,2024-06-12,typeform
recNq9KF3qYaE8Uvs,Bram Nair,bram.nair@yahoo.com,1971-07-11,F,101076873,+31637587882,Zaandam,94.8,kg,164,Active,2023-06-21,typeform
recsaodLYKcYwYcjH,Noor El Amrani,noor.elamrani@yahoo.com,2002-04-02,Male,271017080,+31619078473,Apeldoorn,114.2,kg,185,Paused,2025-03-18,import
recKRH73bSqMI50o0,Kees de Boer,kees.deboer@yahoo.com,05/25/2007,V,,06-52136254,Rotterdam,114.1,kg,171,churned,04-08-2022,typeform
recHN7yJPGP8Z7Avm,Piotr de Graaf,piotr.degraaf@protonmail.com,1963-05-04,F,611223934,+31653181421,Maastricht,93.1,kg,160,opgezegd,06/12/2023,typeform
rec2sdGKWVk87Hdc3,Kees Wang,kees.wang@live.nl,1967-04-23,male,,+31636847597,Leiden,147.8,kg,192,cancelled,2026-05-12,referral
rec3NtGgj7t43o36t,Julia Yilmaz,julia.yilmaz@icloud.com,2004-05-31,Female,,+31687267475,Leiden,110.4,kg,191,Prospect,2026-02-26,referral
recLn3yFTpVT39eZ8,James Hendriks,james.hendriks@hotmail.com,1996-08-08,f,,06-35691220,Nijmegen,135.3,kg,191,actief,2024-08-06,referral
recEkKkvXJ8wbSSt8,Amira Andersen,amira.andersen@hotmail.com,1984-09-29,male,,,Almere,,kg,170,active ,10/20/2022,import
recenobPC2XlNPjnz,Lisa de Jong,lisa.dejong@ziggo.nl,01/30/1978,male,686603175,+31608653076,Arnhem,130.9,kg,176,actief,04/04/2022,typeform
rech3Gz1xZlMyAec8,Wei Smits,wei.smits@protonmail.com,07/23/1978,male,,06-60480202,Almere,82.7,kg,158,opgezegd,2024-05-07,campaign_expat_2023
recJV6h9hvnTFtC6t,Ruben Benali,ruben.benali@outlook.com,1991-09-05,vrouw,,06-88782939,Rotterdam,81.0,kg,169,ACTIEF,14-01-2023,campaign_expat_2023
rec25OwXnc8w84D9x,Kees Ricci,kees.ricci@outlook.com,1997-07-05,Male,414926948,06-47628761,Nijmegen,109.6,kg,191,actief,2022-05-28,campaign_expat_2023
recrGHX8TWF4USvV6,Elena Brouwer ,elena.brouwer@gmail.com,1963-10-15,f,,,Maastricht,111.4,kg,169,gepauzeerd,2026-01-18,website
reclKagB3D5fRxjaP,Emily de Jong,emily.dejong@kpnmail.nl,2001-10-29,F,,+31645322514,Almere,125.7,kg,195,active ,2025-02-22,referral
reccShpGf99JPp7Y9,Sem de Boer,sem.deboer@protonmail.com,1994-04-26,F,,06-07330638,Eindhoven,78.4,kg,161,paused,2024-09-07,website
rec5pVT8NBxbmUqs4,Youssef van den Berg,youssef.vandenberg@kpnmail.nl,1999-08-24,male,,+31654135321,Eindhoven,119.2,kg,175,Active,2024-09-20,typeform
recNFRrTp1VM8q7fw,Sem van Dijk,sem.vandijk@gmail.com,1973-07-29,m,,0600935876,Apeldoorn,95.3,kg,182,gepauzeerd,2062-04-07,typeform
recaSHhJNWKb7kpdo,Milan Petrov,milan.petrov@gmail.com,17-02-1997,man,,+31681726425,Zwolle,82.8,kg,156,paused,2023-10-25,typeform
rec8SBjfe7DBJmOJe,Noor Bakker,noor.bakker@ziggo.nl,11/03/1976,M,889524841,,Zaandam,98.7,kg,162,cancelled,2026-02-13,typeform
recw17QClPeHtFQ2V,Sem Nair,sem.nair@kpnmail.nl,23-01-1983,female,,06-13157202,Den Haag,68.2,kg,152,ACTIEF,2022-12-05,typeform
rececr4z1WGXdOTpD,Roos Kowalski,roos.kowalski@hotmail.com,1985-07-15,man,994559495,0655095048,Groningen,,kg,157,ACTIEF,2024-10-23,website
recBoYfb1sL6RbveR,Luuk Chen,luuk.chen@yahoo.com,1959-08-28,man,,+31673191802,Den Haag,114.7,kg,194,Active,2024-11-03,campaign_expat_2023
rec6sqRcb70ZxJtZN,Emre Visser,emre.visser@hotmail.com,1991-07-09,F,,06-83569494,Haarlem,95.4,kg,173,actief,2025-08-02,website
reck8EyZ4q05q4lhq,Amira Nowak,amira.nowak@protonmail.com,1967-12-19,man,,06-76308624,Arnhem,106.1,kg,166,gepauzeerd,2022-03-25,referral
recdMFDUUnOaJN1Hm,Lotte van Leeuwen,lotte.vanleeuwen@hotmail.com,20-05-1960,male,403037475,06-46105593,Apeldoorn,136.7,kg,194,ACTIEF,12/09/2023,import
recUZIJmR6Q8HrW43,Julia Wang,julia.wang@icloud.com,1975-04-14,man,398799805,0647504579,Haarlem,117.3,kg,171,opgezegd,2026-02-10,campaign_expat_2023
recZO13C10Bi8Tcof,Ahmed de Vries,ahmed.devries@yahoo.com,1971-04-22,m,,0647648601,Amsterdam,73.9,kg,154,actief,2025-05-02,website
rec5sUvDOF3AsJUjX,Marieke Andersen,marieke.andersen@gmail.com,1964-02-03,M,,06-21780772,Eindhoven,115.7,kg,190,paused,2025-04-30,typeform
recyv2zTijFSm3dAD,Sem Rossi,sem.rossi@gmail.com,1968-07-27,V,,,Leiden,74.9,kg,153,ACTIEF,2026-04-15,campaign_expat_2023
recKTp8xCr2IiLcBr,Anna Meijer,anna.meijer@yahoo.com,2006-01-20,vrouw,,,Utrecht,94.2,kg,174,active ,27-05-2024,typeform
recy0gZeSQQ9Yc1N0,Annelies Meijer,annelies.meijer@icloud.com,1964-08-22,Female,334824825,06-26292522,Maastricht,89.7,kg,164,active,27-04-2023,website
recFWxtwsIveMCgyq,Priya Smits ,priya.smits@hotmail.com,1965-06-01,female,,0618031902,Zwolle,108.2,kg,187,paused,2026-01-25,campaign_expat_2023
rec6y77rTX3i98gSZ,Emre El Amrani,emre.elamrani@hotmail.com,1998-10-24,V,,0689682260,Tilburg,128.5,kg,177,new,2026-03-06,referral
recmwQULflHUmkVPC,Annelies Benali,annelies.benali@hotmail.com,1985-01-29,F,,+31672048828,Nijmegen,126.3,kg,198,Active,2024-06-25,import
recof3jxr0czjYRlG,Emre Ivanov,emre.ivanov@protonmail.com,2004-10-21,f,,,Utrecht,122.3,kg,182,paused,04/08/2022,campaign_expat_2023
recpQ0kLtT5BOPelQ,Lisa Wang,lisa.wang@gmail.com,01/10/1974,Male,690432173,+31618026288,Delft,83.2,kg,176,active ,2024-12-07,campaign_expat_2023
recJDpF8TvjQgRjYN,Oliver Mulder,oliver.mulder@hotmail.com,1978-05-24,f,221965117,06-90363847,Tilburg,167.1,lbs,167,Active,2024-11-20,import
recDrskeLruD2NfzT,Kasia Dijkstra,kasia.dijkstra@hotmail.com,1991-03-01,female,,06-42975103,Haarlem,83.8,kg,153,lead,09-01-2023,campaign_expat_2023
rec3L1Vtq6ZCYO8o0,Mohammed Meijer,mohammed.meijer@ziggo.nl,1966-06-11,female,272208657,0627901322,Groningen,96.6,kg,190,Active,2025-05-03,referral
rectXYOILHQ3tPBUD,Ahmed Taylor,ahmed.taylor@outlook.com,03/25/1993,f,888929584,+31659379239,Zwolle,85.9,kg,161,churned,2022-03-16,typeform
recnWi4g4ihUXPlB3,Sophie Mulder,sophie.mulder@icloud.com,25-07-1995,female,757345037,+31609411214,Maastricht,73.9,kg,153,on hold,2023-02-24,typeform
recCnLPjcmkhC9rzF,Priya Ivanov,PRIYA.IVANOV@ZIGGO.NL,1973-01-26,M,,06-54158851,Dordrecht,153.4,kg,194,ACTIEF,2023-03-03,referral
recDYjhEnIK30czhI,Olga Sharma,olga.sharma@live.nl,1995-01-07,female,243067896,0672428103,Breda,123.8,kg,191,active ,2024-09-12,campaign_expat_2023
recyyifTkfJiQZXmo,Hendrik de Groot,hendrik.degroot@protonmail.com,1977-01-06,m,,06-26826708,Zwolle,99.5,kg,191,Active,2023-06-10,referral
recnRVI9RQ4EotoPb,Sofia van den Berg,sofia.vandenberg1@gmail.com,1990-01-26,m,,+31661001917,Dordrecht,145.2,kg,191,cancelled,2025-11-06,import
recfmXScIM8mQdaoF,Piotr Vos,piotr.vos@icloud.com,1975-01-23,M,,0647857539,Apeldoorn,106.0,kg,171,actief,2024-06-27,typeform
recNvwr2BnSG7R3cb,Finn Smit,finn.smit@kpnmail.nl,04/18/1983,vrouw,364364014,+31625305458,Amersfoort,125.4,kg,183,on hold,2023-12-09,referral
recyS44JDVQ71L25P,Elena Kowalski,elena.kowalski@gmail.com,1962-11-19,vrouw,,+31645209214,Leiden,125.8,kg,181,ACTIEF,2023-07-14,typeform
rec1JMbjJmd2KqoI3,Ivan Novak,ivan.novak@kpnmail.nl,12/11/1972,V,869942463,06-16236420,Utrecht,89.3,kg,183,active ,2022-04-08,typeform
recJ0BZcm8fqWOAjG,Annelies Yilmaz,annelies.yilmaz@outlook.com,1983-01-29,M,,06-61939395,Amersfoort,108.7,kg,188,churned,2024-10-08,typeform
recjboByhdb2SMNXW,Jan Andersen,jan.andersen@icloud.com,1995-03-03,female,,+31651496563,Maastricht,140.8,kg,182,actief,2023-07-08,campaign_expat_2023
recdry9QNonsTF2Jj,Annelies Brouwer,annelies.brouwer@protonmail.com,2006-03-29,man,229563260,0623497924,Tilburg,107.4,kg,197,ACTIEF,2025-10-21,typeform
recXBQmckmn3eI9kU,Fleur Peters,fleur.peters@yahoo.com,07/24/1968,male,461161825,+31676360635,Eindhoven,129.1,kg,191,cancelled,2024-03-28,referral
rec8VHmaZmYKWI2bS,Olga Brouwer,olga.brouwer1@hotmail.com,1992-10-14,vrouw,,06-32213716,Tilburg,62.2,kg,153,Active,2025-03-29,import
recC7Fc1rVwEH5LGh,Giulia van den Berg,giulia.vandenberg@ziggo.nl,30-06-1970,female,318209019,,Rotterdam,157.8,kg,198,Paused,2022-08-31,website
recLVxPztrAabWiCe,Lucas Peters,lucas.peters@live.nl,11/04/1984,m,777011748,+31604058763,Zwolle,97.3,kg,184,ACTIEF,2026-01-16,website
recnJv8xtww5X7qZy,Femke Vos,femke.vos1@hotmail.com,1986-10-12,f,,0673645416,Den Haag,356.9,lbs,198,cancelled,2025-11-03,referral
recOimIS28OlLDE6H,Fleur Taylor,fleur.taylor@gmail.com,1983-11-09,male,412460907,0673660841,Groningen,81.6,kg,172,opgezegd,2022-11-06,typeform
rec25wNo01O9trySY,Julia Rossi,julia.rossi@icloud.com,1962-07-28,Male,722449689,0686302625,Zaandam,103.5,kg,182,active ,2024-08-18,typeform
recKn8jBDeXwxL7yp,Anna Jansen,n.v.t.,15-06-1970,male,,+31656726647,Den Haag,82.7,kg,152,active ,2024-01-29,typeform
recOABGN0q9wmNObD,Sophie Demir,sophie.demir@live.nl,2008-10-29,m,,06-13565417,Zaandam,125.5,kg,180,Active,2026-03-12,campaign_expat_2023
rec3gxwg7PTidXPaV,Eva Yilmaz,eva.yilmaz@icloud.com,1992-03-31,M,,0650343468,Arnhem,126.3,kg,190,ACTIEF,2024-10-19,typeform
recg0memzIn8kHjIB,Noor Jansen,noor.jansen@icloud.com,1971-01-22,vrouw,813019539,0648790973,Haarlem,95.3,kg,176,Churned,2024-09-06,referral
rec2LxzDL6x93TyyD,Eva Costa,eva.costa@gmail.com,1974-09-07,vrouw,370132087,+31664467153,Groningen,7.8,kg,155,active ,27-02-2023,referral
rec4jjiomXRUUXMOp,Emma Peters,emma.peters1@icloud.com,11/08/1994,V,,+31615069258,Nijmegen,124.7,kg,192,active,2023-10-30,typeform
recAb6fUKsqPX0nmh,Arjun de Graaf,arjun.degraaf@icloud.com,1983-10-03,Male,,+31681329465,Apeldoorn,76.6,kg,156,Prospect,2025-02-03,website
recCfi4tgPojS3Jtg,Daan Dijkstra ,daan.dijkstra@ziggo.nl,26-07-1958,F,804750105,06-78611646,Dordrecht,135.7,kg,185,actief,20-01-2024,import
recN7f1nlrPpwNuqy,Emily Ricci,emily.ricci@kpnmail.nl,1958-01-05,m,580866995,+31625385081,Nijmegen,138.3,kg,187,cancelled,2025-09-15,referral
recsTyJI4nkWeM8I9,Levi Horvat,levi.horvat@live.nl,1967-12-29,female,,+31694338676,Amsterdam,130.9,kg,184,on hold,2025-04-29,website
recTRmEz0hP8YmBAq,Lotte Kowalski,lotte.kowalski@protonmail.com,1994-11-09,V,,+31636319007,Amersfoort,81.2,kg,172,ACTIEF,2022-11-05,typeform
reclOdAckuN0Vq82N,Daan de Groot,daan.degroot@live.nl,1998-09-21,man,,+31620633904,Nijmegen,84.9,kg,171,active,11/17/2022,typeform
recGq4arP64kmCUpt,Fatima Brouwer,fatima.brouwer@protonmail.com,22-02-1989,male,,+31608168760,Rotterdam,142.9,kg,193,ACTIEF,24-07-2022,typeform
recoerw8YItEnBdMt,Jesse Wang ,jesse.wang@gmail.com,1980-08-24,vrouw,958107397,,Almere,117.9,kg,192,Paused,2025-06-15,import
rec8JQwNvabfcYQTU,Femke Nowak,femke.nowak@ziggo.nl,1965-10-02,man,,+31656180775,Groningen,86.0,kg,154,churned,2026-03-31,website
recKT5aGrGpFrj8UM,Willem Ricci,willem.ricci @icloud.com,08/17/1999,V,,06-22271284,Zaandam,102.9,kg,157,actief,2023-08-02,referral
recza2Bic4zp1Kppx,Willem Wang,willem.wang@ziggo.nl,1962-08-13,f,953464295,+31639174513,Arnhem,,kg,191,paused,2024-08-08,website
recyDPBCK3IkcMYE8,Annelies Smit,annelies.smit@outlook.com,1977-05-08,female,498057677,+31644338179,Zwolle,,kg,193,opgezegd,2025-03-22,import
recIjbenzqLyKOMVF,Arjun Andersen,arjun.andersen@gmail.com,1997-11-08,Male,,+31668991296,Eindhoven,135.9,kg,187,Active,2024-06-14,website
recUUWZVTl9FXliHk,Priya Brouwer,priya.brouwer@ziggo.nl,1973-09-05,m,323284206,06-95773806,Tilburg,,kg,193,churned,2024-04-19,campaign_expat_2023
rechP7iIDmABFhd2r,Zeynep van Dijk,zeynep.vandijk@ziggo.nl,1989-07-15,vrouw,,+31616668722,Amsterdam,105.4,kg,166,cancelled,2026-04-06,campaign_expat_2023
recx2ga3iODXlXtO5,Gijs van Leeuwen,gijs.vanleeuwen@outlook.com,2002-10-29,Female,,+31637979465,Leiden,116.5,kg,176,ACTIEF,2024-05-09,typeform
recfeJBc6Kpb7qaHs,Fleur Smits,fleur.smits@kpnmail.nl,1995-04-21,F,,0640505025,Zwolle,79.7,kg,172,ACTIEF,2023-09-08,referral
recBS5b5jukpTNUfd,Maud van den Berg,maud.vandenberg1@icloud.com,1971-12-06,f,,06-17257120,Maastricht,116.8,kg,182,churned,2024-10-24,campaign_expat_2023
recF4PIuonNgqpCOB,Ahmed van den Berg,ahmed.vandenberg@live.nl,1975-05-17,V,,06-95239406,Arnhem,62.7,kg,154,active,2026-06-01,campaign_expat_2023
recoAFtsmwHoplqzE,Youssef Novak,youssef.novak@yahoo.com,1999-10-21,V,132644642,0621482066,Eindhoven,104.1,kg,168,active,2025-06-03,referral
reciiIeUCfMGiAqr5,Mohammed de Vries,mohammed.devries@protonmail.com,1961-01-27,M,,,Dordrecht,150.3,kg,198,ACTIEF,2024-08-31,typeform
recTmIbFDQWZFurza,Lucas Rossi,lucas.rossi@yahoo.com,10/26/1978,male,,06-37716318,Maastricht,154.7,kg,195,active,2022-08-15,typeform
recOPNB6W12Q9LFuN,Olga van der Meer,olga.vandermeer@hotmail.com,1962-05-26,vrouw,,+31639245132,Zaandam,89.9,kg,184,actief,2026-05-10,import
rechkJHrHys12tCzP,Hendrik Vos,hendrik.vos@gmail.com,1993-08-12,male,235142463,06-45072731,Leiden,97.4,kg,164,Churned,07/14/2023,typeform
recwD02PhAaOaDeE6,Luuk Novak,luuk.novak@kpnmail.nl,1977-09-12,Female,,+31694355685,Delft,88.8,kg,184,active ,2023-02-21,typeform
recatHQUtt56RU4D8,Arjun Ivanov,arjun.ivanov@protonmail.com,1968-01-01,man,353841663,+31683545712,Eindhoven,84.2,kg,166,opgezegd,2026-03-24,typeform
recfV6sNje19LyBcf,Grace Jansen,grace.jansen@hotmail.com,1968-02-14,M,,,Leiden,100.4,kg,172,Active,2026-05-23,import
recf90cv6ev5LNogi,Finn Kowalski,finn.kowalski1@ziggo.nl,1975-07-15,male,421950286,06-97331653,Zwolle,130.9,kg,177,actief,2025-01-22,website
recq3j6NR9ZzuHtO1,James de Boer,james.deboer1@kpnmail.nl,1984-01-07,vrouw,,06-66835889,Dordrecht,106.6,kg,172,Active,2025-06-18,import
recsQhWywoAa94LrN,Grace van der Meer,grace.vandermeer@ziggo.nl,1989-05-19,f,,+31641653793,Zwolle,79.4,kg,154,ACTIEF,2025-10-09,import
reclqCoyfCn17mpK8,Youssef Sharma,youssef.sharma@yahoo.com,1978-12-05,male,,+31660151737,Zwolle,109.9,kg,186,ACTIEF,2025-06-13,typeform
reciYCN7kqFE873KQ,Wei Dekker,wei.dekker@ziggo.nl,2004-01-28,Male,,06-62612695,Rotterdam,87.8,kg,156,Churned,2023-02-02,typeform
recFKkuZPLIy07kXX,Emre Bakker,emre.bakker@hotmail.com,1992-09-24,V,,+31665167579,Apeldoorn,85.3,kg,157,ACTIEF,2023-04-24,campaign_expat_2023
recnYLzCT1BYZhkou,Oliver Sharma,oliver.sharma@icloud.com,30-08-2004,Male,,+31627351625,Groningen,152.6,kg,197,on hold,16-07-2022,typeform
recLb3B03huYCKP8W,Femke de Wit,FEMKE.DEWIT@ICLOUD.COM,1968-11-21,f,623505824,06-26943339,Utrecht,151.9,kg,198,cancelled,02-05-2024,referral
recfDxsYIefTbIM9U,Gijs Jansen,gijs.jansen@live.nl,1984-12-18,Male,,+31621084790,Tilburg,70.1,kg,164,active ,2025-11-10,website
rec8SKKapbKTUt3L3,Noor van Dijk,noor.vandijk@yahoo.com,1989-08-06,F,259978814,06-81754636,Nijmegen,97.5,kg,155,active,2024-07-21,website
rec1cKwMTRdiKrChQ,Roos Vos,roos.vos@live.nl,04/20/1999,F,485276264,0618180287,Arnhem,98.6,kg,177,ACTIEF,06/26/2023,typeform
recYqJkIzdFXIbnkP,Luuk Smit,luuk.smit@hotmail.com,1976-01-15,F,644740450,+31691401057,Amersfoort,89.9,kg,164,prospect,2022-05-23,typeform
rec32h0ATm2TF1nTw,James Wilson,james.wilson@hotmail.com,20-04-1986,f,148693751,06-67723692,Apeldoorn,104.6,kg,186,opgezegd,2023-11-20,website
recMrFralJSM47B6w,Piotr Vos,piotr.vos@kpnmail.nl,1966-06-22,F,192265349,06-59109130,Rotterdam,69.0,kg,153,cancelled,2024-08-01,typeform
recXXgivgwmqyxRvw,Deniz Smith,deniz.smith@kpnmail.nl,1978-09-26,Male,,06-89964047,Breda,90.7,kg,159,Churned,02-05-2023,campaign_expat_2023
recBCFYiS38RmQHkQ,Annelies Visser,annelies.visser@hotmail.com,1980-12-29,f,,+31623859535,Groningen,95.9,kg,181,Prospect,2022-10-10,typeform
recx82CdUnIKsl8Fn,Sem Kaya,sem.kaya@kpnmail.nl,09/23/1983,V,,0625232072,Haarlem,91.5,kg,181,actief,2022-09-11,typeform
recazRRtCnREjS8pW,Marco Andersen,marco.andersen@ziggo.nl,1962-07-21,man,,+31668296299,Leiden,74.1,kg,166,churned,2024-08-28,referral
recoXcWFyECrRgAIB,Youssef Smith,youssef.smith@ziggo.nl,1963-07-02,m,345619328,0629173228,Amersfoort,139.1,kg,197,ACTIEF,2026-02-22,typeform
recux3IQtdD8Szoii,Levi Rossi,levi.rossi@protonmail.com,1967-11-25,Female,442379997,+31685426775,Nijmegen,129.3,kg,179,Active,2023-04-27,campaign_expat_2023
rec5IOH7QiQ3Be3JG,Maud de Vries,maud.devries@outlook.com,28-08-1975,V,,06-33907359,Amsterdam,114.8,kg,167,active ,2022-04-26,campaign_expat_2023
recToWHYM8MQstB3h,Elena Chen,elena.chen@ziggo.nl,1982-05-29,vrouw,,06-90463893,Almere,109.9,kg,191,opgezegd,02/25/2023,import
recTscO2Xz9FMQk5A,Kees Visser,kees.visser@yahoo.com,1965-03-24,M,640853936,+31661869455,Haarlem,86.7,kg,164,churned,2023-02-08,import
recZxT1VrH0ZAj3Q0,Eva Kowalski,eva.kowalski@icloud.com,1959-10-20,vrouw,,06-97937694,Haarlem,103.0,kg,167,ACTIEF,2022-11-10,import
reclWG2SHXBc2NFkJ,Ivan Kowalski,ivan.kowalski@yahoo.com,2006-02-15,F,918623054,+31652960243,Delft,106.2,kg,191,actief,2025-06-04,import
recRVGwIeN46x69E5,Emma Jansen,emma.jansen@hotmail.com,1977-02-04,F,,06-28657152,Apeldoorn,107.6,kg,176,Active,2025-07-17,website
rec6utPAsQQBQydNr,Arjun Kowalski,arjun.kowalski@outlook.com,1970-03-02,Male,,+31633880469,Zaandam,,kg,187,Churned,2025-04-14,typeform
recp2xT8PaW2wbjb0,Youssef Smits,youssef.smits@yahoo.com,1988-10-15,F,,0682734682,Amersfoort,131.9,kg,182,active ,2022-03-04,campaign_expat_2023
recM35O4Tk1Nu5PW8,Amira van Dijk,amira.vandijk@outlook.com,1983-10-20,M,,0617272738,Eindhoven,90.6,kg,177,Prospect,2026-02-14,typeform
recSni4Z7mqXejHgf,Milan Yilmaz,milan.yilmaz@outlook.com,1990-05-06,M,,06-37324483,Almere,69.2,kg,160,prospect,2026-05-17,referral
reczlniZep6RIepjn,Noor Peters,noor.peters@protonmail.com,21-06-1997,V,,06-43896347,Rotterdam,,kg,155,paused,2023-12-29,typeform
reclBYTmIAaom2Dx9,Sofia Benali,sofia.benali@icloud.com,1984-09-20,F,356508882,0666356094,Maastricht,118.9,kg,184,ACTIEF,2025-05-06,website
recnsb0d8VZmzID2k,Priya Costa,priya.costa@gmail.com,1986-05-09,F,336318224,06-61494455,Zwolle,134.0,kg,182,opgezegd,2023-07-30,campaign_expat_2023
recrV7AECsQMQBDkZ,James Kaya,james.kaya@hotmail.com,10/28/1966,F,102575113,0668380862,Almere,67.3,kg,156,cancelled,2022-04-07,campaign_expat_2023
rec4VnelwIPMtMvkD,Femke Smith,femke.smith@outlook.com,1992-01-31,Male,663347014,+31656552925,Amersfoort,98.2,kg,180,paused,2024-03-29,website
recGsMnUZ256epED3,Jesse de Jong,jesse.dejong@protonmail.com,1980-08-08,f,,+31685467992,Breda,88.7,kg,178,actief,2025-08-15,referral
recyUP5cMpqzBbCGJ,Femke Smit,femke.smit@live.nl,1963-03-23,Male,,0641314171,Delft,120.1,kg,181,Paused,2024-03-06,import
recrji0nd3KzVGPAJ,Oliver Smith,oliver.smith@kpnmail.nl,1975-09-23,vrouw,,+31601792016,Zaandam,161.4,kg,196,paused,2026-03-03,website
reck1KTfclcPaeet2,Anna El Amrani,anna.elamrani@live.nl,04/04/2005,Male,182906784,+31642836581,Apeldoorn,89.0,kg,182,active,08/09/2023,import
recERYBYesC6O6EGI,Giulia Petrov,giulia.petrov@gmail.com,2002-09-03,Female,,+31609673479,Nijmegen,133.5,kg,189,opgezegd,2026-01-08,referral
rec4Y32CAcGt2vxNa,Mei van den Berg,mei.vandenberg@ziggo.nl,1996-07-22,vrouw,,06-49881910,Zaandam,98.4,kg,164,ACTIEF,2025-09-08,campaign_expat_2023
recstjSDkG3BeGVBh,Den de Jong,deniz.dejongx@live.nl,1974-07-04,Female,,+31644085028,Leiden,88.7,kg,171,opgezegd,2022-05-21,import
rec6GH7wJn9tZw4c9,Marieke Brouwer ,marieke.brouwer@yahoo.com,1987-09-11,M,,06-19194344,Rotterdam,101.4,kg,159,actief,2025-05-30,import
recRy4vov63yoWZwB,Maud Chen,maud.chen@yahoo.com,12/15/1989,Female,973318880,+31663613957,Dordrecht,152.5,kg,191,paused,11-09-2022,import
recAXV70C1eKcNRE1,Sem Jansen,sem.jansen@ziggo.nl,1979-02-24,m,,0604931082,Leiden,68.6,kg,159,opgezegd,2023-11-06,import
recrOSJTaYdY5M76v,Femke El Amrani,femke.elamrani@protonmail.com,1976-02-07,m,,+31611312877,Utrecht,95.1,kg,188,actief,2022-09-12,website
receHqJjSGhhWPBKL,Emily de Groot,emily.degroot@yahoo.com,1966-05-20,M,146628214,06-80031014,Leiden,100.3,kg,187,ACTIEF,2022-03-19,campaign_expat_2023
recXDLUBopdQ0TA9x,Ahmed Wilson,ahmed.wilson@live.nl,03/09/1958,F,,+31638768081,Zwolle,242.9,lbs,172,on hold,21-04-2022,website
reczF0pTn1j09jw7a,Olga Meijer,olga.meijer@protonmail.com,2001-09-15,female,888420924,+31633360098,Zwolle,79.8,kg,162,Paused,2025-09-30,typeform
recS9ZxNxTJmnktEx,Olga Sharma,olga.sharma@gmail.com,1969-11-06,man,,0661782574,Zwolle,72.3,kg,155,Active,2025-07-23,website
recC9a3oA8y8v7SV9,Kasia Mulder,kasia.mulder@ziggo.nl,2005-09-27,male,,+31673202917,Dordrecht,122.2,kg,178,actief,2024-10-24,website
recKje3yB1YEBG41F,Emily Smith,emily.smith@hotmail.com,1967-12-31,V,,+31605687711,Groningen,98.1,kg,177,Prospect,2026-02-11,typeform
recuxPzfS6RR5CbPD,Deniz Hendriks,deniz.hendriks@gmail.com,1962-06-08,vrouw,,06-25948931,Amersfoort,117.3,kg,173,ACTIEF,2025-01-29,campaign_expat_2023
recbKh9iRf1tWZrV6,Marco Mulder,marco.mulder@kpnmail.nl,07-03-1981,Female,,06-17180078,Nijmegen,98.3,kg,189,Prospect,2024-05-08,import
rece4efEiEet1CV5k,Youssef Dekker,youssef.dekker@gmail.com,1971-11-10,M,261410064,+31631814591,Arnhem,127.6,kg,175,active,18-10-2022,typeform
rec3ATYdvetMZyhig,Sem Dekker,sem.dekker@ziggo.nl,1998-06-17,M,,06-74571135,Amsterdam,108.2,kg,189,actief,03/03/2022,referral
rec6FGcS4CnhcLXZy,Marieke Smits ,marieke.smits@outlook.com,1958-07-13,Male,,+31645511064,Dordrecht,103.2,kg,183,Prospect,2023-07-31,typeform
recyWxokjG7jFHqxo,Lisa Peters,lisa.peters@protonmail.com,1963-01-16,female,388889469,06-71408161,Arnhem,145.2,kg,185,Churned,2024-10-21,website
recvfcF43avdyUwgl,Emily Brouwer,emily.brouwer1@gmail.com,2007-09-02,m,530184886,06-39935814,Amersfoort,106.1,kg,177,ACTIEF,2025-02-14,referral
recXdvazFjlyDzOA4,Willem Brown,willem.brown@hotmail.com,1984-01-26,m,,0636546180,Groningen,123.2,kg,186,Churned,15-08-2023,import
recfaagfpYgl3jLdo,Kasia de Wit,kasia.dewit@kpnmail.nl,03/05/1992,Male,,+31677841860,Den Haag,108.8,kg,178,Active,14-02-2024,typeform
recYRsfqtzWp1qdFg,Wei Demir,wei.demir@icloud.com,1979-11-25,f,333470655,06-00169723,Dordrecht,246.7,lbs,169,active ,2024-07-26,typeform
recec7zaQXN4p5JqD,Noor Ivanov,noor.ivanov@ziggo.nl,1969-06-13,Female,272075565,+31637982470,Groningen,84.4,kg,161,Active,2025-01-22,typeform
reccxCdJbufhmqU3R,Milan Dekker,milan.dekker@yahoo.com,1985-02-14,m,,+31656435430,Nijmegen,106.7,kg,187,lead,2025-07-01,import
recPFQiHhvhSPbtSV,Kasia Kowalski,kasia.kowalski@gmail.com,1960-05-27,F,,06-80669540,Nijmegen,79.3,kg,170,gepauzeerd,2023-12-01,typeform
recO1F9HKmxD4ndio,Daan Jansen,daan.jansen@live.nl,05/30/1979,M,,+31633783983,Utrecht,91.5,kg,176,actief,04/23/2022,website
reclfiIphEDIxoOBE,Jesse Novak,jesse.novak@protonmail.com,1969-09-23,Female,,,Delft,90.9,kg,169,cancelled,2023-10-06,import
recAkrZO8u92VFlMK,James Dekker,james.dekker@kpnmail.nl,2007-05-10,m,,+31623828771,Maastricht,71.0,kg,160,Paused,2026-03-09,campaign_expat_2023
recxPvMsfmv8QsYFX,Ivan Smit,ivan.smit@yahoo.com,1985-12-19,F,950134582,06-01851867,Zaandam,111.8,kg,168,Prospect,2024-11-17,typeform
recy5iNpuHPtqL7dq,Wei Jones,wei.jones@protonmail.com,2006-12-19,V,152795777,,Breda,137.3,kg,188,active,09/03/2022,campaign_expat_2023
receIXpdfmdqKZoLb,Marieke Dijkstra,marieke.dijkstra@icloud.com,1960-02-10,female,,+31675947481,Utrecht,151.8,kg,190,churned,2024-06-12,typeform
rec42UzpxUHOs7zpb,Jan Brouwer,jan.brouwer@hotmail.com,1968-06-24,man,,0653742289,Rotterdam,65.0,kg,157,active,2022-04-29,typeform
rec1PDDkLiXbsVVNx,Gijs Rossi,gijs.rossi@kpnmail.nl,1993-09-18,M,,06-83074451,Delft,111.7,kg,165,actief,2022-05-21,referral
reccBxW6rCPQwlVeO,Deniz van den Berg,deniz.vandenberg@icloud.com,08-09-1997,V,,+31635648823,Nijmegen,101.9,kg,162,lead,2023-07-10,campaign_expat_2023
reczmeJQX9Za7IEXk,Thijs Nair,thijs.nair@hotmail.com,1996-05-24,female,,06-50069341,Maastricht,162.0,kg,196,active ,2023-06-23,referral
recFPvFKW96WYPkLf,Olga Vos,olga.vos@live.nl,1986-03-29,Female,410810368,06-61738929,Almere,100.0,kg,185,Active,2025-05-31,typeform
rec3H4r51Puru1kwN,Lisa de Groot,lisa.degroot@protonmail.com,1960-11-18,Female,,06-46024523,Utrecht,112.6,kg,191,ACTIEF,2025-07-22,website
recUxcmFkz5H36paf,Priya Ivanov,priya.ivanov@yahoo.com,2001-10-21,Female,674112131,06-30462445,Amsterdam,137.1,kg,192,Active,2025-03-25,typeform
recwhYzE8Q2teivWv,Sem Horvat,sem.horvat@kpnmail.nl,1974-07-01,M,,+31675747002,Apeldoorn,103.4,kg,164,actief,03/10/2022,campaign_expat_2023
recoHx1cv0occ856h,Sanne Petrov,sanne.petrov@gmail.com,20-10-1994,F,,06-69115696,Eindhoven,130.7,kg,180,active,2022-06-13,typeform
recI7Bqo4ELQFSu3w,Femke de Jong,femke.dejong@protonmail.com,1978-06-14,f,,+31649547894,Dordrecht,116.4,kg,187,active ,2025-10-22,typeform
rec7Z5yczRU1Z7viD,Ruben Smith,ruben.smith@live.nl,1986-02-11,F,608394774,+31691248046,Utrecht,145.2,kg,193,cancelled,2024-10-24,website
recB338HKNnof9bDS,Oliver van Dijk,oliver.vandijk@gmail.com,1990-11-11,V,,06-92986288,Zaandam,99.2,kg,185,active ,2025-01-25,typeform
recmCDEAiZuFf4myU,Lisa van Leeuwen,lisa.vanleeuwen@live.nl,14-09-1966,vrouw,,+31669355682,Delft,94.3,kg,156,Active,12/25/2022,website
recyyafZ4ikjivsDz,Annelies Yilmaz,annelies.yilmaz@icloud.com,03/10/1963,man,480563068,+31606350725,Eindhoven,125.2,kg,178,churned,2023-12-21,import
recGtQhWuQDGqnMkN,Willem Jansen,willem.jansen@outlook.com,1964-12-28,M,901142396,+31631649288,Tilburg,139.0,kg,197,active ,2022-07-07,referral
rechmuPCybu0EmYUw,Fatima Jones,fatima.jones@gmail.com,08-06-1965,Male,,06-97231830,Eindhoven,134.1,kg,184,churned,2022-11-03,import
recikJmQNUdb87tCU,Lucas Bakker,lucas.bakker@icloud.com,1985-08-13,m,670521553,+31617802181,Rotterdam,119.8,kg,178,actief,10/27/2023,typeform
recBcK9p8oaIm9GIb,Femke Yilmaz,femke.yilmaz@protonmail.com,1989-05-04,f,795491645,06-58389143,Delft,89.8,kg,160,active,2025-05-15,campaign_expat_2023
recmzZNoWa8OPs9tC,Hendrik Wang,hendrik.wang@protonmail.com,1986-03-04,m,791907223,+31679634950,Den Haag,111.0,kg,173,active,2025-04-11,import
recgdoJVWxbv7ehY6,Levi Jansen,levi.jansen@live.nl,2003-09-14,f,,,Amersfoort,110.6,kg,174,Churned,2025-02-02,typeform
recL1Yaaxz7wiWJQ7,Arjun Dijkstra,arjun.dijkstra1@ziggo.nl,1964-07-23,man,,+31619289502,Leiden,115.7,kg,185,ACTIEF,2025-09-07,typeform
recyXK6TOIWi8QnMz,Daan Bakker,daan.bakker@protonmail.com,1989-05-27,V,,06-19931641,Dordrecht,129.8,kg,175,active,06-02-2023,campaign_expat_2023
recjelHYgO9qKAEH2,Daan Bakker,daan.bakker@outlook.com,1975-10-21,Male,161596359,,Utrecht,120.2,kg,192,churned,03-12-2023,import
recu8PQIWo7Y9nyyg,Willem de Boer,willem.deboer@live.nl,1975-04-08,Male,675061003,06-76292719,Breda,102.3,kg,166,on hold,2026-03-29,typeform
recshe0wl16wDZxY3,Fleur de Groot,fleur.degrootx@yahoo.com,1977-06-12,f,792982940,06-04924359,Nijmegen,107.6,kg,198,actief,2022-04-08,campaign_expat_2023
recir8CM6MGWVo9Nv,Annelies Smit,annelies.smit@kpnmail.nl,08-11-1994,Male,307604743,06-70777582,Eindhoven,93.9,kg,158,churned,2023-04-21,campaign_expat_2023
recKKBEWZtVwF7X4f,Wei Petrov,wei.petrov@ziggo.nl,08-02-1958,V,,+31683391931,Tilburg,130.2,kg,193,churned,2023-06-13,import
recVfJqi1gKLYVyRe,Daan van der Meer,daan.vandermeer@ziggo.nl,1962-01-12,man,,06-85645858,Haarlem,116.6,kg,180,Active,2025-02-09,import
recrukj9IdB5EaqRy,Lucas Wilson ,lucas.wilson@protonmail.com,1994-05-28,Male,323031274,+31619772921,Apeldoorn,126.4,kg,180,active,2026-05-15,referral
recC7G1emjtvYpmDf,Emre Taylor,emre.taylor@kpnmail.nl,2007-12-06,V,,,Zaandam,82.4,kg,157,ACTIEF,2026-03-29,referral
recUInw0soLFxZqYQ,Annelies Smits,annelies.smits@hotmail.com,1995-10-16,male,,+31665791191,Eindhoven,120.3,kg,173,active,2026-03-19,typeform
rec98eFKzzfIYBJQh,Bram Horvat,bram.horvat@hotmail.com,08/18/1971,M,140716701,,Eindhoven,72.3,kg,155,paused,07-09-2023,campaign_expat_2023
recRPUJLIEdtaFJ1M,Amira Nowak,amira.nowak1@live.nl,1992-12-22,male,,06-94382076,Almere,85.7,kg,166,Churned,2024-12-11,website
recXPzfYsFC9dfw0j,Kees Novak,kees.novak@yahoo.com,2004-03-12,vrouw,,06-26015322,Dordrecht,105.2,kg,176,prospect,2024-12-09,typeform
recRjN1IU6Ta6OlyV,Jan Dijkstra,jan.dijkstra@live.nl,1987-09-11,female,436959732,06-70094154,Almere,106.1,kg,162,cancelled,2024-11-01,typeform
reclDxeosI1qXFpe8,Marco Smith,marco.smith@hotmail.com,1996-07-20,F,,+31699666849,Arnhem,98.6,kg,156,ACTIEF,2025-03-18,import
rec4TGRbzosdrVAm9,Sofia Novak,sofia.novak@yahoo.com,09/06/1968,Female,,+31690767638,Rotterdam,97.5,kg,158,ACTIEF,04-05-2023,referral
rec3DIY6Dn7PAUYhm,Sem de Jong,sem.dejong@kpnmail.nl,1982-08-13,F,532673463,+31664414157,Rotterdam,99.9,kg,159,Paused,2023-10-26,referral
recxRZmPEc2AZZylT,Giulia Mulder,giulia.mulder@protonmail.com,1973-02-04,male,,+31607487655,Utrecht,118.9,kg,182,Prospect,2024-10-14,website
recc6kFpxRp5MlZ5q,Jan Nair,jan.nair@protonmail.com,10/01/1976,Male,,0677397570,Apeldoorn,103.5,kg,180,actief,03/02/2024,import
recgGPSFUWYnhf94o,Luuk-L Dijkstra,luuk.dijkstrax@live.nl,05-11-1959,V,206207499,0610735432,Zwolle,109.2,kg,187,new,2022-11-11,typeform
recGFrZy8JiAdOJTk,Deniz Rossi,deniz.rossi@hotmail.com,2001-01-02,Female,230610031,0649518449,Den Haag,105.7,kg,172,Prospect,2025-12-26,website
recLdLR5r9a6LAGk7,Fatima Rossi,fatima.rossi@icloud.com,07/15/1960,female,,06-68716017,Maastricht,106.0,kg,164,active,05/12/2023,typeform
recmnRXRw6dlFshKJ,Ann Dekker,annelies.dekkerx@protonmail.com,12-12-1989,Female,,,Amsterdam,159.5,kg,197,churned,11/07/2023,typeform
rech5XqWh5T2g4tcg,Noor Chen,noor.chen@icloud.com,2003-03-13,male,331076378,+31690417355,Amersfoort,106.3,kg,175,gepauzeerd,30-11-2023,campaign_expat_2023
reck1QvKDBpU5XeK0,Sofia de Wit,sofia.dewit@icloud.com,1966-12-29,f,797606762,0699901110,Zaandam,138.8,kg,188,actief,2026-03-01,typeform
recqa6y0W0dylzBaK,Elena Kowalski,elena.kowalski@live.nl,2002-05-12,f,,+31699539697,Apeldoorn,106.2,kg,163,new,2025-08-09,typeform
recWTSXkoc6NuOLmT,Sophie Smit,sophie.smit@hotmail.com,2002-02-21,male,413232980,+31608766058,Haarlem,138.3,kg,184,churned,2024-12-27,website
recfgRnb9BxNu3Mqw,Sophie de Boer,sophie.deboer@live.nl,1974-10-29,Male,,0620350317,Haarlem,97.2,kg,168,active,2025-12-14,import
rec6vxvXmQumPggt9,Mei Benali,mei.benali@yahoo.com,1980-07-22,F,226399047,0626957762,Arnhem,129.1,kg,186,actief,2025-02-07,website
recKNag6zZqOHAyAf,Giulia Jones,giulia.jones@yahoo.com,1964-08-08,F,,06-23183147,Tilburg,127.1,kg,180,active ,2023-08-05,import
recQTzhsUNuUBgvA2,Emma Visser,emma.visser1@hotmail.com,1993-05-25,male,216557422,0650931639,Eindhoven,,kg,167,active,2026-06-15,referral
recACUsyiYFE5uCuY,Sem Dekker,sem.dekker@icloud.com,12/11/1972,Male,,06-33145046,Rotterdam,137.4,kg,197,actief,08/23/2022,campaign_expat_2023
recavhnskcJDt3xjv,Levitje Dekker,levi.dekkerx@icloud.com,05/17/1999,M,,+31641309248,Tilburg,139.4,kg,186,lead,01-02-2024,import
recsQQl3nYLKMmznf,Daan Meijer,daan.meijer@kpnmail.nl,1998-07-22,M,,+31609447748,Utrecht,101.9,kg,191,active ,2023-10-02,typeform
recKF7UX0NJtXE7Ix,Femke Vos,femke.vos@protonmail.com,1972-07-02,Female,,0674643237,Den Haag,104.1,kg,157,new,2025-06-25,typeform
recMoXB1MO7NWr5Zb,Ivan El Amrani,ivan.elamrani@gmail.com,05/21/1997,female,143128346,+31637080949,Haarlem,95.7,kg,178,ACTIEF,2023-10-16,typeform
rectwPlAcmspiMQ5e,Finn van der Meer ,finn.vandermeer@kpnmail.nl,28-10-1966,male,,06-85464669,Rotterdam,65.2,kg,155,prospect,09/01/2022,typeform
recm0JO3u0xXaRfqp,Wei de Boer,wei.deboer@live.nl,2002-10-29,Male,848775478,06-79853550,Eindhoven,124.4,kg,190,Active,2022-08-16,website
recJWfKIg9RwDkCPb,Priya Vos,priya.vos@protonmail.com,1997-06-01,man,,+31693397904,Tilburg,145.1,kg,189,Active,2025-12-06,website
recFovg54vVJw2Qps,Emily Taylor,emily.taylor@yahoo.com,2001-10-04,f,,06-00905450,Arnhem,71.3,kg,163,actief,03/15/2022,referral
recAwDtyMheINcgzg,Femke Smith,femke.smith@hotmail.com,1968-09-23,female,759659989,06-62743629,Zwolle,72.6,kg,162,ACTIEF,2022-03-03,typeform
reciAQ5Rrhfqjto9K,Bram Ivanov,bram.ivanov@icloud.com,1999-04-22,m,,+31607977120,Almere,81.1,kg,158,Active,08-03-2022,import
recoXUCnu22Go88o5,Sophie Jansen,sophie.jansen@yahoo.com,1998-05-10,m,,+31699135841,Dordrecht,123.3,kg,189,active,2026-04-01,typeform
recLOluhlMFRSlrQI,Lotte Smits,lotte.smits@protonmail.com,06-04-1962,male,,06-47141721,Dordrecht,102.4,kg,159,paused,2023-09-30,typeform
recSrdHjgtgtp7g2K,Wei Vos,wei.vos@ziggo.nl,09/08/1979,M,,,Eindhoven,,kg,171,new,02-06-2022,website
rec4YmPwSqbuQUigx,Grace Vos,grace.vos@ziggo.nl,1965-03-23,man,,06-69914341,Leiden,117.3,kg,167,active ,2022-07-27,website
recqYDsjNzhOKJwCP,Daan Visser,daan.visser@outlook.com,1970-07-13,vrouw,645817363,+31642605273,Rotterdam,142.6,kg,188,cancelled,22-07-2023,typeform
recc3s2EVHQ5hyQDm,Luuk van Dijk,luuk.vandijk1@protonmail.com,1974-05-29,M,905503363,+31628851611,Arnhem,111.8,kg,181,actief,2025-05-08,referral
recUwvkQDJyvnOQqs,Sofia Wilson,sofia.wilson@live.nl,2001-07-05,male,292177926,06-69789786,Amersfoort,128.1,kg,197,ACTIEF,2025-01-30,website
recuxTPhhIua4yM2e,Marco Benali,marco.benali@ziggo.nl,1973-09-05,V,316806730,06-24242610,Haarlem,81.7,kg,156,active,2022-12-08,typeform
recgLD1MOz1ERJtA9,Amira Andersen,amira.andersen@kpnmail.nl,1978-09-18,female,403008529,06-03049308,Zaandam,,kg,180,actief,2026-06-20,import
recUZJ772xrVQuClu,Eva Brown,eva.brown@outlook.com,1962-01-15,vrouw,,,Amersfoort,96.3,kg,152,cancelled,03/28/2024,website
recazxNOLa2Dp1udr,Sanne Benali,sanne.benali@kpnmail.nl,1964-11-09,vrouw,,0623279738,Utrecht,68.3,kg,161,active,2022-07-02,typeform
rec6jLTX7BGlQ4q30,Luuk Bakker,luuk.bakker@outlook.com,1969-03-25,V,,06-88860801,Dordrecht,150.5,kg,192,paused,2025-02-22,campaign_expat_2023
recAKp21pfOFWZNOh,Lisa Kowalski,lisa.kowalski@icloud.com,10-11-2000,M,,06-97385449,Dordrecht,112.6,kg,190,active,2022-05-26,typeform
recsGMFzhyYyxJVqY,Grace Demir,grace.demir1@icloud.com,1986-04-12,male,,06-55734454,Zwolle,120.7,kg,180,opgezegd,04/04/2024,campaign_expat_2023
recrA4CAtshqYOHHe,Roos El Amrani,roos.elamrani@icloud.com,23-03-1977,Female,,+31653960078,Maastricht,112.9,kg,168,opgezegd,13-01-2023,import
recuSs76Rr161XtAA,Priya Benali,priya.benali@outlook.com,1958-10-21,f,,06-58532364,Breda,67.5,kg,155,actief,2062-01-25,typeform
recI817IWuPqOITpp,Ahmed Petrov,ahmed.petrov@outlook.com,1999-07-24,female,122565514,06-55954359,Breda,146.3,kg,187,active ,13-05-2023,website
recSCUthsFa19pDbQ,Piotr Jansen,piotr.jansen@yahoo.com,2003-11-04,female,,0667310882,Amersfoort,89.9,kg,160,Churned,2025-11-22,website
recxtjfrh3T6hCAJO,Milan Bakker,milan.bakker@gmail.com,1966-01-03,female,540799452,+31657467103,Leiden,103.7,kg,181,ACTIEF,2026-03-06,typeform
recu42Nn6ilILKTgB,Maud Smit,maud.smit@ziggo.nl,1965-05-04,V,,+31632631373,Apeldoorn,85.2,kg,163,active ,22-11-2023,typeform
recmSxk7G54dc875W,Kasia Benali,kasia.benali@ziggo.nl,1960-12-23,M,,+31608951105,Groningen,63.5,kg,154,Active,2025-12-10,campaign_expat_2023
rec4RiuCg0gzXKp5r,Marco Bos,marco.bos@protonmail.com,1973-08-27,male,663508125,0643088758,Eindhoven,126.1,kg,195,ACTIEF,2024-07-23,website
rec6DRuXAVvv6nZdr,Finn Smith,finn.smith@icloud.com,2007-05-19,f,,+31622712978,Almere,132.3,kg,193,cancelled,2024-10-30,campaign_expat_2023
recB3bLQSUYqEKDwj,Gijs Visser,gijs.visser@ziggo.nl,2005-02-25,f,760279974,0653064450,Leiden,87.6,kg,153,Active,2026-01-15,import
recxN8m1oUx1V4UAT,Julia El Amrani,julia.elamrani@protonmail.com,2000-12-11,male,183022282,+31659230250,Almere,78.1,kg,172,Prospect,2022-05-01,import
recKn1hVaukP0O30K,Ruben de Jong,ruben.dejong@outlook.com,1972-11-19,F,,+31603876087,Almere,116.5,kg,188,cancelled,2025-04-16,referral
recjg23AMHIHKd39M,Willem Kaya,willem.kaya@ziggo.nl,1964-06-09,m,,+31667878529,Utrecht,85.1,kg,177,Active,2026-03-29,campaign_expat_2023
recA3KBJSCMn5l52A,Jan Brown,jan.brown@protonmail.com,1976-01-11,Male,,06-43698104,Tilburg,148.1,kg,192,ACTIEF,01/15/2024,typeform
recQ22vlHJULHLL0j,Marco de Boer,marco.deboer@icloud.com,1996-09-15,M,,+31659623452,Haarlem,94.0,kg,168,Churned,2022-11-13,campaign_expat_2023
recU6IGFhO7aVZvKe,Hendrik van der Meer,hendrik.vandermeer@protonmail.com,1965-04-17,M,,,Delft,134.5,kg,196,active ,2023-03-19,campaign_expat_2023
recJnEZ2kgyjOuKjd,Annelies Dekker,annelies.dekker@gmail.com,1989-12-12,Female,,,Amsterdam,159.5,kg,197,cancelled,07-11-2023,typeform
recAqnctZ2iztJqUR,Sem Chen,sem.chen@outlook.com,10/28/1959,F,,06-02993201,Amsterdam,103.1,kg,192,Active,02-04-2022,website
recShCukRGfEexVlJ,Sofia Hendriks,sofia.hendriks@gmail.com,1968-04-13,vrouw,,06-68976912,Arnhem,108.3,kg,191,actief,2026-02-01,import
rec5tDmBmBSaowq82,Mei de Boer,mei.deboer@gmail.com,1985-02-27,female,462254288,06-59788210,Delft,104.9,kg,184,actief,2024-10-24,campaign_expat_2023
recjKc05dzzD7hNS5,Lisa El Amrani,lisa.elamrani@hotmail.com,1979-05-13,M,358390102,+31600614786,Zaandam,95.7,kg,189,new,2024-07-12,import
recLfuq2L11MzWG3D,Arjun de Vries,arjun.devries@gmail.com,10/11/2000,V,715080507,06-97708999,Zaandam,107.4,kg,192,lead,07/16/2023,typeform
recleUdV3ojAT1npg,Roos Novak,roos.novak@icloud.com,05/10/2005,f,,06-64763587,Den Haag,94.7,kg,153,active ,12-04-2024,campaign_expat_2023
recPDAa1tzhsZh7pG,Teun Sharma,teun.sharma@kpnmail.nl,1968-12-31,M,,06-73040379,Arnhem,107.1,kg,190,active,2024-12-08,import
recUU4dloa8Ij4ZXo,Olga de Groot,olga.degroot@kpnmail.nl,2004-11-23,m,,+31658251341,Utrecht,109.7,kg,173,Active,03/23/2023,typeform
rec286HtuQVKM3lOQ,Oliver Costa,oliver.costa@icloud.com,1998-09-04,male,,,Zwolle,111.4,kg,164,actief,2025-06-09,referral
recARRhgzljHZWwB4,Levi Sharma ,levi.sharma@live.nl,2000-07-12,V,,0643951269,Maastricht,151.9,kg,197,Active,08/05/2022,typeform
recMPYBBgaXkoYRUr,Marco Yilmaz,marco.yilmaz1@live.nl,03-05-1959,Female,,0600275490,Rotterdam,66.0,kg,153,lead,03/27/2024,typeform
recnvuovJJb4wtzxF,Lisa Bos,lisa.bos@ziggo.nl,1961-01-26,vrouw,,+31675989279,Almere,93.3,kg,159,cancelled,2025-08-12,typeform
recg3dGwfRUueEsCo,Thijs de Graaf,thijs.degraaf@ziggo.nl,1993-03-14,man,,+31681903033,Zwolle,79.4,kg,155,ACTIEF,2024-07-19,typeform
recpnsQwaQVj7pMiX,Marieke Jansen,marieke.jansen@protonmail.com,1988-08-08,V,765437983,0657314972,Breda,106.0,kg,183,active,2025-05-30,typeform
recJkSYwYhTNVL0Jv,Hendrik Jones,hendrik.jones@outlook.com,01/04/1970,male,717209064,06-22220686,Maastricht,112.1,kg,196,active ,30-08-2023,referral
rec1HHYp4ygr0SEQ3,Elena Sharma,elena.sharma@outlook.com,1969-04-03,Male,,+31665765503,Almere,146.1,kg,191,actief,2026-01-21,referral
recuWsrFdKdNP6OpU,Elena Wilson,elena.wilson@ziggo.nl,1958-04-20,male,893424614,0633216394,Amersfoort,136.9,kg,185,ACTIEF,07/20/2022,typeform
recynUV6VCAgwjEuX,Grace Yilmaz,grace.yilmaz@yahoo.com,09/03/1983,f,630245253,+31683925748,Rotterdam,101.2,kg,161,actief,2022-03-27,typeform
recBqoxiKNeI4wqWy,Thijs Dijkstra,thijs.dijkstra1@yahoo.com,1984-01-11,female,,+31674929329,Almere,108.0,kg,172,opgezegd,03/24/2023,website
recqgEg0tSi8Z320k,Luuk Jansen,luuk.jansen@gmail.com,1985-03-28,man,322997744,+31690631076,Den Haag,115.9,kg,192,Active,09/04/2023,import
recuzG4xfJ5VEHTg9,Ahmed Petrov,ahmed.petrov@icloud.com,1965-12-11,vrouw,788314245,+31628902654,Amsterdam,107.4,kg,171,opgezegd,2025-09-06,typeform
receTQFwFs2wEOSKH,Julia van Dijk,julia.vandijk@gmail.com,1998-08-13,f,515204833,0633679850,Maastricht,66.7,kg,155,Churned,2024-10-14,import
reclBmyLODyMnxAa9,Ivan Petrov,ivan.petrov@gmail.com,2002-07-22,f,,0692226171,Haarlem,107.4,kg,174,active,13-06-2022,website
recWDLyOCV2mZcn81,Oliver Nowak,oliver.nowak@icloud.com,1989-09-10,male,,0611614129,Haarlem,72.1,kg,154,Active,2025-11-23,import
recsfaOwPEYx1V0pR,Arjun Brouwer,arjun.brouwer@yahoo.com,2005-12-01,M,,0679771980,Utrecht,79.7,kg,161,gepauzeerd,2024-06-14,referral
recfG4DnhPk0d4hyE,Kees Ivanov,kees.ivanov@ziggo.nl,1991-11-16,male,245167249,+31662864959,Utrecht,113.9,kg,178,active ,2026-02-19,typeform
rec9r2t4WoFV90zXs,Piotr van der Meer ,piotr.vandermeer@kpnmail.nl,1980-08-31,man,,+31659248356,Arnhem,111.4,kg,165,active,2025-03-13,campaign_expat_2023
recbPHmNqvUMijQux,Ruben Dekker,ruben.dekker@hotmail.com,2007-12-24,V,757364809,+31674352336,Almere,92.2,kg,174,Churned,2025-12-02,website
recQpIkrdlEUIgJnp,Youssef Dekker,youssef.dekker@live.nl,1995-11-23,vrouw,,+31685827497,Den Haag,147.7,kg,189,churned,2026-04-23,campaign_expat_2023
recWCUd6oo1VAuCNS,Lotte Yilmaz,lotte.yilmaz@yahoo.com,1998-05-17,m,,+31641122464,Dordrecht,86.8,kg,154,ACTIEF,2025-03-25,typeform
recpId1XWY6Lh7hJR,Annelies van Leeuwen,annelies.vanleeuwen@yahoo.com,1976-01-30,vrouw,528693578,+31629567466,Arnhem,83.7,kg,162,on hold,2022-12-29,campaign_expat_2023
recYwFsT3pg9TLxxp,Sanne Smit,sanne.smit@yahoo.com,1999-08-27,male,245871822,06-17270190,Breda,145.9,kg,192,Active,2023-05-11,campaign_expat_2023
rec5jQ2B8EP6wCMVc,Bram Nair,bram.nair@ziggo.nl,1991-11-09,M,,06-39598678,Haarlem,121.7,kg,180,on hold,2023-04-20,referral
rec1Vki7kx1FzDJVU,Anna de Groot,anna.degroot@gmail.com,07-11-2004,male,228843121,0638938556,Tilburg,97.0,kg,193,active,10/07/2023,campaign_expat_2023
recij16cWTrhMgcFi,Amira Dijkstra,amira.dijkstra@hotmail.com,1958-09-27,F,563475183,,Amersfoort,91.7,kg,175,Active,2022-04-10,typeform
recUjcDVzhM6x2Bmq,Deniz Bakker,-,1967-05-27,man,520021770,0669760322,Amersfoort,92.9,kg,166,ACTIEF,29-03-2022,campaign_expat_2023
reckDV7v557Wn6Lt9,Piotr de Wit,piotr.dewit@kpnmail.nl,1988-10-16,man,,+31621934843,Maastricht,,kg,191,gepauzeerd,2026-03-24,typeform
recdMeNc2fLBqGBIb,Youssef Benali,youssef.benali@protonmail.com,14-08-1982,man,,0649961319,Tilburg,104.9,kg,167,ACTIEF,2022-05-12,typeform
recXlyeVbRdoC8Mlx,Zeynep Ricci,zeynep.ricci@outlook.com,1967-04-02,male,,0612372741,Delft,145.6,kg,187,Active,2026-04-27,typeform
recpIqWIdCOm1oFY2,Deniz de Wit,deniz.dewit@hotmail.com,01/30/1982,male,,,Tilburg,147.8,kg,197,actief,2022-11-13,typeform
recoW6DQr4TAcvrjK,Sem El Amrani,sem.elamrani@protonmail.com,1967-03-13,female,,+31659002201,Almere,82.6,kg,168,Paused,2026-01-11,website
rec8yRF7t1aI5rexi,Maud Rossi,maud.rossi@protonmail.com,1992-06-25,female,,06-68268416,Delft,244.9,lbs,179,Churned,2025-08-31,typeform
recQAOd32nzdr0ez0,Sofia Smit ,sofia.smit@yahoo.com,2000-01-05,man,439072396,+31623322844,Zaandam,110.3,kg,165,churned,2022-04-29,import
recNLMuHAz5A5SLxf,Ahmed Petrov,ahmed.petrov1@outlook.com,1960-04-19,f,106680547,+31662704490,Tilburg,88.2,kg,180,new,2024-12-09,website
recw1NQ8ssgjJodOE,Daan Hendriks,daan.hendriks@outlook.com,1974-12-22,male,,06-21755592,Den Haag,83.2,kg,176,active ,21-11-2022,import
rechLkEn1consljVH,Priya Smit,priya.smit@ziggo.nl,1960-02-01,vrouw,,+31655442867,Zaandam,222.4,lbs,172,active ,2025-03-18,campaign_expat_2023
rec6CMaBGJljjlaFY,Thijs Benali,thijs.benali@ziggo.nl,01/19/1971,male,,+31686148102,Utrecht,70.3,kg,162,active,2022-07-31,typeform
rec7TUrkD7RsCytnM,Lisa Rossi,lisa.rossi@yahoo.com,1978-11-25,Male,571167317,06-31069771,Maastricht,118.5,kg,174,active,2024-06-20,website
recDS9hY4QrguSzIH,Youssef Petrov,youssef.petrov@kpnmail.nl,1999-02-10,f,,06-87775808,Amsterdam,72.6,kg,152,opgezegd,2025-02-08,import
recoqWPop6Kqlqxoe,Roos de Vries,roos.devries@kpnmail.nl,08/07/1985,vrouw,,+31632243061,Zaandam,75.3,kg,169,cancelled,24-05-2024,referral
rec1WniYH2JlEWZnc,Willem de Jong,willem.dejong@icloud.com,1965-02-16,V,,06-92211100,Amersfoort,138.3,kg,194,opgezegd,2025-11-09,website
reciQnNNB8VzJgRSm,Grace Jansen,grace.jansen@ziggo.nl,1987-05-10,V,,06-10149978,Haarlem,86.6,kg,160,Active,2024-12-01,referral
recIaN8fL7gpILEBv,Luuk Bakker,luuk.bakker@kpnmail.nl,2000-01-22,Female,,+31617388568,Amsterdam,115.8,kg,167,ACTIEF,02/24/2024,typeform
recUKz9zcUAdoQeN2,Anna van den Berg,anna.vandenberg@hotmail.com,1995-12-11,m,360116887,0632692897,Amersfoort,125.2,kg,176,Active,2024-07-23,typeform
recmPoNj2gKeXqZcG,Kas de Jong,kasia.dejongx@kpnmail.nl,1967-03-14,male,,06-07864678,Delft,118.8,kg,195,active,2026-02-25,referral
rec35qqFtJNImcpo5,Anna van Dijk,anna.vandijk@icloud.com,1968-01-23,male,,+31686650612,Dordrecht,97.7,kg,157,ACTIEF,2024-04-05,referral
recdD2x9IV78bfJ1N,Willem Costa,willem.costa@kpnmail.nl,1966-04-30,f,,+31628607381,Breda,6.5,kg,152,opgezegd,01/27/2024,campaign_expat_2023
recx3Jti76KEck0GB,Kasia Yilmaz ,kasia.yilmaz@ziggo.nl,1993-11-04,f,,+31661238368,Tilburg,154.9,kg,191,Active,2024-07-03,typeform
recgWK7rOjMyvyALR,Jesse van Leeuwen,jesse.vanleeuwen@hotmail.com,1970-04-18,F,590091335,+31635876957,Dordrecht,84.0,kg,178,active ,2024-09-29,typeform
recvzzKmC1xwy8x66,Priya Ivanov,priya.ivanov@ziggo.nl,26-01-1973,Male,,06-54158851,Dordrecht,153.4,kg,194,active,2023-03-03,typeform
reciS3XuLq3rwjauX,Emma Nair,emma.nair@hotmail.com,1987-12-17,Male,105857518,+31625137488,Leiden,106.6,kg,184,lead,16-12-2022,referral
recGNZEEEjf3o1qGi,Giulia Vos,giulia.vos1@protonmail.com,1962-06-08,M,462911986,+31679895043,Dordrecht,119.4,kg,173,active,2022-05-12,import
recIDLRXbksBB8itW,Sophie Bos,sophie.bos@icloud.com,2000-07-23,female,,+31683681925,Apeldoorn,83.3,kg,152,ACTIEF,2023-07-14,campaign_expat_2023
recqmhkI3FJ8FpP6j,Sem Dekker,sem.dekker@kpnmail.nl,1970-10-09,female,802290073,06-24506724,Leiden,92.0,kg,183,ACTIEF,2025-07-05,website
rece9ayO1mzvLQVfX,Hendrik van Leeuwen,hendrik.vanleeuwen@outlook.com,1986-03-17,man,,+31636711201,Amsterdam,98.0,kg,182,active ,2025-10-05,typeform
rec0NXOJeVD62ctLJ,Sophie Andersen,sophie.andersen@kpnmail.nl,1997-06-12,man,,06-92146051,Rotterdam,87.9,kg,152,ACTIEF,2025-05-22,typeform
recd8cBqHPuy7L203,Gijs Wang,gijs.wang@protonmail.com,1963-03-24,V,,+31612482877,Leiden,106.3,kg,187,gepauzeerd,09-05-2023,import
recwDAmm2SW8zhQjI,Wei Rossi, wei.rossi@outlook.com,1996-04-08,man,,06-72010061,Amsterdam,123.5,kg,185,opgezegd,2024-04-26,import
recHXTGcX9mlwI29G,Lucas Novak,lucas.novak@icloud.com,1998-11-01,female,,06-71002135,Maastricht,96.6,kg,155,gepauzeerd,2023-06-19,website
rectjstMyxa8nGr0O,Annelies Smit,annelies.smit@gmail.com,1960-11-03,man,100765269,+31635435472,Utrecht,126.5,kg,183,cancelled,2025-03-23,referral
reclPJPixev7WFk5h,Mohammed Rossi,mohammed.rossi@protonmail.com,1983-03-03,V,,06-43632222,Amsterdam,80.8,kg,153,actief,05/04/2022,website
recFWFl9rs6Q4Jr45,Sophie de Boer,sophie.deboer@outlook.com,1985-03-25,Male,519449344,06-40077122,Haarlem,68.9,kg,160,opgezegd,2022-06-11,typeform
rec0NlQnn5hd9JuxO,Oliver de Graaf,oliver.degraaf@kpnmail.nl,1999-11-20,Female,,06-61933924,Amsterdam,112.2,kg,191,cancelled,22-03-2024,website
recyoYPDXQydPJ4m2,Emre Smits,emre.smits@icloud.com,1959-06-22,vrouw,,06-06995431,Arnhem,96.5,kg,182,ACTIEF,20-04-2023,import
recNx93u37hQoH1O7,Sanne Chen,Sanne.Chen@Kpnmail.Nl,08/25/1966,F,228883908,+31620645496,Leiden,106.8,kg,163,Churned,2022-04-03,import
recwSrFUpkqP4Ji9z,Jan Chen,jan.chen@kpnmail.nl,1989-04-25,V,,06-04942097,Leiden,75.8,kg,162,active,2025-01-27,typeform
recpM6imES2qfOa8M,Thijs El Amrani,thijs.elamrani@outlook.com,1993-08-07,F,,+31657585642,Maastricht,70.5,kg,163,Paused,2025-10-11,typeform
recKsy7uUtn9Um34A,Levi Wilson,levi.wilson@live.nl,1981-04-05,M,111887550,+31652896316,Arnhem,88.9,kg,162,cancelled,2026-02-26,typeform
recnHrMI1TQ5W1cvv,Sem Sharma,sem.sharma@live.nl,18-09-1970,female,205141912,0645229115,Nijmegen,132.0,kg,198,actief,2024-03-06,referral
recDy6pVXznIGqBD1,Ruben Hendriks ,ruben.hendriks@ziggo.nl,01/15/2002,man,,+31613317492,Zaandam,73.7,kg,166,Active,2023-12-28,typeform
recktiMCOyk6hIJDT,Eva Chen,eva.chen@outlook.com,1994-02-28,Female,689204231,+31613836980,Breda,128.5,kg,183,active ,2024-08-08,typeform
recdbrb4dswuxWdAf,Oliver van der Meer,oliver.vandermeer@gmail.com,1966-05-25,Male,,06-61475135,Zaandam,105.7,kg,189,gepauzeerd,2025-10-08,referral
rec8GRvgMenuENLT0,Jesse de Groot,jesse.degroot@ziggo.nl,1979-06-01,man,,0629195477,Zwolle,61.3,kg,152,ACTIEF,01/10/2023,typeform
recw75dlEv8wKEEeO,Kasia Smits,kasia.smits@kpnmail.nl,1989-12-04,m,,+31620899550,Apeldoorn,77.3,kg,162,active,2025-04-16,website
recMvXeEZKqutnUOy,Roos de Boer,roos.deboer@outlook.com,28-01-1974,M,161839319,06-05460228,Arnhem,91.3,kg,181,actief,2023-04-03,website
recMp6mwKFXc7BwUi,Hendrik de Boer,hendrik.deboer@hotmail.com,2005-03-24,M,,+31614435070,Apeldoorn,112.4,kg,164,Active,2024-08-04,campaign_expat_2023
recspyG0eC66LevEy,Teun Ricci,teun.ricci@yahoo.com,1968-05-11,vrouw,,0675952235,Den Haag,85.4,kg,300,actief,2023-11-28,import
rec7arHqHsCwGnX8N,Levi Kowalski,levi.kowalski@icloud.com,1998-10-29,female,,+31691257253,Leiden,100.5,kg,170,Churned,2024-01-01,referral
recx17mRgiczk5Oda,Annelies de Wit ,annelies.dewit@hotmail.com,12/10/1986,Female,897217809,06-35912324,Haarlem,122.1,kg,172,active,27-09-2022,referral
reciNdDuEei0QEgcH,Kees Nair,kees.nair@protonmail.com,1989-07-27,Female,106437501,06-13259145,Zaandam,93.7,kg,171,Active,2024-05-02,typeform
reckIDPmvFjD5ppYo,Finn van der Meer,finn.vandermeer@protonmail.com,1979-06-28,female,664594700,06-82732280,Maastricht,,kg,156,Churned,2062-01-04,import
recgGMTnqxuHBOXJC,Oliver de Boer,oliver.deboer@icloud.com,04-04-1988,M,999749092,06-77712390,Apeldoorn,134.7,kg,193,active ,2023-01-04,referral
recIG0CiYjLJpf6k7,Arjun Sharma,arjun.sharma@live.nl,1980-05-17,male,868845371,+31656484892,Leiden,88.5,kg,161,cancelled,2022-04-10,typeform
recgO2cBnjwQX5R0P,Priya Costa,priya.costa@ziggo.nl,1968-11-29,F,,06-99277240,Eindhoven,106.2,kg,176,Churned,22-05-2022,typeform
recezJKCppI9PQCRT,Sem Wang,sem.wang@gmail.com,10/09/1971,male,,0610834292,Den Haag,135.1,kg,183,active,05/21/2022,website
recC3KzAi794BmqUl,Lucas Sharma,lucas.sharma@kpnmail.nl,01-02-1966,male,,06-37376221,Delft,109.7,kg,171,Churned,09/20/2023,referral
recdVDrshjrgx0ooU,Jan Wilson,jan.wilson1 @yahoo.com,1974-12-21,f,146850312,0600783121,Utrecht,110.5,kg,179,Active,2023-11-20,typeform
recDE1tiy6atcQ075,Zeynep van der Meer,zeynep.vandermeer@icloud.com,1993-09-03,male,,+31654956597,Amsterdam,,kg,176,opgezegd,19-04-2023,referral
recueIdkhAHJ0v5Zk,Julia Meijer,julia.meijer@ziggo.nl,1999-07-19,vrouw,,0691931041,Apeldoorn,129.3,kg,175,active,2022-03-14,campaign_expat_2023
rec78gAghstNpsG6f,Luuk Sharma,luuk.sharma@ziggo.nl,10/03/2000,F,,+31670763194,Leiden,108.8,kg,171,lead,2022-03-07,typeform
recs30foB6dOWmAbU,Olga Jones,olga.jones@ziggo.nl,07-11-1999,f,,06-76967115,Maastricht,89.8,kg,158,new,2024-05-20,website
recSYu1RZczdoxtdX,Sem Dekker,sem.dekker@live.nl,15-05-1961,Female,611039692,06-01123304,Rotterdam,89.6,kg,169,Prospect,12/07/2023,campaign_expat_2023
rec97S0cdJ4Fzgid6,Kees Andersen,kees.andersen1@icloud.com,1994-12-20,Female,,+31622905552,Zaandam,99.4,kg,161,Prospect,06/15/2023,website
recwQZYSALjcWaDBG,Mei Smits,mei.smits@hotmail.com,1980-09-07,V,,06-74002088,Apeldoorn,160.9,kg,195,Active,2024-08-31,import
recCHp7WR8XU2eVdp,Sofia Novak,sofia.novak@outlook.com,1970-12-10,man,425275784,+31699457896,Zwolle,95.7,kg,189,active,2024-08-09,typeform
recei0jrAtPHCQ2O3,Priya Meijer,priya.meijer1@icloud.com,1994-08-18,female,,06-58080476,Amsterdam,230.8,lbs,181,Churned,2024-04-16,typeform
recPqi6N17tuu8Efk,Anna de Groot,anna.degroot@ziggo.nl,1965-06-22,V,,+31609868395,Leiden,120.6,kg,173,actief,13-05-2023,typeform
recF2Wq0h6GFdqf5P,Thijs de Wit,thijs.dewit@yahoo.com,1992-11-29,V,,+31658671321,Nijmegen,96.7,kg,175,Prospect,2025-12-20,website
recx1Znmcr6CSgCXs,Mei Kaya,mei.kaya@protonmail.com,1978-10-18,M,,06-02548280,Zaandam,127.9,kg,194,Churned,2022-11-21,campaign_expat_2023
recWAOIHkctAcXT02,Marco Smits,marco.smits1@icloud.com,1974-10-29,F,,06-24343293,Zwolle,62.2,kg,152,Prospect,2023-11-16,referral
recFvp4lMOWb4FD0V,Levi Peters,levi.peters@live.nl,18-12-1996,F,555915487,+31652623290,Tilburg,113.6,kg,178,actief,01/16/2024,import
recW2LbkQSPjhWOrq,Zeynep Jansen,zeynep.jansen@icloud.com,1978-05-25,F,,0649099767,Zaandam,103.0,kg,188,Active,2025-08-18,import
recN61verL2kNBzwn,Emre Meijer,emre.meijer@live.nl,02-02-1987,man,837970258,0695109318,Haarlem,80.3,kg,152,Churned,07/01/2022,import
recnb9Fv2Sj0cfGzh,Levi Petrov,levi.petrov@kpnmail.nl  ,1975-12-27,male,643642407,06-06215424,Apeldoorn,67.9,kg,152,active,2023-05-13,import
recH1YsNLwlyURdGt,Teun Visser,teun.visser@icloud.com,1971-07-18,female,198064019,06-22846257,Arnhem,101.3,kg,172,actief,2026-03-29,typeform
recGGCZtbHz8i3w65,Sofia Chen,sofia.chen@kpnmail.nl,1991-03-25,man,,06-38302753,Delft,89.4,kg,161,cancelled,2026-03-31,website
reczyuot1fEeru2VI,Kasia Mulder, kasia.mulder@icloud.com,1982-09-20,Male,,0623922658,Den Haag,75.8,kg,167,active ,2023-08-14,website
recdJ9pGmvyo7hMVn,James Dijkstra,james.dijkstra@kpnmail.nl,1996-11-24,female,,+31686569166,Apeldoorn,115.9,kg,190,active,2022-09-09,website
recquIjyKno9yTvnP,Ruben Benali,ruben.benali@kpnmail.nl,1958-05-22,Female,103110987,06-91843808,Breda,107.3,kg,185,actief,2026-06-02,typeform
recBmGI5zoOjKXg1D,Luuk Wilson,luuk.wilson@protonmail.com,19-01-1969,Female,292380082,06-62666786,Amersfoort,107.1,kg,166,actief,05-06-2023,website
recBiEG0zntLA5B3q,Jan Novak,jan.novak@kpnmail.nl,1979-05-14,Male,792889101,0659126902,Leiden,110.5,kg,169,opgezegd,07/12/2022,website
recn1QyG5nU7p7l8R,Marco Smit,marco.smit@kpnmail.nl,1976-09-30,V,939971707,+31668981063,Delft,120.3,kg,189,active,2024-07-31,referral
recnlZPpcoLsONRLe,Marco Kowalski,marco.kowalski@gmail.com,14-11-1979,vrouw,,+31683526742,Amersfoort,118.8,kg,171,churned,24-05-2024,typeform
recaHBa0bFHq2LC4h,Maud Jansen,maud.jansen@hotmail.com,1958-08-15,Male,,+31695908299,Leiden,94.3,kg,154,opgezegd,05/26/2022,import
reca5j2F5zD5VCppv,Olga Vos ,olga.vos@icloud.com,1966-05-01,male,901492632,0632706955,Zwolle,,kg,161,active,2025-01-23,website
recP1nxDXMR6dpWw0,Oliver van Dijk,oliver.vandijk@kpnmail.nl,1981-06-23,Female,188893015,06-19211862,Apeldoorn,80.9,kg,156,active,2024-10-06,import
recIodNLNLFtVhuRD,Maud Jones ,maud.jones@kpnmail.nl,01/15/1997,f,,+31690014287,Utrecht,72.2,kg,158,Active,03/17/2022,import
recQxx8vhO0KC8TuP,Emma van den Berg,emma.vandenberg@yahoo.com,15-05-1959,man,,06-79667239,Utrecht,98.2,kg,158,lead,30-05-2023,campaign_expat_2023
recvQBQ7cnzVYn7hn,Braam Nair,bram.nairx@yahoo.com,1971-07-11,f,101076873,+31637587882,Zaandam,94.8,kg,164,Active,2023-06-21,campaign_expat_2023
recz69RT6F4L7JlnP,Ahmed Kaya,ahmed.kaya@outlook.com,1963-08-11,male,,06-42408016,Nijmegen,76.9,kg,152,ACTIEF,11/15/2022,import
recbv7tqDFzGcwo7k,Fatima Costa,fatima.costa@icloud.com,10-09-1962,vrouw,,06-73419832,Den Haag,105.1,kg,174,Churned,01-08-2022,typeform
reccUx9JJvKrlGqgo,Youssef de Wit,youssef.dewit@icloud.com,08/28/1982,male,,+31642230158,Zwolle,81.2,kg,174,opgezegd,2022-08-09,typeform
reckL934Pc0EYe4jQ,Zeynep Kowalski,zeynep.kowalski@live.nl,1984-03-18,f,286386264,06-97047515,Tilburg,115.2,kg,182,active ,2025-10-30,typeform
recSK7GlJC34EGNHb,Ahmed Jansen,ahmed.jansen@ziggo.nl,10/21/1997,V,,06-67757762,Nijmegen,141.0,kg,198,lead,03/21/2022,import
rec8MvqKmYG9CDYnv,Emre Kowalski,emre.kowalski@protonmail.com,1967-10-08,f,,+31681549429,Arnhem,151.1,kg,198,opgezegd,2025-06-06,referral
rec5BFtZsPKHYFT5a,Lotte Hendriks,lotte.hendriks@kpnmail.nl,1987-08-27,man,,0614951441,Eindhoven,204.1,,157,ACTIEF,2026-05-25,referral
recchzfJVw3Vfa6zT,Luuk Nair,luuk.nair@ziggo.nl,17-09-1963,F,651986795,+31667889666,Utrecht,75.6,kg,170,actief,2022-07-14,website
recpwf2KUoxB269rI,Finn Kowalski,finn.kowalski@hotmail.com,10/07/1994,female,,+31649519876,Amersfoort,7.2,kg,160,churned,2023-10-16,campaign_expat_2023
reczLQ6tniPGwyv0h,Sanne Demir,sanne.demir@yahoo.com,05/01/1961,f,234770739,0672311783,Leiden,,kg,197,active ,2022-05-03,typeform
recgTofJwXBGHVB9R,Hendrik Nowak,hendrik.nowak@yahoo.com,1983-11-08,M,,+31649322772,Utrecht,105.6,kg,182,ACTIEF,2023-05-12,typeform
recptD3r40vfrwsn8,Julia Dijkstra,julia.dijkstra@hotmail.com,1975-01-19,M,,0667924781,Breda,87.9,kg,183,Churned,2026-05-17,referral
recORmH03q7lPpFNw,Oliver Dijkstra,oliver.dijkstra@icloud.com,2001-12-26,f,,+31632076069,Dordrecht,79.6,kg,174,churned,2025-11-06,import
recFJzzxZpzX2gISA,Kasia Novak,kasia.novak@hotmail.com,1970-04-04,M,,+31697984038,Breda,76.6,kg,170,Prospect,2023-09-30,typeform
recjXWFym46Bu97hE,Bram Ivanov ,bram.ivanov1@icloud.com,2005-04-06,female,678233779,+31632631737,Apeldoorn,77.6,kg,172,churned,2025-06-18,import
recUDyHa9kzSswtea,Roos de Boer,roos.deboer@icloud.com,1961-08-07,man,,06-98507697,Amsterdam,103.1,kg,161,active,2022-09-14,import
recho1ktnXDFy0PYH,Ahmed Novak,ahmed.novak@hotmail.com,2005-06-16,V,,06-87300935,Utrecht,138.6,kg,188,actief,12/24/2023,import
recomeSpjWMtVXujP,Julia de Vries,julia.devries@ziggo.nl,2007-09-21,vrouw,759739547,+31614878017,Utrecht,101.8,kg,163,churned,2025-04-08,typeform
rec2JRIIk7iyINa3t,Ivan van Dijk,ivan.vandijk@yahoo.com,1985-02-18,man,802459122,+31687104498,Zwolle,100.6,kg,163,active,04-04-2024,campaign_expat_2023
recbf295WD9qwcxsp,Arjun van Dijk,arjun.vandijk@kpnmail.nl,14-12-1964,f,894395221,06-55765433,Leiden,95.4,kg,179,active,2023-11-14,campaign_expat_2023
rec02KxEjR5kXJ3gM,Marieke Smith,marieke.smith@yahoo.com,1973-02-20,Male,,+31633755085,Amsterdam,71.8,kg,152,Churned,2024-12-11,campaign_expat_2023
rec5vQJDEnBv06ELT,Mei Mulder,mei.mulder@hotmail.com  ,1989-03-25,f,383572010,+31664548654,Tilburg,112.8,kg,176,Paused,2025-12-21,typeform
rec4u6uV1raeMPBXH,Lucas Kaya,lucas.kaya@outlook.com,29-01-1962,man,,06-05591782,Breda,103.8,kg,179,Paused,2023-10-16,campaign_expat_2023
recAaWQd7JxT0UJzP,Fatima El Amrani,fatima.elamrani@outlook.com,1973-07-29,F,,,Apeldoorn,85.1,kg,166,Active,2025-09-08,campaign_expat_2023
recwWZwESewpSs3Cs,Maud Jansen,maud.jansen@gmail.com,1974-08-06,m,274862384,+31672272715,Dordrecht,101.0,kg,169,cancelled,2025-08-29,typeform
recllbnOJYIEqig1z,Daan Andersen,daan.andersen@yahoo.com,14-08-1982,male,167274533,0687887155,Leiden,90.5,kg,179,Churned,10/27/2022,website
rec9lOQXZs8WVFgC5,Sofia Brown,sofia.brown@kpnmail.nl,1960-07-16,male,,+31610036342,Zaandam,,kg,173,Active,2023-10-24,import
recK6FTjMhft0iWDG,Willem Jones,willem.jones@outlook.com,1981-01-23,V,,0621436810,Zaandam,112.4,kg,193,active,2023-01-19,referral
recGaicJaNszCgQQC,Sem Jones,sem.jones@hotmail.com,1958-01-07,vrouw,410212179,+31619314285,Almere,89.3,kg,155,churned,2026-05-15,referral
recQMiR7GD61Q2tuu,Priya Meijer,priya.meijer@yahoo.com,10/01/1990,Female,,+31675526190,Rotterdam,71.7,kg,161,Active,2023-05-16,import
recyI8LSW2Y77cD20,Deniz de Jong,deniz.dejong@icloud.com,1994-01-28,M,459144662,+31623385454,Breda,116.0,kg,187,active,2025-11-11,referral
recG30L3Snjq7xrvM,Olga Brouwer,olga.brouwer@live.nl,1980-04-20,vrouw,,+31607975284,Breda,157.7,kg,193,actief,2024-08-20,typeform
recI1KOcHrxqRjFNW,Priya van der Meer,priya.vandermeer@kpnmail.nl,1993-11-10,Female,,+31696260138,Eindhoven,174.8,lbs,169,Churned,07/07/2022,typeform
recfI6JT56oJO9s1W,Kasia de Boer,kasia.deboer@outlook.com,1991-06-24,F,,+31637528822,Tilburg,98.0,kg,190,lead,2025-02-26,campaign_expat_2023
recBaetcVU4xdHtI5,Julia Petrov,julia.petrov@protonmail.com,1993-01-30,m,,+31623847604,Zwolle,102.3,kg,196,actief,03-03-2024,campaign_expat_2023
recm4whmPIt0mxriJ,Sanne Jansen,sanne.jansen1@kpnmail.nl,08/26/1983,Female,325525122,+31660948955,Breda,124.1,kg,181,active ,2023-09-07,typeform
recXkntTGjumT0w9I,Ruben van Leeuwen,ruben.vanleeuwen@kpnmail.nl,1981-09-13,M,,+31632911612,Leiden,97.3,kg,157,actief,25-03-2024,typeform
rec4ICxOpYSf8Rw0L,Willem El Amrani,willem.elamrani@hotmail.com,06/08/1984,m,,0626383600,Tilburg,106.1,kg,182,lead,2023-03-01,typeform
rec8jTG1yyhavZBu8,Elena Dijkstra,elena.dijkstra@hotmail.com,1991-11-28,Male,,06-71194537,Arnhem,112.3,kg,182,active ,12-04-2024,referral
recLYCHedoPsEumbJ,Luuk de Graaf,luuk.degraaf@live.nl,2009-02-15,Male,461487950,+31655473993,Almere,125.1,kg,175,paused,2025-07-16,campaign_expat_2023
recc40MULh8A0mv2p,Sanne Petrov,sanne.petrov@outlook.com,1985-07-31,Female,,+31635108397,Zwolle,149.6,kg,194,active ,2022-09-05,website
recveOAGxBDZYfCMO,Elena Dijkstra,elena.dijkstra@live.nl,1993-08-15,female,,+31609559316,Utrecht,98.0,kg,165,actief,2024-07-03,referral
recmixALNeZFGdhZF,Youssef Dijkstra,youssef.dijkstra@icloud.com,04/29/2002,male,915825041,06-08007549,Rotterdam,74.0,kg,163,Churned,2023-10-26,website
rec9vyNgxzZdvz8Zg,Zeynep Smit,zeynep.smit1@icloud.com,1987-09-10,Female,966020285,06-70702939,Dordrecht,98.9,kg,168,ACTIEF,2022-10-29,import
recIQPCWuZDKYN1RK,Noor Benali,noor.benali@gmail.com,1978-02-01,male,184532346,06-54522769,Tilburg,91.2,kg,161,Active,2026-05-19,typeform
reciJAQLDJgkKWa4Q,Youssef Peters ,youssef.peters@outlook.com,1967-06-04,V,,06-18255564,Amsterdam,68.5,kg,161,actief,2026-06-15,campaign_expat_2023
recMKFSd4WXveAd4Y,Ruben Kowalski,ruben.kowalski@yahoo.com,1958-02-26,man,,06-09051678,Rotterdam,108.4,kg,167,actief,2024-07-07,typeform
recYdFcAnBOBxhPfn,Ruben Kowalski,ruben.kowalski@protonmail.com,1990-09-29,vrouw,,+31668179911,Zwolle,151.5,kg,195,Active,19-04-2024,referral
rec0G15PdwxSFutik,Arjun Nowak,arjun.nowak@protonmail.com,1987-08-19,V,946191906,+31657363191,Zwolle,94.4,kg,157,ACTIEF,2026-03-21,import
rec1mccefB8YHx0vg,Femke Visser,femke.visser@outlook.com,1972-09-20,vrouw,,+31611319802,Amersfoort,129.0,kg,194,Active,14-05-2024,typeform
recl7yjqSSRyDRU4K,Arjun Horvat,arjun.horvat@protonmail.com,1965-10-06,Male,,06-01997615,Zaandam,92.4,kg,162,Paused,2026-01-27,website
recFFlUJDRt4wcizG,Daan de Boer,daan.deboer@yahoo.com,1968-08-11,vrouw,647141905,06-05065847,Nijmegen,96.7,kg,188,paused,2025-08-30,typeform
receiGKyNYxrWNHe0,Annelies de Vries,annelies.devries@ziggo.nl,1995-11-04,man,125785811,0677354684,Zaandam,125.4,kg,187,Active,02-04-2024,typeform
recxCe2QG5ZZMCdjR,Luuk Kaya,luuk.kaya@live.nl,04/30/1970,Female,760730635,+31603385495,Haarlem,83.3,kg,177,ACTIEF,2023-09-12,campaign_expat_2023
recYO4xSBzU477knU,Kees Jones,kees.jones@live.nl,2002-06-28,F,,+31619058715,Utrecht,114.9,kg,172,Active,2026-03-04,typeform
rec7ODzV2rPQG6Xni,Youssef Novak,youssef.novak@hotmail.com,1999-04-28,V,340294784,+31678291518,Arnhem,124.6,kg,192,paused,2024-10-25,campaign_expat_2023
recNHP1yLGdGGSO7Q,Roos Costa,roos.costa@ziggo.nl,2002-07-02,V,,06-40772968,Dordrecht,86.8,kg,169,active,2024-12-08,website
rec6E3zGzi2Nn25LN,Arjun Brouwer,arjun.brouwer@gmail.com,05/07/2007,vrouw,,06-62651364,Zaandam,112.2,kg,198,Churned,26-07-2022,import
rec2zT91TtUBYjFke,Arjun Ivanov,arjun.ivanov@outlook.com,17-12-1983,F,,06-87284953,Zaandam,61.7,kg,154,cancelled,2022-03-21,import
recLrtMYuHKivhltf,Eva Hendriks ,eva.hendriks@live.nl,1962-02-16,f,401733750,06-10011457,Nijmegen,152.7,kg,193,ACTIEF,2025-07-26,typeform
recOJ3RlB7e7pPp3l,Arjun Wilson,arjun.wilson@gmail.com,1959-04-01,V,,+31628815695,Haarlem,96.4,kg,159,active,2024-12-27,website
rec0xVLHDbdfgrZ7T,Sophie Vos,sophie.vos@live.nl,2006-11-15,man,,06-22797243,Eindhoven,110.3,kg,195,actief,2024-08-25,website
recpGaJ1tL2z6tJhV,Lisa de Boer,lisa.deboer@icloud.com,1988-07-23,man,898018742,0694502935,Maastricht,143.2,kg,194,cancelled,2024-04-22,typeform
reck3shIrnqXHjCiF,Gra Smits,grace.smitsx@yahoo.com,2001-11-20,vrouw,605783743,0633531614,Rotterdam,88.8,kg,156,Active,2025-01-19,campaign_expat_2023
recNrj9oI15ejzy0A,Zeynep van der Meer,zeynep.vandermeer@kpnmail.nl,1979-10-22,Male,818663212,0618477475,Zaandam,111.5,kg,166,churned,2025-08-25,referral
rec5sMSfWSeMMguJf,Lisa van den Berg,lisa.vandenberg@live.nl,2005-07-23,f,,06-79849497,Apeldoorn,95.5,kg,175,active ,2026-02-01,campaign_expat_2023
recwJovEcBTQfq4bQ,Roos Mulder,roos.mulder1@hotmail.com,28-03-1967,Male,,+31615062125,Maastricht,109.6,kg,161,Active,04/25/2023,referral
rectRP1W2p4DJtyli,Femke van den Berg,femke.vandenberg@hotmail.com,1997-01-06,M,759891229,+31697327952,Zaandam,92.4,kg,167,Active,17-05-2024,import
rec07w3lNZsCNK3IS,Jan Jones,JAN.JONES@LIVE.NL,1988-09-20,F,,+31600050588,Tilburg,103.6,kg,190,active,2025-08-19,typeform
rectMKahy2KSVBabN,Youssef Nair,youssef.nair@hotmail.com,11/11/1970,Female,,,Almere,120.2,kg,194,active ,20-10-2022,referral
recpo2Xu7A7DiREJZ,Priya de Vries,priya.devries@live.nl,10/01/1987,V,,0668234418,Eindhoven,,kg,162,churned,2023-08-29,typeform
recxqXSvz4uX4rHNI,Maud Ivanov,maud.ivanov@kpnmail.nl,1960-09-11,man,470830183,06-80025519,Tilburg,118.6,kg,173,actief,03-06-2023,campaign_expat_2023
recFEYO2hkLgMdOCk,Piotr Dekker,piotr.dekker1@live.nl,12/11/1982,man,597181939,06-78079414,Dordrecht,63.6,kg,154,opgezegd,01/26/2023,typeform
recCd9kGBKIpwyUZ8,Femke Wang,femke.wang@icloud.com,2001-10-03,Male,,06-26687461,Utrecht,83.9,kg,155,Paused,2025-09-23,typeform
recVZD7WYDEO8pV7w,Marco Mulder,marco.mulder@outlook.com,1978-02-28,m,197582059,06-55102858,Rotterdam,105.4,kg,187,prospect,2024-06-12,referral
recJnlfjq3X0Gysny,Femke El Amrani,FEMKE.ELAMRANI@PROTONMAIL.COM,02/07/1976,m,,+31611312877,Utrecht,95.1,kg,188,active,2022-09-12,import
rec1fFpbwlHVGxidQ,Oliver Sharma,oliver.sharma@hotmail.com,1973-11-03,M,,+31673638260,Den Haag,131.9,kg,194,actief,2026-01-28,typeform
rec8L5QEoIRka0p7k,Eva Andersen,eva.andersen@hotmail.com,1968-06-13,f,,06-65457615,Breda,88.4,kg,153,ACTIEF,2025-06-09,typeform
recqfaBjqRHgzOF38,James Bos,james.bos@icloud.com,07/21/1973,male,,0676758941,Maastricht,122.3,kg,182,gepauzeerd,2022-06-29,website
recanz6SsfP31TS8A,Amira Hendriks,amira.hendriks@hotmail.com,21-01-1992,man,,0658467595,Maastricht,75.4,kg,163,Active,2023-02-16,campaign_expat_2023
recTpenUaxtFkhO2X,Jesse Jansen,jesse.jansen@kpnmail.nl,1971-11-05,f,,,Haarlem,152.8,kg,194,cancelled,2024-04-06,referral
recwEH9AmFEQ4fmwQ,James Smit,james.smit@yahoo.com,2004-10-03,female,,+31651594856,Utrecht,137.2,kg,182,Paused,2025-05-31,referral
recrmdcbqha12FXM9,Kasia Sharma,kasia.sharma@icloud.com,15-12-1983,f,334460852,0695144190,Amersfoort,82.5,kg,171,active,03/01/2024,import
rec8mzrAeCDeZkcDp,Jan van den Berg,jan.vandenberg@live.nl,1996-07-15,male,898197016,+31658262104,Eindhoven,112.2,kg,193,paused,2025-05-31,typeform
recpUvqZV6u6rMXX5,Roos Costa,roos.costa@live.nl,2006-04-24,vrouw,,06-71857160,Amsterdam,86.2,kg,154,ACTIEF,2024-12-14,typeform
recOSdKTUMaHLbrhB,Amira Vos,amira.vos@gmail.com,1992-04-21,man,695643289,+31639133287,Nijmegen,105.7,kg,181,churned,2026-06-20,import
recefCgghF8f1frgp,Amira Horvat,amira.horvat@live.nl,1986-12-26,m,489207510,+31664797448,Maastricht,118.2,kg,185,ACTIEF,2026-04-27,referral
recDrQ5x0Luft849M,Lucas Novak,lucas.novak@outlook.com,1964-06-17,f,,+31671761047,Breda,106.5,kg,160,Active,12/05/2022,campaign_expat_2023
reccv700dpj651fS8,Teun van Leeuwen,teun.vanleeuwen@outlook.com,1979-08-21,f,672994082,+31639871388,Amersfoort,96.1,kg,180,active ,2022-12-02,campaign_expat_2023
recoJzGBdzT7vuppy,Lotte Ricci,lotte.ricci@hotmail.com,1979-02-09,female,631782667,+31693765964,Rotterdam,98.0,kg,156,ACTIEF,2025-07-18,typeform
recCNp4eCK5RwIOUd,Teun Wilson ,teun.wilson@protonmail.com,1974-02-19,male,444796861,0623841108,Eindhoven,86.2,kg,167,Active,2024-05-18,website
recNVpEHEQccYZpik,Deniz Brouwer,deniz.brouwer@live.nl,1993-08-14,m,,0666798495,Arnhem,89.7,kg,177,active ,18-05-2022,import
rec0RDUdZPLPyulSW,Deniz Dijkstra,deniz.dijkstra@outlook.com,2001-08-05,Male,,06-44147182,Zaandam,105.5,kg,192,cancelled,03/11/2022,referral
recBMArljov3KFKVn,Priya Wang,priya.wang@outlook.com,1995-03-13,male,,+31660371574,Nijmegen,,kg,154,cancelled,2024-11-08,campaign_expat_2023
rec1F8YGwwqP7mJiF,Noor van der Meer,noor.vandermeer@icloud.com,2002-01-24,man,659084430,+31662704595,Almere,99.7,kg,193,active,16-02-2024,typeform
recFSa3vTSjLWfvPk,Mohammed Hendriks,mohammed.hendriks@outlook.com,03/07/1984,vrouw,,+31683071389,Zwolle,97.5,kg,184,actief,21-03-2022,typeform
recN5F44de4kZYwFY,Giulia Mulder,giulia.mulder@gmail.com,1977-07-15,f,,+31647764514,Den Haag,,kg,188,Active,2025-10-11,import
recqX6steO4bIOKnW,Mohammed Bakker,mohammed.bakker@gmail.com,05/19/1974,female,,+31686925731,Maastricht,86.1,kg,181,lead,2022-05-14,typeform
recyuXBsTDCvuc839,Sofia van Dijk,sofia.vandijk@protonmail.com,1980-12-23,female,212664785,+31688560507,Leiden,73.6,kg,162,churned,07/14/2023,typeform
recEgNexkxE2kCCEu,Anna Smith,anna.smith@ziggo.nl,1964-03-29,Female,,0695583773,Delft,80.6,kg,172,actief,03/18/2024,campaign_expat_2023
recrVkWNd8ZpIrvVN,Mohammed Bos,mohammed.bos@kpnmail.nl,1960-05-04,male,,06-19766226,Delft,123.6,kg,175,cancelled,06/17/2023,typeform
rec66v5VzlPWgAUQJ,Eva Costa,eva.costa@outlook.com,1996-08-01,V,,+31661413079,Groningen,133.1,kg,181,opgezegd,2023-01-27,referral
recOz8QdQbOrO6kI4,Marieke Nair,marieke.nair1@live.nl,05-10-1989,M,,,Utrecht,135.3,kg,183,ACTIEF,25-05-2023,import
recI492d88RDHelBA,Daan de Groot,daan.degroot@yahoo.com,1976-03-31,F,250402464,06-44058987,Den Haag,83.8,kg,159,actief,2023-07-27,campaign_expat_2023
recW122MewBiUXBL6,Emma Vos,emma.vos@icloud.com,11/05/1982,Male,138488563,+31658979058,Zwolle,105.5,kg,194,Active,10-12-2023,referral
rec7V3HsK9G0ghiyC,Maud Wilson,maud.wilson@kpnmail.nl,02/09/2004,M,568970469,+31676885847,Breda,,kg,185,actief,2024-01-29,website
rec3JVjLCJbYRZE2m,Kasia Taylor,kasia.taylor@live.nl,1980-08-12,man,636039183,+31661431544,Leiden,147.6,kg,188,active,07-05-2022,typeform
recIacGPdxg9MuVhQ,Anna Sharma,anna.sharma@protonmail.com,2004-09-12,male,,+31602094354,Zaandam,134.6,kg,184,active,21-07-2022,import
recLRq4xUvLOexNMD,Daan Dijkstra,daan.dijkstra@protonmail.com,1958-02-10,Male,,+31601341296,Tilburg,88.5,kg,173,prospect,2024-10-19,campaign_expat_2023
recscH35RmXLg9PdZ,Eva van Dijk,eva.vandijk@live.nl,1994-07-13,female,191780765,+31624737043,Almere,87.4,kg,175,opgezegd,2025-12-14,typeform
recWGhHkkqo7dLR1S,Sanne de Jong,sanne.dejong@gmail.com,1990-10-16,Male,,+31632984897,Haarlem,65.8,kg,159,Churned,2023-11-29,typeform
rec4ckDbprEyDDPgT,Femke Andersen,femke.andersen@kpnmail.nl,1983-10-03,M,,0627895370,Zaandam,98.2,kg,166,active ,2025-02-24,website
rectUOs0thli5D0QR,Kasia Peters,kasia.peters@icloud.com,1973-11-27,male,,0645625477,Delft,,kg,160,Paused,2024-08-10,referral
rectdmjK3Joh6pznn,Emre Dijkstra,emre.dijkstra@protonmail.com,1979-02-24,M,,+31602710492,Zwolle,115.3,kg,182,ACTIEF,2024-12-23,website
reci8ZxQt4X4eftug,James de Jong,james.dejong@hotmail.com,1996-06-16,F,669286552,+31648368620,Rotterdam,119.4,kg,186,Active,2024-04-21,import
recSisBI31XU21UEe,Emre Visser,emre.visser1@yahoo.com,2007-11-25,V,,+31666289929,Amsterdam,129.3,kg,195,active,2024-10-16,campaign_expat_2023
rechUJNrphseOFord,Mei Bos,mei.bos@hotmail.com,1988-06-06,F,,+31697112994,Delft,133.2,kg,181,Churned,18-05-2024,campaign_expat_2023
rechnSEXoSTo0eRlG,Emre Smith,emre.smith@kpnmail.nl,1966-02-04,man,,,Amersfoort,90.6,kg,185,ACTIEF,2024-06-17,typeform
recX3yX4hFbLUMqSP,Sofia Brown,sofia.brown@icloud.com,1973-11-23,f,,0658872942,Amersfoort,82.5,kg,176,active ,23-05-2023,typeform
reco2wB4bsYBCsSe6,Lisa Sharma,lisa.sharma@protonmail.com,1989-01-06,Female,386584394,+31607125372,Amsterdam,145.0,kg,185,ACTIEF,2025-07-07,import
recIYWL9lCdRnSHYY,Daan Kaya,daan.kaya@yahoo.com,1986-03-07,male,,06-55361582,Dordrecht,161.7,kg,197,Active,2024-04-08,campaign_expat_2023
recP8urHUqmrusYEX,Eva de Vries,eva.devries@yahoo.com,17-10-1998,f,,0666766340,Zaandam,74.0,kg,160,active ,2022-09-11,website
reclXii4XNjvkrPg2,Giulia Dijkstra,giulia.dijkstra@protonmail.com,1996-08-18,m,,06-38813767,Delft,133.5,kg,186,Active,2026-04-30,referral
rec1wmn8jT5zqsFPD,Oliver de Boer,oliver.deboer@ziggo.nl,2006-11-11,man,394512248,06-13424690,Haarlem,88.2,kg,172,Churned,2024-11-16,typeform
recLXUBiAsL65K5jw,Sanne Kowalski,sanne.kowalski@ziggo.nl,2000-11-07,female,380608182,+31688548010,Zaandam,82.8,kg,153,cancelled,2025-09-03,website
rec7q9kl3Xo0wdqgY,Oliver Ricci,oliver.ricci@yahoo.com,1969-03-21,Female,,,Delft,120.0,kg,178,on hold,2025-10-07,referral
recEmaYNknuFILUfT,Piotr de Wit,piotr.dewit@hotmail.com,02/23/1990,Male,536441108,+31636154766,Leiden,65.1,kg,155,opgezegd,2022-03-19,import
recFp6ecobndvtrqb,Thijs van den Berg,thijs.vandenberg@outlook.com,07/31/2003,F,,0650134518,Utrecht,98.9,kg,178,Churned,25-11-2023,referral
recODfAPrWjvdtZdj,Deniz de Groot,deniz.degroot@hotmail.com,1987-09-30,man,164738630,+31634691849,Dordrecht,128.5,kg,184,Churned,2024-09-03,campaign_expat_2023
recweXMn62gq4eryp,Fleur de Wit,fleur.dewit@protonmail.com,1983-09-15,female,,06-51635710,Amersfoort,104.3,kg,183,Paused,2026-02-02,import
recPGVRbMXq5MnP5z,Ivan de Vries,ivan.devries@live.nl,07/12/1994,F,177207401,+31695690607,Den Haag,124.5,kg,198,opgezegd,10/08/2022,referral
recrBS5hQISA4t7eJ,Youssef de Jong,youssef.dejong@protonmail.com,1976-01-03,V,,06-95033384,Maastricht,69.2,kg,156,ACTIEF,2024-12-10,referral
recO0BiEvDrgyyT0v,Jesse Peters,jesse.peters@icloud.com,02/12/1960,Male,707318555,0645322069,Den Haag,78.9,kg,166,active ,17-05-2022,typeform
recjiouBNdLQgA1Km,Olga Petrov,olga.petrov@yahoo.com,04/13/2006,man,363958502,+31659107648,Zaandam,,kg,184,churned,12/14/2022,typeform
recnaSANRyPAksNXn,Lisa Jones,lisa.jones@yahoo.com,09/20/1970,V,,+31624847781,Tilburg,77.6,kg,163,opgezegd,08-11-2023,typeform
recJQSOO1qNRBbEaj,Luuk Benali,luuk.benali@icloud.com,1993-04-07,vrouw,,+31675423000,Dordrecht,76.6,kg,164,ACTIEF,2023-07-29,referral
recuKsUBVQX7452JU,Noor de Wit,noor.dewit@gmail.com,1968-10-08,male,826522993,+31628655014,Breda,96.3,kg,186,opgezegd,29-03-2023,import
recdUjf6aIDoXaU40,Emre Smit,emre.smit@gmail.com,1958-10-02,V,,06-71093777,Apeldoorn,,kg,157,active ,2026-01-26,import
recTnp6uKh9ZT6HTz,Willem Novak,willem.novak@hotmail.com,1992-01-04,Female,,+31655664216,Tilburg,100.2,kg,154,new,31-05-2022,typeform
recKbuDASUNvmhXS3,Finn Ivanov,finn.ivanov@hotmail.com,1986-08-08,f,481568141,06-46705516,Tilburg,83.0,kg,158,opgezegd,2026-04-16,typeform
recwInlDqLPOzP5ZE,Fleur van Dijk,fleur.vandijk@ziggo.nl,2003-05-17,man,412686326,+31625683237,Tilburg,104.2,kg,165,Churned,2025-09-28,website
recFXqFGgJjdD3oSV,Oliver Sharma,oliver.sharma@kpnmail.nl,1974-03-20,Female,,+31638325696,Almere,94.0,kg,169,ACTIEF,2025-09-04,import
rec5k0SoLysVdttdx,Wei de Groot,wei.degroot@gmail.com,12/03/1991,m,,06-19926113,Amersfoort,68.4,kg,160,active,2025-01-16,referral
recj0p89tSuLbBK8S,Noor Smits,noor.smits@live.nl,1976-12-25,Female,739084586,+31673728597,Leiden,115.3,kg,170,Churned,2025-10-27,referral
recchGMGPOLy3eqgg,Youssef Bakker,youssef.bakker@kpnmail.nl,1978-12-17,f,223800545,06-21681236,Arnhem,100.5,kg,190,churned,2025-05-01,referral
recj43QourNO0WtwA,Hendrik de Graaf,hendrik.degraaf@icloud.com,1982-07-31,m,,+31607788447,Maastricht,73.2,kg,161,actief,30-04-2022,typeform
recE9xygZUIkcs7Pd,Levi Bos,levi.bos@outlook.com,10-09-1964,female,414459210,06-00602467,Arnhem,124.4,kg,195,Paused,2022-12-23,website
recg3WbE79jbcTK6K,Wei Bos,wei.bos@icloud.com,1994-08-28,male,417000911,06-08683628,Zwolle,,kg,155,Churned,2024-08-12,campaign_expat_2023
recOvus1EXTdqyiG0,Gijs Vos,gijs.vos@protonmail.com,10/24/2007,m,,+31693719405,Amersfoort,127.6,kg,197,prospect,2022-08-30,campaign_expat_2023
rec25KwDGHzKkAIUI,Finn van der Meer,finn.vandermeer@hotmail.com,1976-02-29,Male,871915315,+31645010550,Leiden,97.1,kg,181,Prospect,2025-02-09,typeform
recyLg69l6tpjjA1d,Kees Bos,kees.bos@ziggo.nl,10/28/1984,male,,+31667355898,Maastricht,82.2,kg,164,active,30-05-2022,website
recalFobkwTS8hbjS,Emre Chen,emre.chen@yahoo.com,06/04/1996,Female,,+31687121885,Amsterdam,193.3,,161,opgezegd,2022-06-28,typeform
recjxYQoptor0zvqs,Jan Jones,jan.jones@icloud.com,2000-09-26,vrouw,,06-36606658,Rotterdam,112.2,kg,191,new,2023-01-15,typeform
recYk4MjUgk2G2vua,Zeynep de Vries,zeynep.devries@outlook.com,1972-05-12,male,,0644361318,Almere,101.7,kg,187,cancelled,09-01-2023,typeform
recH3OgbUsW8Af5vp,Sophie de Jong,sophie.dejong@outlook.com,28-09-1958,Male,259291067,+31676815390,Zwolle,311.3,lbs,187,cancelled,2023-01-14,campaign_expat_2023
recebn1o06VYqjKPp,Daan van Leeuwen,daan.vanleeuwen@yahoo.com,05/12/1966,f,369546556,06-46366893,Tilburg,99.0,kg,184,opgezegd,28-04-2024,typeform
recTa9VC8pgqUY8Gx,Bram Demir,bram.demir@hotmail.com,1961-02-24,f,682209521,,Apeldoorn,117.4,kg,198,gepauzeerd,2023-09-22,typeform
recTrzjdLBiXiqCAH,Maud Smits,maud.smits@gmail.com,1999-10-19,vrouw,,+31639775887,Rotterdam,133.6,kg,190,cancelled,2025-05-28,import
recCCFW6pAMnjTEP0,Arjun Ricci,arjun.ricci@live.nl,1975-07-25,vrouw,572703946,+31617890782,Tilburg,73.4,kg,167,ACTIEF,2025-05-12,import
recAeyOioGd6e09ry,Bram Nowak,bram.nowak@icloud.com,1958-09-23,female,,0660055293,Zwolle,85.5,kg,171,ACTIEF,05-10-2023,typeform
rec6HE9KcqdUxewPD,Ivan Peters,ivan.peters@hotmail.com,1996-05-03,M,,06-62476769,Nijmegen,94.2,kg,172,active,01-04-2022,typeform
rec8QcZd09HFVSJbT,Marco de Boer,marco.deboer@gmail.com,1995-01-04,f,,+31653675940,Zaandam,86.7,kg,172,ACTIEF,2026-05-27,typeform
recBPM0407zPpJdOb,Lotte Vos,lotte.vos@live.nl,15-04-1981,male,,+31618026948,Maastricht,93.9,kg,155,Churned,2022-09-19,campaign_expat_2023
recRoJwOjrluUuHLU,Bram Sharma,bram.sharma@live.nl,1989-05-29,M,,+31613556251,Haarlem,77.0,kg,172,Churned,2025-09-17,campaign_expat_2023
recbU8wbFLQNUi4rk,Daan Dijkstra,daan.dijkstra1@gmail.com,1969-02-04,M,,+31603167434,Tilburg,97.2,kg,190,active ,2024-12-29,campaign_expat_2023
recRWZdzXaShqT6jW,Fleur Bos,fleur.bos@protonmail.com,1984-07-20,Female,,+31657233354,Utrecht,262.3,lbs,186,Churned,2025-06-28,typeform
recy386BUVyC1mMIw,Sophie Andersen,sophie.andersen@ziggo.nl,1968-02-04,Female,,06-55851302,Maastricht,133.8,kg,180,Prospect,2026-01-02,referral
recCZQmYJVm9WxW8x,Eva Sharma,eva.sharma@gmail.com,1985-07-27,female,,06-71755975,Tilburg,118.9,kg,175,Active,2025-02-22,campaign_expat_2023
rec3C8btrnlPOiHyp,Femke de Jong,femke.dejong@gmail.com,1982-03-22,Female,,+31625968483,Eindhoven,136.6,kg,190,ACTIEF,2022-09-08,referral
recd7h6R9K03q7XOk,Emre van Dijk,emre.vandijk@outlook.com,2006-03-08,m,668436451,0623213922,Breda,83.2,kg,160,Churned,09-06-2022,typeform
recNOtso8It1kVn1l,James de Graaf,james.degraaf@yahoo.com,1966-02-12,vrouw,569054400,,Breda,95.3,kg,152,Active,2024-06-21,import
recTNLnN9yVzSUiZM,Lucas Taylor,lucas.taylor@hotmail.com,2001-10-07,man,,06-88080034,Zaandam,75.7,kg,157,actief,2025-07-23,website
recDMXcsngVSwlNzO,Willem El Amrani,willem.elamrani@gmail.com,2000-02-21,f,484247736,+31618753488,Delft,95.8,kg,185,active,2025-02-11,typeform
recJsEmyeB80HvtB4,Sem de Vries,sem.devries@yahoo.com,1958-01-02,vrouw,,,Haarlem,97.1,kg,187,ACTIEF,17-05-2023,typeform
recWP2WbDkThHYmlf,Arjun Jones,arjun.jones@ziggo.nl,18-10-1988,V,,+31644605856,Breda,78.0,kg,173,active,03-11-2022,referral
recFKadHdMFFnVnfR,James Bos,n.v.t.,1964-01-25,Male,833302164,+31611999923,Utrecht,94.0,kg,173,Active,2025-08-30,website
recXbDHSYbXfE8qpC,Deniz Ivanov,deniz.ivanov@hotmail.com,13-02-1959,M,,0656162654,Apeldoorn,99.5,kg,183,Active,09/09/2023,typeform
recaxJs1is4r83POi,Emily Brouwer,emily.brouwer@live.nl,1996-02-28,f,727129363,+31644871102,Amersfoort,115.6,kg,167,churned,2025-11-28,campaign_expat_2023
recGGHaX1tJOvB7bB,Oliver Meijer,oliver.meijer@outlook.com,1994-02-14,F,814095331,06-78106313,Delft,111.4,kg,168,ACTIEF,2025-05-10,typeform
recwYls8tF7Hnvwcd,Sem Peters,sem.peters@hotmail.com,1968-10-23,M,,+31631743937,Leiden,140.7,kg,195,actief,2022-08-22,import
rec9JI1vxWpQMzroO,Jesse Visser,jesse.visser@ziggo.nl,2005-02-19,female,,0685798078,Amersfoort,141.8,kg,195,opgezegd,2026-05-01,typeform
rec7XaWcJTidxKpFv,Teun de Jong,teun.dejong@icloud.com,04-06-1987,F,159676915,0603807085,Almere,113.1,kg,170,active ,2023-01-18,import
recx09Nqyoc9nHU1P,Olga Dijkstra,olga.dijkstra@hotmail.com,1993-05-08,f,,0624850249,Amersfoort,92.6,kg,172,paused,2025-08-05,typeform
rechVLlYI5FP1IIxa,Sophie Dekker,sophie.dekker@kpnmail.nl,1967-03-31,female,117500896,06-62982106,Dordrecht,72.6,kg,166,active,2023-02-28,referral
rec2WVfVwqs5SofmI,Ivan Bakker,ivan.bakker@icloud.com,1994-09-09,male,,0696931271,Apeldoorn,106.9,kg,181,churned,2025-07-31,typeform
rec0Pq47vyrruzdmd,Anna Sharma,anna.sharma@gmail.com,1969-02-14,female,149710444,+31636596107,Amersfoort,84.5,kg,162,active ,2025-10-08,typeform
recPAVi8LRlzeuHdv,Kasia Kowalski,kasia.kowalski@ziggo.nl,2002-11-03,Male,,+31601467744,Zwolle,88.6,kg,181,paused,2024-09-02,typeform
recWzTZ5JvtQP0d6G,Hendrik Peters,hendrik.peters@icloud.com,1976-12-20,male,,+31671707151,Zwolle,84.4,kg,165,active ,2025-08-17,website
recUobdl7spB50Z4M,Deniz Brown,deniz.brown@live.nl,03/10/1971,male,,0684472609,Arnhem,87.5,kg,164,actief,11/21/2023,campaign_expat_2023
rec0hEyByX5DMUlT1,Gijs Brown,gijs.brown@kpnmail.nl,1977-07-24,male,913952278,+31659878060,Eindhoven,,kg,191,ACTIEF,2024-07-06,campaign_expat_2023
recGXoBBxyfpDFRkb,Teun Mulder,teun.mulder@ziggo.nl,1999-05-05,female,,,Delft,145.3,kg,185,actief,05-08-2023,typeform
rectP8WSvfKMosQYU,Milan Bakker, milan.bakker@gmail.com,1966-01-03,V,540799452,+31657467103,Leiden,103.7,kg,181,active,2026-03-06,referral
recChjEsYhObUQOM5,Sem Petrov,sem.petrov@hotmail.com,10/19/1964,m,,+31607963164,Tilburg,143.2,kg,189,on hold,2023-11-10,website
recIy90OGBVroi0CP,Levi Sharma,levi.sharma@kpnmail.nl,1962-03-03,vrouw,,06-13305687,Den Haag,81.9,kg,153,cancelled,2025-08-19,referral
recABeu57J8vCSUIK,Anna Nowak,anna.nowak@ziggo.nl,1989-10-29,male,,0645900994,Den Haag,143.1,kg,185,Churned,2025-11-15,typeform
recjJHrMc6ErowscO,Ahmed de Groot,ahmed.degroot@outlook.com,20-01-2001,Male,,+31628861825,Delft,126.4,kg,173,active ,16-11-2022,typeform
recP6I4c3n2kZ979E,Zeynep Yilmaz,zeynep.yilmaz@outlook.com,1994-05-03,vrouw,775292333,+31614123965,Groningen,146.9,kg,192,Active,2025-04-26,typeform
rec51OOId7IjZoweN,Noor Benali,noor.benali@yahoo.com,1987-05-25,m,821903925,+31629098165,Nijmegen,110.5,kg,185,actief,2026-01-28,referral
recpfCxx10lZKuje9,Eva Yilmaz,eva.yilmaz@gmail.com,1997-12-31,F,228817067,+31694062217,Utrecht,,kg,165,active ,2023-04-11,website
recpSZk4m6peyEBNN,Emily Wilson,emily.wilson@gmail.com,1996-01-27,Male,,+31678380118,Arnhem,82.7,kg,157,ACTIEF,2025-04-19,referral
recHjbJ3WZYBu32uk,Olga Kaya,olga.kaya@icloud.com,1986-11-15,vrouw,,,Groningen,138.9,kg,194,new,2022-12-21,campaign_expat_2023
rectwGm2IKHWF7AQz,Arjun Rossi,arjun.rossi@icloud.com,1968-04-01,male,,06-56908107,Groningen,151.1,kg,197,on hold,2022-09-20,website
recQmMEfkbihlE1iy,Lucas Wilson,lucas.wilson@yahoo.com,07/31/1993,F,,0618483375,Amsterdam,101.9,kg,173,paused,2022-12-18,import
rec9NgVEMH57sA1ak,Ruben Jones,ruben.jones@hotmail.com,16-06-1966,Female,,06-59218150,Nijmegen,130.6,kg,181,opgezegd,2023-12-22,campaign_expat_2023
recy6Iai9ekfIzt6q,Willem van den Berg,willem.vandenberg@live.nl,1968-05-25,female,672275600,06-39270881,Almere,156.6,kg,198,active,2022-12-11,import
recGBCGkhjqwccIDp,Luuk van Dijk,luuk.vandijk@hotmail.com,2002-06-10,male,,+31661356516,Eindhoven,89.4,kg,159,active ,2025-08-14,import
recBo3d5jVmfCbA1f,Ahmed Mulder,ahmed.mulder@hotmail.com,04-02-1970,vrouw,612762439,,Den Haag,139.9,kg,198,active ,29-06-2022,referral
recZxyTgD3ub5xHnH,Femke de Wit,femke.dewit@live.nl,1997-11-03,man,,0626782200,Groningen,91.5,kg,186,opgezegd,2025-04-01,typeform
recq1VyezOxClgUYN,Youssef Sharma,youssef.sharma@protonmail.com,12/29/1986,vrouw,,06-27291247,Tilburg,82.5,kg,172,active,2022-05-02,campaign_expat_2023
recQeFRVnOFColQAK,Piotr Smit,piotr.smit@hotmail.com,1975-03-02,vrouw,577730617,0669557419,Amersfoort,98.5,kg,185,churned,2023-07-25,import
recepKPr8jMimNTcu,Milan Sharma,milan.sharma@gmail.com,06/24/1982,Female,,,Dordrecht,106.5,kg,197,Churned,2023-04-11,website
recV2wg1MhlUTaotH,Femke de Vries,femke.devries@hotmail.com,1992-05-27,Male,835546755,+31641615795,Haarlem,97.3,kg,184,active ,2025-12-05,referral
recvqlpUQZwAknEF2,Emre de Groot,emre.degroot@yahoo.com,1970-06-03,F,,+31637882946,Rotterdam,93.7,kg,163,on hold,2026-03-07,import
recXjyOiDdxK89lEm,Gijs Bos,gijs.bos@icloud.com,08/11/1965,Female,274554756,+31608500105,Utrecht,139.4,kg,196,ACTIEF,27-05-2023,import
recKRW7KpO80CPCqG,Emily Dekker,emily.dekker@outlook.com,1963-08-20,female,404032850,0674874029,Den Haag,96.9,kg,179,Active,2025-05-27,import
recjrZKd0GRd1v714,Wei Jansen,wei.jansen@kpnmail.nl,05-06-1991,V,,+31614218227,Apeldoorn,102.7,kg,198,Active,2022-12-09,referral
rec3GNK3CzxpmeYrk,Olga Rossi,olga.rossi@icloud.com,06-08-1999,man,,06-93806737,Delft,69.2,kg,163,churned,03/02/2023,referral
recDEziP1Q7K93lNb,Olga Wang,olga.wang@yahoo.com,12-02-1964,F,339768721,0671177056,Almere,92.6,kg,188,actief,14-01-2024,import
recoWn2HonqSDi74q,Sophie Rossi,sophie.rossi@icloud.com,09-01-1991,Male,,+31679479847,Zwolle,101.5,kg,196,ACTIEF,11-01-2024,referral
rec2s8XmvbEkcPhAO,Jan Peters,jan.peters@ziggo.nl,02-10-1994,Male,,,Amersfoort,90.0,kg,159,Active,2024-02-26,typeform
recrpjz7vB58Uddpk,Teun Kowalski,TEUN.KOWALSKI@ZIGGO.NL,1963-02-15,Female,,06-19349150,Dordrecht,145.1,kg,190,Churned,2025-10-08,campaign_expat_2023
recpORsbeA5VyPl2D,Sem Jansen,sem.jansen@gmail.com,1973-12-11,V,,0676382021,Breda,103.2,kg,190,Active,2025-05-05,referral
recya12kt70gWbrGE,Fleur Demir,fleur.demir@hotmail.com,2001-01-09,vrouw,637941676,0634970202,Nijmegen,70.9,kg,157,Active,2025-03-02,import
recTbwkJTJ9CljS4L,Arjun van Dijk,arjun.vandijk@gmail.com,1983-06-03,f,648819103,,Breda,263.5,lbs,169,cancelled,2025-08-08,typeform
reclyaAVgSWrCScGy,Kees Costa,kees.costa@outlook.com,2005-12-13,male,,+31663425599,Amersfoort,105.9,kg,176,Prospect,2022-10-21,typeform
recySWLeXg3dHZO4T,Maud Ricci,maud.ricci@hotmail.com,1994-12-03,M,873297829,+31642094031,Breda,92.6,kg,168,Active,25-06-2022,website
recSIQVggdoocCMqD,Marco Dekker,marco.dekker@gmail.com  ,2002-10-26,man,569243622,+31683774065,Breda,107.9,kg,183,actief,2022-08-06,typeform
rec1JqJ6dSywVRY3Q,Ahmed Dijkstra,ahmed.dijkstra@gmail.com,1976-05-21,man,406693468,0656543992,Breda,91.5,kg,160,ACTIEF,2024-08-02,typeform
recgsgggyZreGNToZ,Ahmed van Dijk,ahmed.vandijk@outlook.com,1994-04-02,f,783353339,06-46433051,Tilburg,144.4,kg,192,new,04/15/2024,referral
recoJpjvj4cAeBbjI,Lotte Brown,lotte.brown@protonmail.com,2001-11-21,f,,0681684104,Amersfoort,132.8,kg,177,prospect,2026-06-14,website
recpZYPeZlNfBqw5h,Mohammed Visser,mohammed.visser@yahoo.com,1967-10-21,man,496084392,+31669737437,Apeldoorn,66.5,kg,159,Active,03-06-2023,typeform
recXJbnEXGkiQfX3C,James Smits,james.smits@hotmail.com,09/13/2060,male,,0641208602,Arnhem,67.2,kg,158,prospect,2022-12-02,referral
recZgUl6Jj4gJa6E6,Olga Demir,olga.demir@outlook.com,04/18/1971,Male,,06-14872556,Arnhem,106.6,kg,183,prospect,2022-07-03,typeform
recVvSpWCO6VuXhI0,Thijs Nair,thijs.nair@outlook.com,1995-11-05,f,,+31647777599,Apeldoorn,129.5,kg,189,ACTIEF,27-08-2023,campaign_expat_2023
recbpvLcArdH8HvGi,Olga Mulder,olga.mulder@kpnmail.nl,1992-05-03,female,496165446,+31638020510,Dordrecht,125.0,kg,196,cancelled,2024-07-23,referral
recGUej9V3EfCo1h7,Lucas Jansen,lucas.jansen@ziggo.nl,1999-03-29,m,,+31612288161,Haarlem,70.7,kg,154,actief,2022-07-10,website
rec0wYFeZ1wtaWGiw,Mei Ivanov,mei.ivanov@kpnmail.nl,1982-03-16,male,,0656573050,Groningen,127.5,kg,175,churned,2024-07-14,website
recE5aSmSHb5wES3G,Anna Mulder,anna.mulder@live.nl,1983-06-08,F,790039527,0610562365,Breda,104.3,kg,189,active ,2024-07-08,import
rec0gSQCNTih6Niuu,Lotte Visser,lotte.visser@yahoo.com,2004-03-20,m,,06-61292314,Breda,114.8,kg,178,active ,2023-10-13,referral
recmvpBLF8m5aHfk1,James Brouwer,james.brouwer@gmail.com,1970-01-06,male,877339855,06-19698840,Zaandam,117.4,kg,192,Active,2022-09-29,campaign_expat_2023
receMZmtvF6uoGObf,Kasia Vos,kasia.vos@kpnmail.nl,03/07/1969,m,600303342,0601604727,Almere,128.2,kg,177,active ,2024-08-02,website
recEckx0he0n102dz,Fatima Benali,fatima.benali@protonmail.com,1972-09-25,vrouw,,0699099083,Amsterdam,121.8,kg,198,actief,2023-10-23,website
recgNJDbYoyLIQjqx,Priya El Amrani,priya.elamrani@outlook.com,06/14/2000,male,,06-96903364,Haarlem,300.0,,181,ACTIEF,2023-08-30,typeform
recoi8hS2132Hd9KX,Anna Smits,anna.smits@live.nl,1980-07-21,Male,,,Rotterdam,145.0,kg,186,actief,2024-12-01,typeform
rec8ZVQFjl2204h5d,Levi Jones,levi.jones@icloud.com,1971-08-10,M,,,Zaandam,83.6,kg,163,gepauzeerd,2025-05-02,import
recLMaVpgZTZoOBcV,Hendrik Wilson,hendrik.wilson@kpnmail.nl,22-03-1970,Male,312944810,+31677105213,Haarlem,93.8,kg,163,cancelled,2022-04-27,website
recrzrOVCfB2rB5HO,Thijs de Vries,thijs.devries@ziggo.nl,1981-03-12,vrouw,,+31624922534,Amsterdam,80.3,kg,164,opgezegd,2024-04-03,typeform
recVOS5eltX7TfsYA,Sophie Smit,sophie.smit@gmail.com,1960-04-26,Male,,06-01954096,Delft,97.7,kg,160,ACTIEF,2025-05-18,campaign_expat_2023
rec2j6sHdHFjyKIZo,Marieke Smits,marieke.smits@hotmail.com,1993-04-29,vrouw,236119011,0667980893,Apeldoorn,97.9,kg,191,opgezegd,2025-01-28,campaign_expat_2023
recVk0Q7zBiePOrcp,Gijs Rossi,gijs.rossi@kpnmail.nl,2003-09-19,male,,06-83074451,Delft,111.7,kg,165,ACTIEF,21-05-2022,typeform
recLmQisLSIBjfdkv,Willem Brown,willem.brown@icloud.com,1995-08-18,female,,0669391718,Almere,141.6,kg,190,Active,2022-09-18,typeform
recIShP2tvZ1CHCt2,Willem van der Meer,willem.vandermeer@kpnmail.nl,31-12-1983,Female,393366029,+31618489775,Leiden,77.8,kg,158,actief,04/27/2022,typeform
rece0XSrQfNAjRhep,James Kowalski,james.kowalski@yahoo.com,1977-11-06,Female,,+31678763685,Haarlem,76.5,kg,170,Active,2024-06-11,import
recl44FXw1BwrkI6K,Julia Andersen,julia.andersen@icloud.com,10/02/1962,m,,06-19149139,Haarlem,116.3,kg,180,active ,05/23/2023,typeform
rec2cmHKnbKWRwIHX,Marieke Smit,marieke.smit@outlook.com,2007-10-30,Female,618277419,06-04435757,Amsterdam,115.3,kg,185,prospect,09/23/2023,import
rec0aIBEk9JZ6INgL,Noor de Jong,noor.dejong@icloud.com,17-06-1996,M,412339936,,Tilburg,106.1,kg,181,Active,08-07-2022,campaign_expat_2023
recxxpLUidkF8LeN8,Wei Smits, wei.smits@protonmail.com,1978-07-23,man,,06-60480202,Almere,82.7,kg,158,cancelled,2024-05-07,import
recWL2Egvioiu0dKt,Giulia Meijer,giulia.meijer1@kpnmail.nl,1964-06-03,m,,06-87419663,Delft,90.1,kg,165,prospect,18-03-2022,typeform
recb1UYaSxN76S7fr,Roos Ricci,roos.ricci@hotmail.com,09/08/1958,Female,,06-49956492,Maastricht,102.3,kg,196,actief,07/27/2023,typeform
recd2ZtCm2jb1vfOu,Marieke Rossi,marieke.rossi@ziggo.nl,20-01-1971,male,,+31615078479,Tilburg,,kg,179,active,2023-02-25,typeform
reclek6IQ1SPvQ7z3,Amira Peters,amira.peters@hotmail.com,2000-04-30,M,,06-05875508,Zwolle,99.1,kg,162,opgezegd,2024-07-23,typeform
receeCX1CBAJRAims,Kasia van Dijk,kasia.vandijk@gmail.com,1977-11-22,Male,561255635,06-27624521,Eindhoven,93.1,kg,181,ACTIEF,2026-03-25,website
rec6lExMeCi1Te3OE,Jan Ivanov,jan.ivanov@gmail.com,1977-11-25,M,,0695794031,Dordrecht,77.0,kg,156,actief,2026-01-31,website
recwBC4wKKK5IDJUr,James Mulder,james.mulder@hotmail.com,1977-11-18,Female,508622852,06-90032369,Almere,137.4,kg,197,ACTIEF,2024-09-06,referral
recp5JgEzttA1bVHi,Ahmed de Groot,ahmed.degroot@gmail.com,1986-09-17,Male,,06-93166577,Leiden,96.0,kg,191,opgezegd,2024-08-30,typeform
recyuTcAdmJZWNxv2,Julia El Amrani,julia.elamrani@icloud.com,1992-06-19,V,,06-32897233,Zaandam,105.9,kg,173,actief,2022-09-28,typeform
recWM686gotMf9MHK,Zeynep Wang, zeynep.wang@ziggo.nl,1979-11-11,male,898015418,+31611512013,Eindhoven,93.3,kg,155,gepauzeerd,2025-11-13,campaign_expat_2023
recDaku8sFzBAWbGF,Mei Ivanov,mei.ivanov@protonmail.com,2000-01-22,f,,+31668885683,Amersfoort,97.7,kg,166,actief,2025-03-06,import
reccBIKiP43SOynyY,Mohammed Jones,mohammed.jones@ziggo.nl,2007-04-08,female,,,Amersfoort,112.2,kg,196,actief,2024-12-30,campaign_expat_2023
recKO2YVBwYfTaGt6,Hendrik Bos,HENDRIK.BOS@OUTLOOK.COM,1958-07-05,Male,,+31644276732,Groningen,146.5,kg,191,Churned,2022-10-23,import
recWIclM6z9At1UpL,James de Vries,james.devries@kpnmail.nl,1996-12-26,male,,+31635797244,Zaandam,92.0,kg,183,actief,2023-02-24,typeform
recXmh116kvnvtFu0,Kasia Wilson,kasia.wilson@yahoo.com,1977-07-07,Male,,+31676180939,Breda,88.3,kg,152,active,2024-03-25,website
recB42VDgEpuz3mF6,Zeynep Jansen,zeynep.jansen@kpnmail.nl,1987-02-08,man,,+31644549049,Den Haag,66.2,kg,156,churned,2025-10-06,website
recjzX1cD4CXvSYAO,Oliver de Groot,oliver.degroot@hotmail.com,2007-10-11,M,,06-58991628,Apeldoorn,100.4,kg,194,ACTIEF,2025-05-26,import
rec0yaqJ1s3FPwU4l,Levi Wang,levi.wang@live.nl,1989-12-24,Male,,06-57606595,Zwolle,124.9,kg,186,active ,2022-04-12,typeform
rec1jr3v2HhTG3Q6D,Elena de Vries ,elena.devries@protonmail.com,1976-05-16,Male,,+31619087763,Apeldoorn,140.2,kg,191,active,2026-02-07,campaign_expat_2023
recR6XTOxktWq00XA,Sanne Rossi,sanne.rossi@outlook.com,1997-12-28,m,,+31658327650,Dordrecht,83.6,kg,175,actief,2026-01-18,typeform
recpMhM5dCbxAtQFA,Sophie Andersen,sophie.andersen@protonmail.com,07/14/1968,f,,+31601156091,Tilburg,111.2,kg,182,Active,03/13/2022,typeform
reclh9BMsYxAIzEAL,Milan Smith,milan.smith@outlook.com,1994-05-13,vrouw,287815456,0614597813,Delft,65.2,kg,153,Active,2022-11-19,import
recfPOfKgjixNc6wQ,Deniz Andersen,deniz.andersen@hotmail.com,1988-02-28,female,,0614412658,Haarlem,114.9,kg,194,on hold,2026-02-04,website
recuZtIvKJpLZMYw7,Wei Dijkstra,wei.dijkstra@icloud.com,09-05-1991,M,,+31660316050,Zwolle,86.7,kg,156,opgezegd,2023-05-18,website
rec3kTEByW8UmyefM,Piotr Vos,piotr.vos@yahoo.com,1967-05-24,m,,+31611418797,Amersfoort,292.8,lbs,188,ACTIEF,2025-06-12,website
recicACg3FX2mn2hz,Willem Dekker,willem.dekker@kpnmail.nl,1980-07-24,male,988595370,06-13330535,Almere,118.6,kg,173,ACTIEF,2025-01-06,typeform
recLbjb4HMkbkXjQn,James Kaya,james.kaya@yahoo.com,1993-01-06,M,,0608535266,Utrecht,123.0,kg,185,active ,2023-07-02,website
rectDOS4xpzHzSjx9,Hendrik Vos,HENDRIK.VOS@ICLOUD.COM,05-04-1967,F,,+31609781486,Breda,76.0,kg,160,cancelled,2024-04-29,campaign_expat_2023
rec3RMS8whQ3v3MEL,Ahmed Petrov,ahmed.petrov@yahoo.com,1964-09-27,M,375357609,06-58953475,Zaandam,113.0,kg,182,cancelled,2026-05-17,typeform
recSyzqi1VhZkRSJF,Marieke Dekker,marieke.dekker@kpnmail.nl,12/04/1969,F,,06-83850986,Arnhem,113.5,kg,195,Churned,2023-08-10,website
recSs7Z1nRAkiCAW4,Lisa Hendriks,lisa.hendriks@ziggo.nl,1992-05-01,male,,,Maastricht,104.4,kg,190,actief,2025-01-06,referral
recM6o1vkUGOvLT2n,Ruben El Amrani,ruben.elamrani@outlook.com,1978-04-03,Female,,06-05678534,Zwolle,,kg,159,opgezegd,14-07-2022,typeform
recyQSm3dTl60xdGK,Emma El Amrani,emma.elamrani@ziggo.nl,04/12/1986,f,,+31692479550,Zwolle,,kg,176,active,09-07-2022,campaign_expat_2023
rec9HAb2sBQsIIUIf,Luuk Andersen,luuk.andersen@live.nl,1979-05-07,M,126589033,+31625433009,Rotterdam,136.9,kg,188,Active,02/28/2023,typeform
recju5A7EBRPRQ8Jw,Willem Horvat,willem.horvat@protonmail.com,01/17/1985,female,,06-39122161,Amersfoort,139.5,kg,197,actief,2022-12-17,website
recLD2P5pC2YUDhMq,Giulia Ricci,giulia.ricci@ziggo.nl,1995-08-10,m,,06-85199328,Rotterdam,114.3,kg,196,cancelled,04/02/2024,campaign_expat_2023
recTJY7nq4wEYhOVK,Emre Nowak,emre.nowak@protonmail.com,2004-09-06,M,,06-97843637,Breda,141.2,kg,193,active,2025-08-26,import
recG4C9wR6Q5tLGVC,Luuk Rossi,luuk.rossi@ziggo.nl,13-12-1990,F,973848352,0676078260,Zwolle,71.7,kg,161,actief,01/30/2023,typeform
recefPnpkyxmF7lxJ,Jan van Leeuwen,jan.vanleeuwen@protonmail.com,06-02-1977,M,657133322,+31661960826,Apeldoorn,100.5,kg,158,new,2024-05-24,typeform
rec5pZnwB8kKdrFlw,Wei de Boer,wei.deboer@ziggo.nl,07/13/1977,female,,06-70066773,Amsterdam,147.5,kg,193,active ,2022-12-04,typeform
recvmpf5wXJvEVapa,Giulia Petrov,giulia.petrov@outlook.com,1966-03-19,f,,+31694639205,Rotterdam,100.6,kg,186,cancelled,2025-01-22,typeform
recNka1ppncKTPJHV,Sanne Visser,sanne.visser@live.nl,04/17/1981,M,,06-38427564,Den Haag,155.7,kg,193,opgezegd,03/29/2022,website
recSscB28Frogs2SJ,Wei de Graaf,wei.degraaf@icloud.com,1986-07-20,F,885786907,0679218397,Rotterdam,132.0,kg,182,Active,11/16/2022,typeform
recVaagks4syST5Gp,Thijs de Boer,thijs.deboer@yahoo.com,1964-11-05,Male,,0677145507,Leiden,121.1,kg,173,cancelled,25-10-2023,import
recgbLL0hyENDyQVF,Arjun Dijkstra,arjun.dijkstra@live.nl,1992-07-30,male,743765072,+31669352992,Amsterdam,107.2,kg,171,Active,2024-04-22,website
recC5InyXiFCFAOEH,Mei Petrov,mei.petrov@protonmail.com,1962-06-27,female,,+31660371892,Almere,96.3,kg,153,active,2026-04-22,import
recjqZjKiMoE7eqpl,Lisa Mulder,lisa.mulder@icloud.com,1969-07-31,M,317107148,,Rotterdam,80.9,kg,167,new,2026-02-08,referral
recJ1lYiQwIyEEPkp,Wei Smith,wei.smith@ziggo.nl,07-07-1980,V,,+31641944540,Utrecht,138.5,kg,184,Churned,11/05/2023,website
recIS0ef3m1pLnkga,Kees Novak,kees.novak@icloud.com,1978-12-19,F,,06-45111670,Breda,101.0,kg,184,Active,2025-07-11,website
recKVEeC2cRLmZvhf,Anna Smits,anna.smits@protonmail.com,1962-05-30,m,,+31676253310,Haarlem,113.7,kg,180,gepauzeerd,2026-05-26,typeform
rec5YQX1LOnITz1b9,Sem de Boer,SEM.DEBOER@YAHOO.COM,02/03/1960,F,,+31617612096,Den Haag,111.8,kg,181,ACTIEF,2024-01-20,typeform
recteTqFn8pkMltTD,James van der Meer,james.vandermeer@kpnmail.nl,1979-10-23,female,,+31653412201,Amsterdam,134.2,kg,190,active ,2022-09-21,typeform
recBo9CyhNTYVdMAD,Finn van der Meer,finn.vandermeer@gmail.com,1975-10-09,man,,+31604157600,Haarlem,101.9,kg,155,opgezegd,2024-07-01,import
reccTEaPtCOx2jn3n,Sofia Bos,sofia.bos@gmail.com,1959-06-19,Female,628812541,0610771432,Leiden,113.8,kg,187,Churned,2023-09-13,import
rec82u15uzyLz81yt,Deniz Taylor,deniz.taylor@kpnmail.nl,1971-03-02,M,,06-41250828,Groningen,108.9,kg,198,ACTIEF,11-06-2023,typeform
recX33dAoLL1NwLLN,Oliver de Boer,oliver.deboer@yahoo.com,10/12/1970,man,,,Haarlem,149.8,kg,194,ACTIEF,2022-04-08,campaign_expat_2023
recL3WH5GjIVu3Mfz,Arjun Costa,arjun.costa@ziggo.nl,1992-04-20,F,,0664556140,Utrecht,78.4,kg,166,churned,2026-01-21,import
recWTo2CPSccCr2DD,Emily Brouwer,EMILY.BROUWER@LIVE.NL,1996-02-28,V,727129363,+31644871102,Amersfoort,115.6,kg,167,cancelled,2025-11-28,website
rectRFyCYZCrvCYEx,Marieke de Jong,marieke.dejong@yahoo.com,01-06-2001,Female,,06-12531016,Arnhem,101.8,kg,161,churned,03/02/2024,campaign_expat_2023
recQkmZC2oi4v34MW,Eva de Jong,eva.dejong@outlook.com,1971-05-08,Female,,06-32529081,Groningen,100.6,kg,194,Active,04/24/2024,website
recaDqlF78iaNeU4O,Sem Andersen,sem.andersen@gmail.com,11/08/1959,m,,06-75337180,Breda,76.0,kg,162,cancelled,30-11-2022,referral
recCSnmxNSoTIpLV3,Deniz de Groot,deniz.degroot@kpnmail.nl,08/08/2001,vrouw,,+31613948579,Eindhoven,138.6,kg,188,active ,2022-08-05,campaign_expat_2023
recHTr7VXt1rTXLTW,Milan de Boer,milan.deboer@gmail.com,1961-12-27,M,183565769,+31675176512,Nijmegen,86.8,kg,166,Active,2025-11-19,typeform
recxiTvPCGRXGj52K,Zeynep Smith,zeynep.smith@icloud.com,1999-07-26,Female,,+31601885133,Amersfoort,147.3,kg,196,opgezegd,2026-02-10,website
recydhoqY8g5Dp4EA,Zeynep Smit,zeynep.smit@gmail.com,2007-08-18,Male,,0692385468,Nijmegen,97.1,kg,167,on hold,2025-07-22,referral
rectcH0wyhSaGSprt,Youssef Peters,youssef.peters@kpnmail.nl,1979-01-31,man,,06-85995435,Amsterdam,,kg,187,churned,2025-07-24,website
rec9BH6kEDJPtW0a5,Eva Hendriks,eva.hendriks@gmail.com,01/28/1965,V,,0619029201,Den Haag,110.6,kg,178,paused,01/05/2023,typeform
recIW62mhC48DUeKV,Ruben Brouwer,ruben.brouwer@hotmail.com,2003-09-15,man,970621863,0601570454,Nijmegen,106.1,kg,181,opgezegd,2022-05-31,campaign_expat_2023
recBctpsOZvsN3Y64,Wei van Leeuwen,wei.vanleeuwen@kpnmail.nl,1961-09-16,Female,658621853,+31698447485,Utrecht,87.6,kg,158,ACTIEF,2024-07-08,import
reccnbf6WLdRbRkZx,Grace Yilmaz,grace.yilmaz@protonmail.com,1960-08-26,m,,,Arnhem,102.6,kg,180,active ,2024-12-19,referral
rec6k4sirqCXk3hzP,Lisa Ricci,lisa.ricci@hotmail.com,1980-09-15,V,737794458,0689621933,Breda,110.8,kg,189,ACTIEF,11-05-2022,import
recbrc0Ia3FF2glxv,Lucas Wang,lucas.wang@outlook.com,09/20/1974,vrouw,,,Eindhoven,164.7,kg,197,Active,2023-08-17,import
recdFMmw5wf7Bjilz,Ivan Brouwer,none,1995-09-12,V,,0687263536,Apeldoorn,112.0,kg,174,opgezegd,2023-07-06,typeform
recRGljMh1LcVfGFQ,Gijs Andersen,gijs.andersen@gmail.com,1992-06-11,Male,134401116,+31664509424,Maastricht,98.4,kg,188,active ,2023-01-27,typeform
recx3ntJCYkGEs9eW,Milan Jones,milan.jones@yahoo.com,1975-07-04,V,897755819,0613998734,Eindhoven,105.7,kg,163,cancelled,2025-09-08,typeform
recYtRNAKdRyNo9y1,Piotr Smit,piotr.smit1@ziggo.nl,13-02-1961,man,255447978,0644506393,Zaandam,108.2,kg,178,Churned,13-04-2024,import
rec9LnKAcDXgJo38n,Levi Kaya,levi.kaya@ziggo.nl,09/26/1976,man,,+31602827240,Rotterdam,103.0,kg,170,actief,2023-06-19,campaign_expat_2023
recbiTAKgghkZBn1Z,Lisa Bos,Lisa.Bos@Live.Nl,1976-08-02,Female,789550039,+31607759635,Rotterdam,106.5,kg,183,churned,19-12-2022,website
recd2sWKmgVfNT6Yo,Fleur van Dijk,fleur.vandijk@icloud.com,1990-05-25,male,212661668,+31664455107,Amsterdam,119.8,kg,170,active,04/03/2024,campaign_expat_2023
recGnICrE3pIKoXsO,Hendrik Bos,hendrik.bos@live.nl,1968-06-11,V,,+31632870201,Nijmegen,82.6,kg,176,actief,2025-08-07,typeform
recRZeMuFyFVnzHWu,Teun de Graaf,teun.degraaf@outlook.com,1967-03-06,V,878282191,0625639218,Amersfoort,102.7,kg,163,gepauzeerd,2026-05-08,referral
recTnBRbAR5CMEU7I,Piotr Smit,piotr.smit@live.nl,24-04-2006,Male,386554328,+31674505968,Haarlem,92.2,kg,154,active,12/09/2023,import
rec7JMnubaOWJ7Fay,Piotr Smit,piotr.smit@icloud.com,1997-03-10,vrouw,162172205,+31633868005,Nijmegen,130.8,kg,196,churned,2024-11-09,website
recFJKvpbR2bE0XyE,Marieke Bos,marieke.bos@live.nl,14-05-1987,Male,996631112,+31674547150,Arnhem,110.1,kg,165,on hold,12/22/2022,website
recuORNQx3bXSSv52,Arjun Meijer,arjun.meijer@live.nl,02/03/1974,f,,06-34276166,Arnhem,67.5,kg,157,lead,05/29/2023,import
recrHfOX41ZJXHQ2W,Fatima Brouwer,fatima.brouwer@protonmail.com,1999-02-23,man,,+31608168760,Rotterdam,142.9,kg,193,active ,2022-07-24,website
recIIItg86MxhQXP8,Piotr Brouwer,piotr.brouwer@ziggo.nl,1977-06-13,V,838520789,+31646582559,Rotterdam,105.7,kg,176,actief,2026-02-06,referral
recetKQ0ruFxuRNau,Sofia van den Berg,sofia.vandenberg@outlook.com,1983-10-30,female,,+31639609316,Arnhem,214.5,lbs,161,actief,2025-06-13,referral
recufIzlq1fIeu55z,Sanne Nowak,sanne.nowak@yahoo.com,2001-08-10,M,,+31602167259,Groningen,68.3,kg,156,actief,2022-08-06,referral
rec7Ywh20WC4l0r3m,Emma van der Meer,emma.vandermeer@yahoo.com,1979-07-25,V,,+31625173273,Rotterdam,90.0,kg,179,Paused,2024-12-12,import
recEbpPvy1bvRJYB8,Deniz Smits ,deniz.smits@yahoo.com,1993-06-24,m,,,Maastricht,107.5,kg,170,actief,2025-07-17,referral
recG3pgjeBGtsY8GS,Thijs Wilson,thijs.wilson@ziggo.nl,1983-09-04,man,,+31663615655,Breda,103.0,kg,198,active ,2026-03-29,referral
rect8i0836s4bQ9zA,Sofia van den Berg,sofia.vandenberg@hotmail.com,2007-09-27,Male,216989917,+31670475150,Zwolle,85.4,kg,176,ACTIEF,2025-02-07,campaign_expat_2023
recXlVBi2J9oTdj9J,Piotr van Leeuwen,piotr.vanleeuwen@hotmail.com,16-02-1979,M,839202325,0615573315,Apeldoorn,,kg,153,ACTIEF,10/13/2022,import
recRNO9hgbyFTyybl,Priya Kowalski,priya.kowalski@kpnmail.nl,1988-09-29,V,,06-38419243,Haarlem,121.9,kg,183,new,2026-02-05,typeform
rec68AVa1OM9IBVAT,Meitje Ivanov,mei.ivanovx@hotmail.com,2000-01-22,F,,+31668885683,Amersfoort,97.7,kg,166,Active,2025-03-06,typeform
recEMpf8KGY9xQfk4,Oliver Vos,oliver.vos@protonmail.com,11/10/1983,m,,+31684087018,Amersfoort,91.2,kg,186,paused,13-10-2022,referral
recx7DgCxYCAK8fmV,Eva Nowak, eva.nowak@yahoo.com,1964-04-19,female,,+31611543956,Eindhoven,90.7,kg,174,actief,2026-03-08,typeform
recx9dSRIP6dtWNJn,Jesse Dekker,jesse.dekker@kpnmail.nl,1972-02-23,vrouw,938634331,+31640299702,Haarlem,,kg,185,Active,01/08/2024,website
recs2zR5OywkwOvaA,Giulia Smit,giulia.smit@yahoo.com,1986-12-21,Male,,06-93653322,Zaandam,70.7,kg,162,churned,13-01-2024,campaign_expat_2023
rec8sqp0H4MKOaNR4,Lotte Bos,lotte.bos@icloud.com,29-02-1980,M,,0621108538,Haarlem,85.8,kg,156,Churned,2023-06-16,import
recHEWPUeUg766RUp,Ivan Benali,ivan.benali@gmail.com,18-10-1978,F,,06-94285715,Amsterdam,99.5,kg,157,Prospect,2024-04-25,referral
recDXkqcyuq6hQ5Wg,Daan Smith,daan.smith@protonmail.com,1968-12-20,M,940850631,+31661305041,Haarlem,86.7,kg,164,ACTIEF,2024-06-21,typeform
recA7R3eGaXlKlYD6,Youssef Benali,youssef.benali@live.nl,11/13/1992,male,,0697641882,Utrecht,106.5,kg,193,active ,2023-04-22,website
recjS2l3m5YrtgcYq,Zeynep Bos,zeynep.bos@hotmail.com,1979-09-24,V,606751634,06-80014043,Nijmegen,92.0,kg,155,Paused,22-01-2024,typeform
recXB5UEQNHmrgIsV,Marieke Novak,marieke.novak@ziggo.nl,1976-02-19,male,825761815,+31665403841,Amersfoort,113.0,kg,191,prospect,10-10-2023,referral
recSOT9rp8OsbAsL7,Deniz Brouwer,deniz.brouwer@hotmail.com,15-12-1962,m,295974242,,Apeldoorn,133.3,kg,198,actief,2024-03-02,referral
recFV0iaClPjPDf5D,Emily de Wit,emily.dewit@ziggo.nl,2002-02-09,Male,,0667471654,Almere,314.8,lbs,197,actief,2025-02-19,campaign_expat_2023
recSdBIJy3db1nWdE,Anna Rossi,anna.rossi@live.nl,1960-12-11,Female,,+31697310282,Amsterdam,99.9,kg,191,active ,2024-08-26,typeform
rec3AlTYpflNMzBN4,Milan Ricci,n.v.t.,14-07-1991,male,,0612922686,Den Haag,139.5,kg,188,ACTIEF,2022-05-08,typeform
recoda5Jq69wMbewL,Willem Yilmaz ,willem.yilmaz@icloud.com,1969-08-08,Female,165879336,+31610247786,Apeldoorn,145.7,,159,opgezegd,2026-01-27,import
rec5PKd0E9aNqgUjo,Mei Novak,mei.novak@kpnmail.nl,2007-08-07,Female,745352832,06-49814759,Utrecht,132.1,kg,182,cancelled,2026-05-28,import
rec29qlBbzgJV2kiq,Annelies Rossi,ANNELIES.ROSSI@YAHOO.COM,1980-03-09,vrouw,,0680870600,Zwolle,88.2,kg,165,cancelled,2025-09-03,import
recKALo6s6zyWPVoE,Deniz Smith,deniz.smith@protonmail.com,2001-03-23,male,158917376,+31612643637,Zaandam,155.2,kg,194,actief,2026-05-13,referral
recSywYUkqORFwtuZ,Emily van Dijk ,emily.vandijk@ziggo.nl,2000-05-12,M,,06-49101793,Utrecht,92.5,kg,153,cancelled,2026-05-04,typeform
recCgdbBAIEJcCkQN,Piotr Dekker,piotr.dekker@icloud.com,2004-04-01,female,180627156,+31687213322,Nijmegen,95.8,kg,170,churned,2025-05-22,campaign_expat_2023
recXW0YeHAgQjAxdu,Lisa Horvat,lisa.horvat@hotmail.com,1964-09-02,female,556400197,+31602057791,Utrecht,103.6,kg,157,cancelled,2024-07-27,referral
recZgLnOc5amwt54I,Youssef Novak,youssef.novak@protonmail.com,2007-01-15,female,,06-63568008,Breda,72.7,kg,161,active ,2024-11-19,typeform
recFEy3IRmwA5MLyH,Kasia Smith,kasia.smith@hotmail.com,1976-02-09,vrouw,459200045,+31610198876,Arnhem,116.5,kg,183,active ,2025-02-20,import
recj7gL9G2IMkHZ28,Finn Novak,finn.novak@yahoo.com,1974-03-29,vrouw,788441450,+31692056421,Eindhoven,67.5,kg,154,Paused,2025-09-01,website
receZgDFEPsZeR6fE,Oliver Meijer,oliver.meijer@hotmail.com,2000-11-02,male,693501844,+31639599471,Den Haag,132.8,kg,180,ACTIEF,2024-05-22,typeform
recxDxsV0VQ1il4uj,Giulia van Leeuwen,giulia.vanleeuwen@gmail.com,1964-05-28,Male,146827478,+31639017859,Apeldoorn,139.5,kg,183,active,2025-12-10,website
receyTvIiv9pO3EXP,Maud Smith,maud.smith@outlook.com,1966-11-28,m,,0628003688,Rotterdam,85.9,kg,159,actief,03-08-2022,typeform
recQjQXQ7JGk2Dc2W,Milan Rossi,milan.rossi@kpnmail.nl,1999-03-11,man,,06-22733758,Almere,84.5,kg,167,new,2025-11-17,typeform
recWeEKblkiZPF5KT,Kasia Nowak ,kasia.nowak @hotmail.com,1972-08-15,m,,+31674961049,Zwolle,78.5,kg,153,Active,2025-04-02,referral
recayjP9OHbB0TQkA,Eva Sharma,eva.sharma@ziggo.nl,03-12-1992,Male,,,Den Haag,71.7,kg,163,Active,2023-01-29,import
recSBsEOulY7d63pr,Sophie Andersen,sophie.andersen@outlook.com,1994-07-26,female,,06-03245012,Eindhoven,152.0,kg,196,active,2024-09-30,typeform
recQ9VAXDa8W3Ian9,Ahmed de Groot,ahmed.degroot@yahoo.com,1966-03-30,man,277738982,0670615769,Leiden,127.4,kg,174,actief,2026-03-23,referral
reca72U0w4oWuzTTs,Milan El Amrani,milan.elamrani@outlook.com,1969-12-23,F,542577069,06-14136077,Tilburg,130.3,kg,188,active ,2025-03-03,campaign_expat_2023
rec6Quy8Mq6SXa3ZE,Sophie Jones,sophie.jones@icloud.com,1987-04-23,male,,0677605869,Haarlem,160.8,kg,197,on hold,2025-04-22,typeform
reciTKu4oKYvBC9aU,Gijs de Wit,gijs.dewit@protonmail.com,1983-09-30,vrouw,,+31689746731,Arnhem,,kg,179,active,13-07-2023,import
recG1IJLlVuwl8wjx,Sem Brown,sem.brown@kpnmail.nl,1988-01-12,Female,,,Haarlem,99.4,kg,173,opgezegd,2025-05-20,typeform
recncLJb4gUiLI7UD,Sophie de Groot,sophie.degroot@gmail.com,1978-11-19,f,351038632,06-50733837,Zaandam,129.1,kg,175,active,2025-07-26,typeform
recR56RVSoWIGJvQi,Deniz Kowalski,deniz.kowalski@icloud.com,01/17/1968,m,,+31674757361,Nijmegen,96.6,kg,187,actief,24-01-2023,typeform
recM58RBkfxLepkvY,Willem El Amrani,willem.elamrani@live.nl,11/04/1988,man,,06-33862289,Almere,103.5,kg,172,active ,2023-02-01,campaign_expat_2023
recVpafo2xmtET32x,Mei Bakker,mei.bakker@gmail.com,2002-09-25,female,,06-58825450,Dordrecht,132.4,kg,188,lead,2023-12-09,import
recyoJ081rdqaoOq9,Piotr Wang,piotr.wang@yahoo.com,1966-12-24,man,937117092,06-27304158,Rotterdam,116.7,kg,174,actief,2025-04-28,import
recwa6UAvK0JMEo9D,Hendrik Vos,hendrik.vos@icloud.com,04/05/1967,female,,+31609781486,Breda,76.0,kg,160,opgezegd,2024-04-29,typeform
recybdmQAlrc9kwwU,Giulia Jones,giulia.jones@kpnmail.nl,1989-12-16,male,,+31637339941,Amsterdam,92.3,kg,182,active,2024-06-07,typeform
recKEpyXdPqRtHLDM,Fleur de Groot,fleur.degroot@yahoo.com,2002-03-26,f,,06-30265102,Rotterdam,106.0,kg,161,lead,2024-06-18,website
recznUBetHySHz0nH,Emma Kowalski,emma.kowalski@outlook.com,1970-04-09,Male,,,Utrecht,135.4,kg,189,actief,2025-12-28,import
recQSsny41n1m7TCa,Noor Petrov,noor.petrov@live.nl,1980-04-29,M,,0688746656,Nijmegen,111.8,kg,176,actief,05/30/2024,typeform
recX5NtpqSktKbPGP,Kasia Visser,kasia.visser1@gmail.com,1996-09-07,F,165436621,+31637840117,Maastricht,74.8,kg,166,churned,2022-10-05,website
recnnQEt8Nxp4xcc9,Emily Wilson,emily.wilson@live.nl,11/03/1995,M,,,Maastricht,80.8,kg,153,active,2023-04-13,referral
rec3YuZuQuc0ygXBK,Lotte de Wit,lotte.dewit@yahoo.com,1964-06-04,f,,0686520797,Leiden,91.7,kg,155,active,2025-02-21,campaign_expat_2023
rec0dxrn8GEpJgFE3,Sanne Bakker,sanne.bakker@protonmail.com,10/25/1996,male,327561038,06-86648039,Zwolle,100.2,kg,167,Churned,10-02-2024,import
reczAB3ukIrVCjtvp,Marieke Nair,marieke.nair@live.nl,03/12/1962,vrouw,,,Utrecht,86.7,kg,154,opgezegd,08-06-2022,campaign_expat_2023
rec9ikJSENi953IGP,Emre Benali,emre.benali@outlook.com,1968-05-25,Male,,06-36157915,Maastricht,,kg,190,active ,2024-06-25,website
recRFWYD02a9PFbKY,James de Boer,james.deboer@live.nl,1978-07-04,M,779625791,06-44888176,Leiden,122.9,kg,176,prospect,2022-04-21,campaign_expat_2023
recJYM3Ym8wd0ljG6,Sofia van Leeuwen,sofia.vanleeuwen@protonmail.com,1983-01-26,man,,06-50312460,Maastricht,82.5,kg,178,actief,2025-06-10,website
recopgaLUXsuZY8fw,Elena Dijkstra,elena.dijkstra@protonmail.com,1960-02-09,vrouw,,06-02039833,Den Haag,142.3,kg,187,active ,2024-09-05,import
recahDrM9k4ofihod,Mohammed de Wit,mohammed.dewit@hotmail.com,1974-01-17,Female,,0640583028,Almere,127.9,kg,186,active,2025-01-04,typeform
rec62uuURYMxY9hjt,Amira Nowak,amira.nowak@hotmail.com,1969-08-26,V,,+31634910704,Den Haag,120.8,kg,176,active ,2025-05-15,import
recpgCJBDfbM3KzsZ,Fleur Peters,fleur.peters@outlook.com,1996-02-17,M,,0670588653,Utrecht,126.8,kg,177,opgezegd,2025-09-01,campaign_expat_2023
recriJ0U1hOVMqztr,Ahmed Brown,ahmed.brown@yahoo.com,1959-09-24,man,610262889,+31602520930,Dordrecht,109.4,kg,183,active,2025-03-03,typeform
recg9CtuN33KQQro3,Sem Bakker,sem.bakker1@kpnmail.nl,28-04-1965,female,484876843,06-56261334,Nijmegen,108.5,kg,162,gepauzeerd,08/22/2023,typeform
recpgEw8a9IogXg2C,Arjun Dijkstra,arjun.dijkstra@gmail.com,1981-08-28,female,827228132,06-72946840,Apeldoorn,,kg,161,Paused,2024-07-18,typeform
recKySgsyYLnsHlge,Sanne Novak,sanne.novak@outlook.com,24-11-1970,m,256679885,+31601545840,Breda,,kg,155,opgezegd,2022-04-18,import
rec2VYZRI3mDTLbRV,Marco Mulder,marco.mulder@gmail.com,1969-11-18,m,,06-26308180,Breda,119.3,kg,176,ACTIEF,2024-11-26,import
rechWrTvW1yRwIDxR,Grace Costa,grace.costa@kpnmail.nl,03/01/1980,male,,0603558143,Eindhoven,92.0,kg,183,ACTIEF,2023-01-28,typeform
recIn7guJabb4hKNj,Julia de Wit,julia.dewit@yahoo.com,1958-05-31,male,,0656103972,Haarlem,85.7,kg,152,Active,2025-12-02,campaign_expat_2023
recxLK2HeT8NiFCOY,Lotte Novak,lotte.novak@gmail.com,23-12-1976,Male,822303395,+31633338100,Den Haag,123.0,kg,173,ACTIEF,2022-06-19,typeform
reccgzjyux9m9gfW1,Kasia Dijkstra,kasia.dijkstra@protonmail.com,1963-01-20,man,,+31668495795,Zwolle,108.8,kg,163,Active,10-01-2023,typeform
reci6U53wjisMmb2n,Teun Bos,teun.bos@yahoo.com,1991-07-27,female,,+31685056340,Maastricht,112.5,kg,176,Churned,2022-07-20,referral
rec5NaMiLExDGGCyd,Arjun Jansen,arjun.jansen@kpnmail.nl,30-05-1965,male,914731129,0697471767,Amsterdam,120.8,kg,183,Churned,22-04-2024,campaign_expat_2023
recbDP8UCzmwYnIa5,Arjun Dekker,arjun.dekker@icloud.com,1980-06-20,M,488519329,0673553676,Dordrecht,142.3,kg,190,actief,21-06-2023,import
recBjMNGAZ7IUvKER,Deniz Mulder,deniz.mulder@live.nl,1985-07-07,vrouw,613635310,+31665354241,Apeldoorn,120.3,kg,190,actief,2026-06-05,typeform
recBMs6u2Gd5rWYIE,Noor Bakker,noor.bakker@hotmail.com,1972-12-01,m,,,Delft,72.5,kg,155,new,18-04-2022,referral
recY1zqB5YUNo0FLb,Jan Yilmaz,jan.yilmaz@live.nl,1993-07-31,Male,190361207,+31661460457,Den Haag,91.3,kg,179,ACTIEF,02/07/2024,import
recB2xeM7jNra7oBb,James Visser,james.visser@icloud.com,1967-11-07,male,,06-98564751,Amersfoort,100.8,kg,186,opgezegd,2026-06-06,import
recXRmx9hQf1e5Okk,Kees Costa, kees.costa@hotmail.com,2001-02-05,female,,06-06083813,Almere,85.0,kg,179,churned,2025-04-11,website
recDGDgMIQrQQZAgw,Giulia Wilson,giulia.wilson@protonmail.com,1963-09-04,female,,06-11158376,Zwolle,77.0,kg,162,Active,23-04-2022,campaign_expat_2023
rec5wzTD4bNGIhH0F,Emma Demir,emma.demir@outlook.com,1966-08-10,male,843503488,+31688554942,Dordrecht,78.7,kg,152,cancelled,18-09-2022,import
recvoQSYtDJSsoj37,Priya Kaya ,priya.kaya@outlook.com,2002-08-04,Male,571149844,0661330557,Eindhoven,100.2,kg,154,actief,07/07/2022,campaign_expat_2023
recwcDGGpEISgUqmN,Femke van den Berg,femke.vandenberg@gmail.com,07/14/1967,male,,06-82405662,Amersfoort,139.6,kg,198,active,11-09-2022,typeform
recXcKRYaSug5Bp7N,Finn de Wit,finn.dewit@yahoo.com,1980-03-21,man,425229154,06-78022881,Almere,76.4,kg,154,cancelled,2026-04-01,import
recco4QzkYgQ9uZPS,Levi Andersen,levi.andersen@kpnmail.nl,1959-05-07,vrouw,,06-39597741,Arnhem,134.9,kg,197,actief,2025-09-11,website
recnL7lO4wnC3DpHi,Jesse Demir,jesse.demir@outlook.com,1965-03-11,F,788183515,,Nijmegen,123.4,kg,175,actief,2024-07-31,campaign_expat_2023
recTsfqpD4TSeiOOL,Amira Chen,amira.chen@icloud.com,1974-11-07,V,,+31675169137,Utrecht,286.6,lbs,198,Paused,2026-01-02,campaign_expat_2023
recdlKQUKgPNS7Ska,Ivan Bos,ivan.bos@icloud.com,25-11-1998,f,,+31644778019,Groningen,102.9,kg,163,active ,31-03-2022,typeform
recxPUVBJbKpnJE8L,Gijs de Boer,gijs.deboer@kpnmail.nl,13-07-1998,male,,0620168331,Tilburg,146.8,kg,196,active ,30-09-2022,typeform
recrs0Es0a7h9SUrP,Deniz Horvat,deniz.horvat@kpnmail.nl,1967-10-02,f,635801668,06-61827324,Nijmegen,125.9,kg,182,actief,02/24/2024,campaign_expat_2023
recJVxM8Q8YTIN79D,Youssef Bos,youssef.bos@hotmail.com,1982-10-26,V,,06-99592499,Nijmegen,137.5,kg,193,gepauzeerd,2025-05-28,website
recibJXn0ZPYXbiOk,Kasia Kaya,kasia.kaya@outlook.com,1989-06-05,Female,688065685,06-56423995,Leiden,112.8,kg,166,ACTIEF,2025-08-07,campaign_expat_2023
recmRRlY6WAA2yI6Q,Roos Rossi,roos.rossi@live.nl,1996-09-17,M,,+31633309264,Leiden,124.1,kg,198,paused,2022-11-22,import
recaDzUULgRw4Q7lz,Anna Nair,anna.nair@yahoo.com,2007-09-17,Female,,06-90800763,Groningen,69.4,kg,157,new,15-12-2022,referral
recl9U2ikD7s6RXw8,Marieke Sharma,marieke.sharma@protonmail.com,1995-07-28,male,,+31627895970,Delft,109.5,kg,192,actief,2025-04-07,typeform
recFKUjmSxoyiWtO0,Deniz Brouwer,deniz.brouwer@yahoo.com,1959-10-18,M,,06-77931545,Maastricht,66.5,kg,155,ACTIEF,10/16/2023,campaign_expat_2023
recNaOTi31P3hDrWW,Anna Kowalski,anna.kowalski@live.nl,1975-11-21,male,,+31622102596,Apeldoorn,87.6,kg,157,churned,2024-09-12,referral
recf4QhoWolwHwGCo,Sofia Demir,x,1977-06-05,man,169655015,06-70031243,Arnhem,92.6,kg,167,active,05/05/2024,typeform
rechxxRrlu7T5Mde0,Anna Andersen,anna.andersen@hotmail.com,04/16/1990,Female,728052544,0609649500,Almere,67.8,kg,156,ACTIEF,20-04-2024,referral
recZtNxtTROiwcw0C,Priya van Dijk,priya.vandijk@live.nl,13-02-1996,man,,06-19074865,Breda,87.4,kg,162,ACTIEF,05-03-2023,campaign_expat_2023
rec8B6FY5xrnJvo47,Fleur van den Berg,fleur.vandenberg@protonmail.com,2001-09-27,m,671435796,06-16709496,Utrecht,86.7,kg,157,churned,24-07-2023,import
recnbHr4B0s36oeUf,Ahmed Horvat,ahmed.horvat@outlook.com,11-08-2006,male,,+31633249942,Nijmegen,141.3,kg,195,active,05-01-2023,campaign_expat_2023
recacL3spR6lpD8iO,Sem Nowak,sem.nowak@ziggo.nl,1993-08-28,Male,270102115,06-53509349,Zaandam,92.2,kg,171,active ,2025-07-30,campaign_expat_2023
recxlktHsxAF7uZiG,James El Amrani,james.elamrani@kpnmail.nl,1980-10-05,F,,0698049772,Haarlem,101.7,kg,187,Active,2023-03-27,campaign_expat_2023
reckxQLmIcaGJEZvH,Hendrik Kowalski,hendrik.kowalski@hotmail.com,1992-08-29,male,124894173,+31630721479,Nijmegen,113.9,kg,166,Active,2025-10-03,typeform
rec6rSYYqGjIAXHIM,Sem Chen,sem.chen@gmail.com,1970-10-01,female,,06-19313009,Amsterdam,97.0,kg,160,active ,2025-08-16,campaign_expat_2023
rec094QDJtu0j7Upz,Sofia Horvat,sofia.horvat@icloud.com,22-02-2006,man,569653034,+31656365816,Leiden,93.8,kg,154,Active,2023-01-17,typeform
reclxL9kZW8JWtaAm,Roos Yilmaz,roos.yilmaz@outlook.com,1996-04-17,vrouw,,+31674736447,Amsterdam,79.1,kg,174,active ,2025-09-08,typeform
recJ9IiOmYq56gzJI,Jan de Boer,jan.deboer@protonmail.com,1976-01-28,f,,06-61092144,Groningen,79.8,kg,169,active,2024-01-09,referral
rec24mhNfM1ecXThC,Milan Meijer,milan.meijer@yahoo.com,15-03-1984,m,,0608407842,Rotterdam,85.4,kg,171,Active,29-12-2022,typeform
recwnWZcOGUhocat8,Ahmed Peters,ahmed.peters@gmail.com,1986-05-17,M,,0696401098,Zaandam,85.0,kg,166,paused,16-12-2022,import
rec8gVEKODE883oAI,Marieke Yilmaz,marieke.yilmaz@gmail.com,1969-02-17,Female,826829818,06-24781679,Eindhoven,98.4,kg,179,Paused,2023-03-04,import
rec8jvpbNIrL8qrvc,Levi Visser,levi.visser@ziggo.nl,27-08-2002,m,,0642108442,Eindhoven,78.6,kg,160,Paused,05/02/2022,campaign_expat_2023
recqhasCOfNHER93D,Zeynep Wilson,zeynep.wilson@ziggo.nl,06-10-1961,m,,0617230073,Arnhem,97.0,kg,161,Active,08/22/2022,campaign_expat_2023
rec7Hw5W6kU9ESYTC,Luuk Costa,luuk.costa@live.nl,05-12-2003,Female,510871343,06-00486731,Leiden,,kg,165,on hold,04/30/2023,typeform
recpJ3wnZZTKcq9xK,Amira Rossi,amira.rossi@hotmail.com,11/18/1998,male,,06-75783922,Leiden,,kg,162,paused,2023-01-21,typeform
recOcBKNFGnVrPNtK,Kees de Boer,kees.deboer@ziggo.nl,1974-09-25,m,,+31681789495,Maastricht,120.3,kg,193,active,2025-04-06,website
reci9V4lHzrj4gXZT,Kasia Chen,kasia.chen@outlook.com,1989-10-05,Male,293403375,06-46540370,Almere,85.3,kg,175,new,2026-01-01,typeform
recixsLMbVpPYVYmb,Thijs Peters,thijs.peters@hotmail.com,1967-12-08,female,,06-66290144,Groningen,102.8,kg,198,opgezegd,27-02-2023,campaign_expat_2023
rece16roCyIaSqcFm,Sem Smits,sem.smits@outlook.com,1994-07-10,Male,,+31678722706,Rotterdam,146.2,kg,188,Churned,2024-02-23,referral
recq9HlK7UJND8Zzr,Fleur Rossi,fleur.rossi1@gmail.com,09/11/1961,female,,+31608640482,Almere,109.1,kg,186,active,2023-05-21,website
recBlo0zAcPtvCQUz,Ahmed Mulder,ahmed.mulder@gmail.com,1992-07-16,female,,,Dordrecht,105.6,kg,180,actief,2024-08-06,typeform
recPIXUIerRzKK7xV,Jan Smit,jan.smit@yahoo.com,1983-10-23,Male,,+31622099852,Groningen,85.8,kg,153,Active,2024-04-18,typeform
recLuqpaQXMxs6aA7,Eva Smit,eva.smit @outlook.com,1993-02-04,vrouw,,+31627084759,Dordrecht,78.6,kg,171,active,2023-06-24,typeform
recpzB4Wdcdaa2kmN,Fleur Brown,fleur.brown@live.nl,04/10/1994,V,,+31618801315,Maastricht,,kg,196,ACTIEF,03-03-2023,typeform
recLWHOfZz10M90cF,Emma Nowak,emma.nowak1@outlook.com,1961-06-21,Male,,+31647436027,Delft,77.3,kg,153,active ,21-09-2023,typeform
rechiWAvVQxr7qkR0,Jesse Wilson,jesse.wilson@ziggo.nl,1980-04-25,M,393427389,+31605902628,Zwolle,87.1,kg,153,ACTIEF,2025-07-23,import
reczSXOTNCA1jG4Cy,Sem Brown,sem.brown@yahoo.com,1991-12-06,Female,303912583,0612940486,Zaandam,145.9,kg,193,Churned,2023-05-23,typeform
recG1zK5hGp4witmU,Lisa Wang,lisa.wang@live.nl,1982-06-25,V,,0603042123,Leiden,98.6,kg,169,active,2026-04-06,import
recXew57QUIcp5gGA,Wei Ivanov,wei.ivanov@icloud.com,1961-11-11,female,263493787,,Almere,82.3,kg,168,actief,2024-10-13,referral
recz41R3nsAofOP3c,Roos Kaya,roos.kaya@outlook.com,08-01-1981,Male,,+31630336048,Leiden,111.7,kg,165,opgezegd,2022-11-05,import
rechk1JITtspUgykS,Sofia Bakker,sofia.bakker@ziggo.nl,1975-09-15,F,,+31642688874,Rotterdam,123.9,kg,180,Churned,2023-05-23,import
reckB1VSHBftc4tDS,Milan Kaya,milan.kaya@live.nl,01-12-1996,M,769217503,+31661187664,Nijmegen,128.0,kg,198,Active,12-06-2022,campaign_expat_2023
recB3abUZvoXRaFTd,Fleur Kowalski,fleur.kowalski@live.nl,1981-07-27,male,,06-01725630,Utrecht,93.6,kg,178,opgezegd,2022-06-30,campaign_expat_2023
recAMn57cJ8qMzVwN,Jan Costa ,jan.costa@hotmail.com,1983-04-25,female,,+31682600763,Den Haag,111.9,kg,171,Prospect,2026-05-24,typeform
rec79fqGNpX97VlFO,Zeynep Jones,zeynep.jones@icloud.com,11/02/1989,vrouw,436088812,+31689912646,Eindhoven,101.9,kg,180,active,01/13/2023,website
recMANBd26jQKNDTh,Zeynep Ricci,zeynep.ricci@yahoo.com,1981-04-10,man,,0699956091,Zaandam,93.7,kg,189,prospect,2025-10-07,import
recy9jLQqoCBaaJoR,Mohammed Dijkstra,mohammed.dijkstra@protonmail.com,1990-01-16,F,,,Nijmegen,73.1,kg,167,actief,2023-05-24,typeform
receaepegk9j0MSEA,Roos Sharma,roos.sharma@live.nl,07/15/2005,man,389532563,+31678885541,Almere,97.8,kg,154,Churned,2023-06-27,website
rec5LZ6B1HtqFJ4mq,Femke van Leeuwen,femke.vanleeuwen@live.nl,1970-05-06,V,,06-07462894,Den Haag,82.4,kg,165,opgezegd,2025-07-23,typeform
recWhoTDX41eyYOwn,Mohammed Benali,mohammed.benali@protonmail.com,1965-09-04,female,,06-94275639,Amsterdam,,kg,188,active ,22-01-2024,import
recctc40haXOT76xj,Sophie Bos,sophie.bos@yahoo.com,02/07/1966,Female,,0677141640,Delft,8.6,kg,163,active,2022-10-29,referral
recmySh38fC71j1Sb,Eva Horvat,eva.horvat@gmail.com,1990-04-29,male,413122050,0664892466,Leiden,106.7,kg,159,Active,2024-11-12,typeform
recSI9JwKMGoxz7IR,Lucas van Dijk,lucas.vandijk@ziggo.nl,1985-01-13,man,,+31695106171,Tilburg,120.1,kg,187,prospect,2023-01-01,import
rech7OAIrTFccZTws,Annelies de Wit,annelies.dewit@protonmail.com,1978-12-23,man,,06-02082227,Groningen,144.6,lbs,153,opgezegd,2025-07-19,referral
receXwR8NZJEJzpSm,Amira Rossi,amira.rossi@live.nl,1973-09-17,man,384571645,06-12445273,Amersfoort,120.2,kg,180,actief,2024-07-03,campaign_expat_2023
recb2cIjBpbMv2SyA,Milan Demir,milan.demir@kpnmail.nl,2001-01-25,Female,653664813,+31659646471,Dordrecht,126.8,kg,197,new,2024-05-18,campaign_expat_2023
recyW01AjgHXKJEH4,Roos Nowak,roos.nowak@gmail.com,1960-06-26,F,942913218,06-83834755,Maastricht,125.1,kg,173,Active,2026-03-28,typeform
rechUJi5bUqmQaWel,Levi Ricci,levi.ricci@protonmail.com,1992-07-29,F,,0670602001,Haarlem,102.0,kg,157,Active,10/28/2023,referral
rec3MgNa4YQDN2XuA,Zeynep Ivanov,zeynep.ivanov@outlook.com,2001-06-04,M,175251095,+31632962734,Breda,98.8,kg,155,active,2025-01-19,referral
reckz54CmocCKeNJy,Lisa Petrov,lisa.petrov@ziggo.nl,2009-03-20,male,,+31670707447,Zaandam,101.8,kg,157,opgezegd,2025-12-31,referral
recdORBEKhrqnmwog,Mei Kowalski,mei.kowalski@live.nl,2002-08-16,Female,629122477,+31690819962,Utrecht,104.1,kg,191,cancelled,2026-06-17,referral
recsRiwJJH16bkxtz,Teun Chen,teun.chen@live.nl,1986-08-18,female,,06-49248844,Haarlem,69.4,kg,156,Active,2025-08-01,campaign_expat_2023
recPkyo1DNlWv0C3M,Daan Mulder,daan.mulder@hotmail.com,1959-03-15,male,,0602899253,Leiden,100.0,kg,155,gepauzeerd,2025-06-30,referral
recAAW0ThEsqWMRMj,Ahmed Dekker,ahmed.dekker@hotmail.com,1977-03-06,man,,0613769306,Zwolle,71.4,kg,154,active ,2024-08-12,referral
recR52rb1CP5hJTsX,Fleur Vos,fleur.vos@gmail.com,1966-02-04,Female,,+31689332082,Zaandam,135.1,kg,186,Active,11/22/2023,referral
recRKdq0OmSOUzLTv,Lisa van Leeuwen,lisa.vanleeuwen@outlook.com,2001-08-20,F,211487843,06-14183183,Haarlem,100.4,kg,188,churned,2026-03-11,import
recO41cAF7yqF1Cvn,Levi Hendriks,levi.hendriks1@yahoo.com,1978-06-22,vrouw,716538519,0681980604,Leiden,64.7,kg,155,lead,2025-04-15,import
recxheOqsX4NrlYzN,Giulia Vos,giulia.vos@live.nl,01/22/1976,female,,+31694124303,Delft,107.2,kg,173,prospect,02/19/2024,typeform
recUANo2TOnkYoDyn,Julia de Jong,julia.dejong@outlook.com,1970-01-09,m,813339844,06-18371778,Groningen,127.8,kg,185,Active,10/22/2023,typeform
recvi1IyRb7RN5Ago,Olga Jansen,olga.jansen@protonmail.com,19-06-1987,male,,06-00900766,Zwolle,97.9,kg,158,gepauzeerd,2022-11-10,referral
recSV8Vhy08x8MmJi,Thijs Costa,thijs.costa@outlook.com,2003-09-10,f,,+31602736793,Arnhem,110.8,kg,168,paused,12/02/2022,campaign_expat_2023
recFfECEvrqv1gbhs,Anna El Amrani,anna.elamrani@icloud.com,1981-04-07,male,833734003,06-71563470,Arnhem,78.0,kg,160,cancelled,2025-08-29,import
recpp8fSf8074f9Kz,Arjun Smits,arjun.smits@hotmail.com,1966-06-21,vrouw,,+31658476725,Groningen,116.4,kg,169,active ,2025-01-04,import
recLlPgX9lWIiO4Wi,Grace Sharma,grace.sharma@hotmail.com,1976-04-11,Female,894944629,,Rotterdam,107.6,kg,174,Active,2026-03-25,typeform
recJUelNb33iUcQm2,Oliver de Groot,oliver.degroot@live.nl,1993-05-30,m,509228847,06-12464197,Apeldoorn,165.4,kg,198,churned,02/14/2024,typeform
recXRkgcBhJdRM2fq,Thijs Mulder,thijs.mulder@gmail.com,1993-12-14,female,501649971,,Dordrecht,62.7,kg,155,active,2025-09-03,import
recPBlRFCPDcaQcgU,Emily de Wit,emily.dewitx@protonmail.com,11/14/1991,male,,+31623992095,Rotterdam,70.6,kg,164,on hold,2022-07-25,typeform
recgMilvzuPF23jP8,Mohammed de Groot,mohammed.degroot@gmail.com,07/31/1962,M,441003126,06-07068800,Nijmegen,91.8,kg,166,active,2023-02-04,website
recOJKVRRImPz0nSo,Lucas Vos,lucas.vos@icloud.com,05/11/1984,m,,,Apeldoorn,105.1,kg,176,Churned,10/18/2022,website
recABXE3YroJNkFgY,Emre Petrov,emre.petrov@protonmail.com,1965-11-08,V,100577052,0620105217,Zaandam,65.9,kg,158,active,2025-11-25,referral
recwDr5MbbP5wYo35,Eva El Amrani,EVA.ELAMRANI@YAHOO.COM,1976-08-15,man,979366537,+31622983510,Amersfoort,99.6,kg,155,active ,2025-04-18,import
rec3PestxPlsGZBF3,Ahmed van Leeuwen,ahmed.vanleeuwen@ziggo.nl,1969-05-01,male,954803917,+31620020750,Arnhem,77.4,kg,170,active,2023-05-20,typeform
reciBaY803y9DJ8VX,Milan Jones,milan.jones1@kpnmail.nl,1982-09-13,m,,+31690975903,Maastricht,147.6,kg,188,Churned,2026-01-26,referral
recqlmJU1mQyTebTo,Lucas Ricci,lucas.ricci@icloud.com,1996-12-10,female,,06-39690145,Rotterdam,86.4,kg,175,churned,2023-08-15,typeform
recGLWKH3eGuZvdhg,Finn Ricci,finn.ricci@icloud.com,1962-09-04,V,,06-19778383,Utrecht,80.8,kg,164,churned,2025-02-20,campaign_expat_2023
recYUyRUOZ0KsSUC5,Oliver Ivanov, oliver.ivanov@live.nl,15-08-1968,M,,0688066088,Apeldoorn,,kg,161,ACTIEF,24-06-2023,typeform
recr0SwLk9KApM6Rx,Lucas Dijkstra,lucas.dijkstra@protonmail.com,1978-08-07,Male,839488397,0665077235,Zaandam,97.7,kg,190,opgezegd,2023-01-31,import
recDBM5RMmzNiBsk2,Hendrik van Leeuwen,hendrik.vanleeuwen@ziggo.nl,07/06/1994,man,228517771,+31648634212,Utrecht,100.1,kg,154,churned,2022-12-10,typeform
recuxoTrV1nESt68G,James van der Meer,james.vandermeer@protonmail.com,1984-06-04,f,,06-19845642,Almere,109.8,kg,189,Active,2025-12-08,typeform
recCtyIPTLjBZ5uEA,Levi Jansen,levi.jansen1@live.nl,1993-09-08,f,175252828,+31691708224,Eindhoven,109.5,kg,195,cancelled,03/22/2022,typeform
reco4s5Zq7wwOb5ER,Deniz van Dijk,deniz.vandijk@icloud.com,1997-03-23,male,802618212,+31625857680,Den Haag,103.3,kg,190,cancelled,05/29/2024,referral
recVgmA14j1FCoLVz,Marco van Leeuwen,marco.vanleeuwen@yahoo.com,1987-06-24,f,,+31612126463,Dordrecht,100.9,kg,181,paused,2026-05-25,typeform
rec29UN6xfmGeZC9U,Gijs de Jong,gijs.dejong@gmail.com,1966-11-06,male,776146531,+31638011813,Rotterdam,144.6,kg,194,Prospect,2024-08-03,website
recyoHTDAFffmjjfC,Mohammed Jansen,mohammed.jansen@hotmail.com,1983-10-23,F,689592589,06-44577801,Arnhem,151.3,kg,192,Active,2024-06-05,typeform
recMAaTgSFkbSEhcY,Maud Brouwer,maud.brouwer@kpnmail.nl,1973-09-27,F,,06-18091378,Amersfoort,86.7,kg,154,cancelled,2023-08-12,typeform
recBw9oXvMrfY3cwb,Lotte Yilmaz,lotte.yilmaz@icloud.com,25-04-1990,m,244964737,06-32039211,Utrecht,136.4,kg,196,Churned,10/18/2022,import
rec0iSOdcXPTnFLpt,Kasia Nair,kasia.nair@outlook.com,1994-03-21,vrouw,,06-94295727,Zaandam,97.3,kg,181,cancelled,2025-06-08,campaign_expat_2023
recG72ItMjBqSNdsY,Sem Bakker,sem.bakker@outlook.com,1976-06-08,man,351913993,06-81108070,Maastricht,105.2,kg,188,churned,2023-11-10,website
recSc7eotVQipJXBh,Wei Rossi,wei.rossi@ziggo.nl,1972-09-09,male,,+31662644646,Apeldoorn,107.2,kg,192,actief,2024-09-07,import
recmiALScPtzKWJTx,Maud Jones,maud.jones@yahoo.com,1987-09-04,F,,+31630295865,Leiden,83.3,kg,178,churned,04/15/2023,import
recOl6EcHSqqNVcif,Ivan de Wit,ivan.dewit@ziggo.nl,1987-01-09,Male,,06-51537479,Arnhem,63.4,kg,152,paused,2024-09-24,import
recscEgnhcxPh3EED,Hendrik Visser,hendrik.visser@icloud.com,1992-05-19,M,387329055,+31650914581,Groningen,133.5,kg,193,active ,2025-11-29,campaign_expat_2023
recSMigMHeVcC2uzW,Finn van Dijk,finn.vandijk@protonmail.com,1999-11-27,F,400045497,06-07253730,Utrecht,104.8,kg,163,actief,11/26/2022,website
recaKfN6wFP5BK5i6,Sofia Vos,sofia.vos@icloud.com,1979-05-16,female,,06-90308459,Leiden,89.8,kg,170,ACTIEF,2025-06-18,import
recP1LeKDWhk9USe9,Julia Rossi,julia.rossi@hotmail.com,08/14/1982,man,,+31672103041,Utrecht,73.1,kg,167,churned,18-04-2023,website
rec2EBiBjiW3RnfRt,Anna de Graaf,anna.degraaf@hotmail.com,1975-08-29,male,,+31604891326,Tilburg,108.5,kg,180,gepauzeerd,24-05-2022,import
reco7HqOaxPKvsouQ,Fatima Jones,fatima.jones@yahoo.com,1970-01-10,vrouw,,+31691805689,Utrecht,87.0,kg,166,on hold,10/31/2023,import
recqwGeIm5XOKnoxT,Fatima Meijer,fatima.meijer@live.nl,1966-11-21,F,,0601060510,Apeldoorn,124.3,kg,187,churned,2026-03-31,typeform
recAVzV0GEH8YnQxk,Levi Dekker,levi.dekker@hotmail.com,1989-01-01,F,620629162,06-92491469,Haarlem,96.3,kg,159,churned,2025-06-20,import
recWMUZW5s7ZMlUEm,Emre Novak,emre.novak@gmail.com,1958-11-03,female,489458737,06-34301958,Haarlem,96.9,kg,168,gepauzeerd,2025-04-17,typeform
recrkrKtFA3GLjV2X,Lotte Bakker,lotte.bakker@yahoo.com,2000-04-19,f,607972154,+31621378509,Arnhem,91.0,kg,155,Active,18-10-2022,campaign_expat_2023
recXXV1zIszpvQMzB,Mei Rossi,mei.rossi@gmail.com,1958-08-28,m,,+31635631888,Breda,90.3,kg,168,on hold,2026-05-04,typeform
recvo36HU5boD7fqe,Priya Dekker,priya.dekker@hotmail.com,1974-07-24,M,130054422,+31611332816,Arnhem,120.4,kg,172,opgezegd,2026-03-19,import
rec98vxgTNTio5C2b,Lucas de Boer,lucas.deboer@ziggo.nl,12/07/1960,Female,,+31608749777,Den Haag,84.1,kg,170,paused,28-09-2023,website
recYNZByF22BvdHKu,Lotte Bos,lotte.bos@yahoo.com,03-09-1999,f,417033540,06-64271908,Almere,112.9,kg,163,churned,2022-03-27,typeform
recGrLcnIxDP0lzsV,Lucas Horvat,lucas.horvat@hotmail.com,05-11-2005,M,,06-71329670,Den Haag,108.1,kg,176,opgezegd,2023-04-14,website
recr9R75g5SPYacb0,Marieke Chen,marieke.chen@live.nl,1983-09-26,male,,06-52049259,Almere,111.1,kg,178,prospect,2024-11-26,import
recCsCuQHjrRYUKzb,Ahmed Bos,ahmed.bos@ziggo.nl,1967-12-29,F,,+31632300404,Rotterdam,99.0,kg,172,churned,2026-02-19,typeform
reciQ7YbvXeVRVW9U,Annelies van Dijk,annelies.vandijk@kpnmail.nl,2001-11-21,F,,,Amersfoort,71.5,kg,158,cancelled,2023-10-30,typeform
recuNuIHSWdxRENrW,Zeynep Brouwer,zeynep.brouwer@protonmail.com,09/03/1987,f,,06-05854764,Delft,138.9,kg,181,active ,08-05-2023,referral
recUl8ZfY0NiKGC3C,Wei Horvat,wei.horvat@hotmail.com,1997-11-04,f,,+31673504110,Utrecht,115.2,kg,181,active ,2025-08-27,referral
recBoMEuGoSDyDPqN,Piotr Dijkstra,piotr.dijkstra@yahoo.com,1985-06-16,F,,+31672570137,Zwolle,67.8,kg,161,ACTIEF,17-08-2023,campaign_expat_2023
recm2uB2RppTqq3uC,Lotte de Wit ,lotte.dewit@icloud.com,10/15/1978,V,,06-38554817,Groningen,,kg,195,active,2022-10-14,website
rec9rX4lYS7GfDOtQ,Eva Nowak,eva.nowak@hotmail.com,1991-01-16,m,,06-41702236,Den Haag,140.6,kg,190,cancelled,2025-06-11,website
recZxoXUortDGLrJe,Willem van Dijk,willem.vandijk@outlook.com,1974-12-29,Female,,0699628325,Arnhem,93.7,kg,162,Active,2025-09-15,referral
recUww5eXZZPV1VOP,Zeynep Bos,zeynep.bos@icloud.com,2006-01-02,male,955594571,06-18185737,Dordrecht,134.9,kg,185,Active,2025-07-16,campaign_expat_2023
recfWiWvBZ8MYwYwE,Sofia Nair,sofia.nair@gmail.com,1993-04-30,man,,06-01426641,Dordrecht,116.5,kg,198,ACTIEF,2025-10-23,campaign_expat_2023
recsrgfaEPjI8cV2i,Mei Demir,mei.demir@hotmail.com,1978-04-26,man,,+31672054839,Groningen,71.1,kg,164,active,2024-01-01,referral
reclFB6n9luURDgnL,Luuk Sharma,luuk.sharma@live.nl,1972-08-27,vrouw,,+31633175060,Haarlem,116.8,kg,175,Churned,05/08/2023,campaign_expat_2023
recDkgRECItTAOLZW,Zeynep de Jong,zeynep.dejong@icloud.com,06/18/1982,Female,,0612269674,Nijmegen,105.8,kg,162,opgezegd,2023-12-30,referral
recSydpdVv6QzTRIl,Lucas de Graaf,lucas.degraaf@protonmail.com,20-01-2005,m,,0662125950,Delft,104.1,kg,167,actief,02-05-2024,import
recE2qzPEidyBEjMc,James Smit,james.smit@live.nl,1967-09-10,man,,0660471972,Groningen,129.2,kg,178,churned,2025-07-08,website
rec8idVDVkZzAVFAS,Sanne Chen,sanne.chen@yahoo.com,1966-07-11,m,220814624,+31612850283,Delft,102.0,kg,158,Active,2025-02-08,website
recM4CPXI9OUKjzZF,Fleur Rossi,fleur.rossi@live.nl,2005-10-05,F,,0688433925,Apeldoorn,127.3,kg,194,actief,04/24/2022,website
recEe81LCXbYjlchD,Hendrik Peters,hendrik.peters@protonmail.com,1994-06-28,f,,+31679533901,Amsterdam,115.3,kg,197,cancelled,2026-03-11,campaign_expat_2023
recBHtcT4zrgZ8Elm,Mei van den Berg,mei.vandenberg@hotmail.com,2000-08-17,male,,06-32807562,Breda,94.4,kg,173,on hold,12-04-2024,website
recEoPJczSeFSdRR3,Julia de Groot,julia.degroot@ziggo.nl  ,05-07-1988,female,,0683755137,Rotterdam,124.0,kg,185,ACTIEF,03/05/2024,referral
recRyHeqmzL6tzhxh,Bram Andersen,bram.andersen@outlook.com,1962-05-18,female,421414017,+31670726800,Arnhem,145.5,kg,196,actief,2026-01-11,import
rectcoajZNpA7HBWo,Jesse Hendriks ,jesse.hendriks@gmail.com,1959-10-16,man,863687799,,Almere,118.5,kg,169,paused,2025-08-21,import
recpWopRlXgPtMqNy,Roos Mulder,roos.mulder@hotmail.com,30-08-1981,female,889383182,+31612279313,Zaandam,135.9,kg,198,new,05/11/2023,referral
recIh4pgpIDzcb86B,Levi Rossi,levi.rossi@ziggo.nl,1998-06-14,male,726816322,+31639389812,Haarlem,102.1,kg,164,on hold,2023-09-02,website
rectZN6qpLTIy5uQJ,Fleur Petrov,fleur.petrov@kpnmail.nl,2005-11-13,m,,+31608505418,Eindhoven,105.8,kg,167,ACTIEF,2024-06-21,campaign_expat_2023
recqn5J8PliIBq3KM,Olga Yilmaz,olga.yilmaz@gmail.com,16-01-1975,vrouw,,+31610010879,Apeldoorn,108.4,kg,175,ACTIEF,20-03-2022,typeform
recdQJY1lA1pigZNe,Anna van Dijk,anna.vandijk@icloud.com,23-01-1967,man,,+31686650612,Dordrecht,97.7,kg,157,active,2024-04-05,website
recrK19kZdaqm6xVT,James Dekker,james.dekker@live.nl,09/05/1972,male,,06-31774626,Zwolle,126.7,kg,194,active ,2023-07-21,campaign_expat_2023
recjveb7Uc1spre4u,Luuk Smit,luuk.smit@gmail.com,1977-07-21,m,,+31663853617,Den Haag,73.7,kg,152,ACTIEF,2025-01-06,import
recYFJ2EgrDr3gZTY,Marieke Kaya,marieke.kaya@kpnmail.nl,1990-08-01,M,,0653872565,Almere,94.2,kg,187,ACTIEF,2024-03-17,typeform
recqcyMMKFWulHNCn,Grace Brown,grace.brown@hotmail.com,1999-05-10,female,,0600453713,Haarlem,109.2,kg,161,ACTIEF,2026-01-08,typeform
recpYXhaZ5VBBBkpH,Marco Bos,marco.bos@yahoo.com,06-12-1994,M,869896404,,Amersfoort,130.7,kg,177,Churned,21-10-2023,campaign_expat_2023
recqGCYf31CiFwnTf,Bram Jones,bram.jones@yahoo.com,1969-10-07,male,,+31604036261,Amsterdam,76.4,kg,160,actief,2026-03-04,import
recRorjprpAsoTz0X,Thijs Smit,thijs.smit@hotmail.com,1975-02-07,man,,0618050541,Den Haag,114.4,kg,189,churned,2024-07-15,typeform
recvaupwkgh5eAJGY,Jesse Jansen,jesse.jansen@yahoo.com,1979-10-05,M,,06-47612224,Groningen,112.2,kg,195,active ,12/22/2023,typeform
recVKStLjI7QvC7Ez,Ahmed Smit,ahmed.smit@kpnmail.nl,2000-10-16,female,,+31669837943,Groningen,101.4,kg,164,opgezegd,2025-08-25,website
recEWP2JWWHwSl2jP,Bram Vos,bram.vos@hotmail.com,19-01-1970,Female,,+31672494350,Zwolle,123.3,kg,184,actief,2023-03-10,import
rechstg1u94gjHhVJ,Roos Wang,roos.wang@yahoo.com,09/01/1978,Female,709215290,+31632322631,Arnhem,109.4,kg,188,Active,2023-02-03,typeform
recHcAg1sNiutEqlK,Olga Brown,olga.brown@gmail.com,1981-11-15,m,,+31689155938,Almere,96.9,kg,181,cancelled,2026-04-12,website
recKvzwEOaeHOXtyF,Gijs Bakker,gijs.bakker@kpnmail.nl,1980-09-10,F,,+31661723683,Breda,90.0,kg,163,active ,2025-01-25,website
recOTXeI0s2GM6ykI,Marieke Smits,marieke.smits@icloud.com,1968-03-29,m,,+31627082415,Amsterdam,81.3,kg,173,Active,2025-10-12,typeform
rec4TbMgNHFZwXTbT,Julia de Boer,julia.deboer@gmail.com,2004-02-12,female,890940691,+31673076977,Rotterdam,79.2,kg,153,churned,2025-09-27,typeform
recGVRXA9DOGgJ0HL,Ahmed Chen,ahmed.chen@protonmail.com,04/07/1959,man,,+31643632705,Zaandam,129.6,kg,183,prospect,2023-11-13,referral
recUzX5uQSR2uaawv,Roos Ivanov,roos.ivanov@kpnmail.nl,10/01/2002,M,978546611,06-17223836,Groningen,88.0,kg,177,active,2022-09-21,typeform
rectVSbLqoHYCa2Ow,Julia Wilson,julia.wilson@icloud.com,1966-04-19,Female,,+31674929335,Nijmegen,103.6,kg,191,actief,2026-04-25,referral
recWPMvPdII8GNwEt,Sofia Dekker,sofia.dekker@live.nl,1969-06-30,m,695902660,+31635724956,Zaandam,124.2,kg,189,actief,2024-05-03,typeform
recZhPhPegMKCDjoF,Ruben Ivanov,ruben.ivanov@gmail.com,1983-09-05,male,,+31643040731,Utrecht,289.0,lbs,186,Active,2024-04-20,referral
recarI47NOfkugvqx,Sofia Chen,sofia.chen@outlook.com,1975-09-03,Female,,+31672402961,Den Haag,97.3,kg,154,Churned,2023-03-19,import
rec7Wiq0jY7kjss76,Lucas Rossi,lucas.rossi@outlook.com,03/14/1970,male,235096726,+31662250259,Amersfoort,122.0,kg,183,opgezegd,02/14/2024,typeform
recmndvTEcQyBieYc,James Smits,james.smits@protonmail.com,1962-08-01,m,398076455,+31618203804,Apeldoorn,81.7,kg,162,new,28-12-2023,campaign_expat_2023
recjnFQIkZwfjSwZO,Teun Smits,teun.smits@outlook.com,14-02-1996,F,,0666640777,Maastricht,115.8,kg,170,actief,2023-09-14,website
reciUvFc4wFfWrdvq,Gijs Nair,gijs.nair@hotmail.com,2006-09-04,Female,,06-21167929,Tilburg,71.3,kg,153,active ,2026-06-05,typeform
recJhVpcai2Dxn3Sn,Fleur Petrov,fleur.petrov@gmail.com,1970-08-30,man,,06-18526761,Zwolle,114.1,kg,192,active,2023-03-07,typeform
rec32r2bN4Dm9alHb,Amira de Jong,amira.dejong@live.nl,02/27/1978,f,,,Amersfoort,77.7,kg,168,gepauzeerd,2023-03-29,import
recSvZUlhFYequwFr,Lisa Dekker,lisa.dekker@outlook.com,11/04/1988,female,136384328,0607886212,Delft,,kg,154,Prospect,2024-03-24,website
reckxmSCjEC6DZTCF,Emre Brown,emre.brown@kpnmail.nl,1959-04-18,female,,06-14983548,Tilburg,80.1,kg,165,actief,2024-07-01,import
rec23pKqlLfqbYaeH,Giulia Visser,giulia.visser@ziggo.nl,12/31/1974,female,,0628666970,Arnhem,99.2,kg,165,active ,2023-05-23,typeform
recIcmVCGYJ21Ua6p,Femke Hendriks,femke.hendriks@kpnmail.nl,1989-07-02,M,,06-02433207,Maastricht,98.8,kg,169,ACTIEF,2024-09-30,website
reclX45nqrMJJcmcx,Sophie Costa,sophie.costa@protonmail.com,1999-11-04,Female,,+31657413312,Zwolle,,kg,165,lead,09/18/2022,referral
recBRNNvBO349xG3C,Luuk Jansen ,luuk.jansen@hotmail.com,1982-06-18,m,,,Tilburg,,kg,174,Active,2026-05-26,campaign_expat_2023
rec8y9ybVMG0CoMum,Bram Dekker,bram.dekker@ziggo.nl,1998-08-26,Female,,+31635032984,Maastricht,91.2,kg,159,active,2025-08-04,import
rec52WXZT9hbICWB7,Arjun Brown,arjun.brown@ziggo.nl,26-06-2007,V,,0642374947,Almere,92.4,kg,153,Churned,2024-05-20,typeform
recBpCi21ZdvdnB6l,Sanne Bakker,sanne.bakker@outlook.com,1962-01-29,m,,+31649981080,Dordrecht,81.7,kg,176,Active,2025-12-31,referral
recLrJKkTNCg9J2Gx,Lisa Taylor,lisa.taylor@live.nl,1994-06-02,V,,+31658580812,Rotterdam,102.8,kg,177,cancelled,2025-08-12,website
reckxmNBDYBBas8N8,Eva Wang,eva.wang1@icloud.com,09/01/1968,m,603866864,0615336105,Zaandam,107.2,kg,164,actief,2022-04-13,typeform
reckgnqFbl4gJ1ED5,Ruben Benali,ruben.benali@hotmail.com,01-10-1961,Female,444796861,06-22470331,Almere,149.2,kg,196,active,03/16/2023,referral
recMuWhh8vnwylheW,Hendrik Ricci,hendrik.ricci1@kpnmail.nl,1971-05-26,f,,,Amsterdam,124.0,kg,176,active,2024-07-23,website
recwESSYzXC7gO3HQ,Sanne Chen,sanne.chen@gmail.com,1959-09-24,male,,06-57642463,Haarlem,68.4,kg,156,Churned,2024-11-18,website
recCmf5BewMO5SzUp,Lucas de Boer,lucas.deboer@yahoo.com,01-04-1964,male,,+31699185024,Leiden,117.3,kg,183,cancelled,01/12/2023,typeform
recOiq1bQFDGlDlJC,Fleur Nowak ,fleur.nowak@yahoo.com,1960-01-04,F,184763253,0691381998,Eindhoven,198.0,lbs,184,active,2025-07-03,referral
rec9a0AlnIV1VCtiV,Ahmed Petrov,ahmed.petrov@live.nl,1982-11-25,man,608635893,+31674682347,Breda,118.5,kg,187,Prospect,2025-04-26,typeform
recPKNQCMfQf4uYEp,Wei van der Meer,wei.vandermeer@protonmail.com,1994-12-20,Female,,06-84974643,Breda,,kg,171,active ,2024-07-10,typeform
recG3J8aQEIJDPRpy,Lisaa Ivanov,lisa.ivanovx@hotmail.com,01/10/1981,V,943624150,+31613455363,Almere,121.8,kg,179,cancelled,2022-03-13,typeform
receqIps1HmoIuUhT,Deniz van der Meer,deniz.vandermeer@hotmail.com,03-08-1970,m,,06-00492925,Maastricht,98.0,kg,171,ACTIEF,04-08-2023,campaign_expat_2023
recFqtR1FUn5GPI62,Kasia Mulder,kasia.mulder@icloud.com,20-09-1982,m,,0623922658,Den Haag,75.8,kg,167,actief,2023-08-14,import
recqwtnQyRW9IaWXw,Roos Kowalski,roos.kowalski@kpnmail.nl,1993-11-16,Male,257052318,06-99483583,Arnhem,144.2,kg,196,actief,2026-03-25,typeform
recmW2XXqdp954aAi,Daan Mulder,daan.mulder@ziggo.nl,1991-08-03,M,,0658604549,Almere,109.6,kg,164,active ,2024-12-03,import
recxytX2TlNBuwHh4,Bram de Boer,bram.deboer@outlook.com,1998-04-16,V,524327919,+31610378994,Amersfoort,87.5,kg,157,actief,2023-12-29,referral
reci7V7rpEeilR0Qy,Ivan Smits,ivan.smits@hotmail.com,11-12-1990,vrouw,,+31690648194,Utrecht,120.9,kg,190,opgezegd,09-04-2024,campaign_expat_2023
rechRLxTCeoio3YtW,Mohammed Smith,mohammed.smith@gmail.com,1987-12-11,m,,+31620280408,Leiden,76.0,kg,158,active ,2024-09-19,website
reclKIc6TnQITdoWO,Bram Jansen,bram.jansen@yahoo.com,1980-07-14,M,876068748,0625227540,Groningen,109.4,kg,170,active ,2025-03-22,import
recCMSffT8fE4KDgq,Emre Smit,emre.smit@yahoo.com  ,1980-07-25,female,,0618863001,Arnhem,100.0,kg,166,Churned,2026-04-14,website
recIiNTZfnJZAgVJP,Jaames Dijkstra,james.dijkstrax@icloud.com,09/27/1999,m,282956244,+31653778366,Rotterdam,86.6,kg,176,opgezegd,2022-07-14,referral
reczla1DId7UXdMuc,Teun Horvat,teun.horvat@gmail.com,1974-03-18,Female,,06-10398697,Rotterdam,97.0,kg,170,churned,01/24/2024,typeform
rec6ej6bDxWNec6Pk,Daan Nowak ,daan.nowak@yahoo.com,1992-02-12,Male,897382742,,Den Haag,158.3,kg,196,active,2025-05-02,campaign_expat_2023
recPC2ETZDsnS96ua,Eva de Vries,eva.devries@gmail.com,29-12-1969,female,319059662,0678876183,Utrecht,146.6,kg,196,ACTIEF,2023-02-26,import
rec4tyaw5KWHGR6ek,Deniz Nair,deniz.nair1@ziggo.nl,02-01-1982,female,,+31690986747,Amersfoort,79.9,kg,154,lead,29-11-2022,import
rec42q5JjLrz2m8H8,Deniz Kowalski,deniz.kowalski@hotmail.com,03/08/2007,F,,06-34129426,Dordrecht,108.2,kg,174,paused,2022-04-22,typeform
receXkNIPBKcCURlA,Teun Benali,teun.benali@hotmail.com,1976-01-01,male,,06-64417199,Den Haag,90.5,kg,161,paused,2025-03-07,campaign_expat_2023
reclrYERsXNsQtjjV,Bram Demir,bram.demir@kpnmail.nl,1988-09-11,f,,06-16246778,Almere,85.9,kg,170,Churned,2025-05-13,campaign_expat_2023
recDclluqYJY7ASAf,Femke Benali,femke.benali@protonmail.com,17-08-1976,M,876627658,0667812374,Zwolle,143.8,kg,190,active ,2022-08-01,import
rec5QbszU3ROCesAI,Ahmed Ricci,ahmed.ricci@outlook.com,1962-06-25,m,,+31689155532,Breda,95.9,kg,161,Active,07/26/2023,import
recWsIW32lMtK1tqE,Emre Visser,emre.visser@outlook.com,1982-08-02,f,500768456,0614537135,Amersfoort,110.2,kg,179,actief,2025-09-12,website
recOCOT0AN3LPAm9t,Emma Rossi,emma.rossi@protonmail.com,1964-10-14,f,,06-09180752,Rotterdam,77.7,kg,155,paused,19-04-2024,typeform
recL8Om92Pg9wwdxb,Priya Dijkstra,priya.dijkstra@live.nl,1974-06-04,V,,06-54122264,Arnhem,112.4,kg,164,Paused,2022-03-20,import
recnrgQZQerWBOLiB,Lotte Bos,LOTTE.BOS@PROTONMAIL.COM,1968-11-23,female,167398738,+31645175136,Maastricht,108.8,kg,179,ACTIEF,2024-03-18,typeform
rec4ZZuErwDIxoh2R,Kasia van der Meer,kasia.vandermeer@gmail.com,1979-12-30,M,624991210,+31658188691,Zaandam,76.4,kg,157,prospect,2024-04-23,referral
recqtsadqm1G0Trlb,Willem Bakker,willem.bakker@protonmail.com,1976-12-21,Male,,0689116853,Dordrecht,92.8,kg,166,cancelled,2025-10-10,website
recSONXGphVwxiLSe,Luuk Jansen,luuk.jansen@yahoo.com,11/25/1996,Female,,06-88042837,Dordrecht,256.6,,181,prospect,16-07-2022,typeform
recQIlEipWxPTJBV3,Julia Taylor ,julia.taylor@ziggo.nl,16-10-2003,male,,+31643007657,Leiden,83.4,kg,167,cancelled,21-05-2022,import
rec9SGdZKOIvqA6Zr,Grace Bakker,grace.bakker@protonmail.com,1994-12-26,vrouw,,+31667293637,Amersfoort,125.3,kg,185,active ,11-12-2023,import
recMxWYmIhui618b2,Bram Hendriks,bram.hendriks@live.nl,1977-06-28,vrouw,809751021,,Amersfoort,86.4,kg,162,active,2025-09-08,typeform
recacbjTEaRXuOOH8,Deniz de Wit,deniz.dewit@protonmail.com,1998-07-04,male,,+31624197353,Amsterdam,93.3,kg,166,Churned,2025-10-29,import
reca3eI2S8UFCYZRy,Ruben Horvat,ruben.horvat@gmail.com,1966-08-19,M,148456066,0615815668,Leiden,113.2,kg,191,active ,2026-01-15,campaign_expat_2023
recMiWpmte1cULMML,Kees Peters, kees.peters@protonmail.com,25-01-1963,vrouw,,+31628016352,Zaandam,95.9,kg,152,opgezegd,2024-01-01,website
recRWtoxpd0Qek8OR,Marco Wang,marco.wang@protonmail.com,1992-05-01,male,,06-04845859,Dordrecht,115.0,kg,176,Active,26-06-2023,website
recyV6fK4ssEKhys2,Emre de Groot,emre.degroot@ziggo.nl,1972-10-21,Male,,06-65912979,Dordrecht,92.4,kg,156,Active,2025-06-10,import
recSWp7i12wxnknfW,Grace Smits ,grace.smits@live.nl,2001-11-20,f,605783743,0633531614,Rotterdam,88.8,kg,156,Active,2025-01-19,campaign_expat_2023
recJosjraUXeY5IOF,Maud Andersen,maud.andersen@protonmail.com,1961-03-24,m,,+31603288079,Rotterdam,159.4,kg,198,ACTIEF,2025-01-29,campaign_expat_2023
recnKPejMLQnbIhtm,Grace Vos,grace.vos@yahoo.com,1982-03-15,M,,06-90930132,Nijmegen,71.5,kg,161,Active,2025-06-02,campaign_expat_2023
recEOBTQnnUAgFD7c,Emily Jansen,emily.jansen@gmail.com,2004-09-24,Male,476894281,0607492013,Nijmegen,313.7,lbs,196,ACTIEF,11/12/2023,import
recZFmgMFm241vO5l,Marieke Andersen,marieke.andersen@protonmail.com,2006-07-31,vrouw,269770604,+31691621253,Amsterdam,89.7,kg,172,paused,2025-06-29,typeform
recsOpLdP99IpJete,Levi Andersen,levi.andersen@live.nl,1972-06-13,Male,,06-76760713,Haarlem,225.5,lbs,182,active ,2022-07-27,typeform
recEELi8EXJZHVzWk,Marieke Hendriks,marieke.hendriks@gmail.com,1990-08-26,male,253517394,06-68129243,Amersfoort,79.9,kg,161,Active,2024-06-13,referral
recGZHO3L61K604KH,Maud van der Meer,maud.vandermeer@outlook.com,1999-08-19,vrouw,988078648,06-06030870,Haarlem,129.4,kg,186,opgezegd,2023-06-25,referral
reczqfFyrmNpHSwC3,Finn Smits,finn.smits@yahoo.com,1996-07-26,male,,0685374637,Zwolle,132.3,kg,198,Active,12/19/2023,campaign_expat_2023
recZnhfY3qygnUlCD,Kees Peters,kees.peters@yahoo.com,1976-09-04,female,960572636,+31636328922,Breda,,kg,178,active,2024-05-07,campaign_expat_2023
rectn1mLZB0jYj5FA,Lotte de Groot,lotte.degroot@hotmail.com,1966-08-25,man,,+31628341809,Amsterdam,97.0,kg,181,cancelled,2022-03-13,website
recHRALVUFxoKkdMD,Emma Peters,emma.peters@yahoo.com,1963-03-30,V,,+31671589166,Nijmegen,150.4,lbs,152,active ,2023-04-21,referral
recsg7nGqruYfGGmF,Lisa de Graaf,lisa.degraaf@outlook.com,10/26/2006,vrouw,,06-32462468,Utrecht,102.0,kg,163,actief,2022-07-11,website
recd4fBDhNM1rDrvg,Eva Taylor,eva.taylor@protonmail.com,1959-06-02,male,592886785,0628104217,Amsterdam,109.0,kg,180,Churned,2026-01-11,typeform
rec0nbdVSx0LJC5cw,Youssef Kaya,youssef.kaya@live.nl  ,1976-03-31,female,572925086,0645356416,Arnhem,105.8,kg,162,on hold,2025-03-09,website
recpfgikl4mDjumM8,Ahmed Nair,ahmed.nair@protonmail.com,1981-08-11,F,,+31670409030,Dordrecht,145.8,kg,188,active ,2022-08-22,import
recOSxyNmumRtBeJn,Bram de Wit,bram.dewit@protonmail.com,1961-03-30,F,,06-87742402,Tilburg,100.6,kg,163,churned,2026-03-19,typeform
reczUTiPwz3ubI3fF,Priya El Amrani,priya.elamrani@icloud.com,1992-11-17,vrouw,629084749,+31619219431,Amersfoort,125.6,kg,186,churned,2025-08-29,website
recdh7Jfbb6WUqsVY,Julia Visser,julia.visser@icloud.com,17-04-1991,F,,06-66079840,Leiden,121.6,kg,187,actief,2023-09-16,website
recyWMJdY9fKgdqFw,Milan Peters,milan.peters@protonmail.com,1988-11-10,Female,,06-41623813,Almere,98.8,kg,174,actief,2023-02-16,website
recNIRLHGi9yQVJ3M,Daan Benali,daan.benali@yahoo.com,1964-07-19,man,,06-94647124,Breda,127.7,kg,174,active,2023-06-25,website
recTqXYdv2j6BT41M,Sofia van Leeuwen,sofia.vanleeuwen1@kpnmail.nl,1959-08-23,Female,,06-68356263,Almere,107.4,kg,187,active ,2025-11-17,import
recAeApEtGG3IDTEk,Eva Nowak,eva.nowak1@gmail.com,1958-03-23,m,,06-29975845,Zwolle,96.7,kg,184,Active,2024-08-12,campaign_expat_2023
recogFfDBjwtO3EFL,Marieke Brown,marieke.brown@gmail.com,28-07-1980,Male,677858619,0612293907,Leiden,101.5,kg,183,ACTIEF,2023-10-14,typeform
recucmyoWQbt5nvYh,Levi Kaya,levi.kaya@yahoo.com,29-12-1993,vrouw,,+31671648487,Utrecht,70.5,kg,159,active,2023-06-04,typeform
recRQfux7NT4Y2UEU,Luuk Dekker,luuk.dekker@yahoo.com,1966-04-11,vrouw,291474044,0690219542,Almere,133.6,kg,198,Churned,2024-07-11,import
recnhPyBWdTm8xcLL,Emily El Amrani,emily.elamrani@kpnmail.nl,1987-10-22,vrouw,,0630842703,Dordrecht,105.8,kg,161,Churned,2025-07-17,typeform
recKNblEiQnFmsRgu,Oliver van den Berg,oliver.vandenberg@live.nl,1983-05-15,man,900926144,+31684951998,Groningen,115.7,kg,177,churned,14-08-2023,referral
recZlVmwgoUvtHvcR,Mei Wilson,mei.wilson@kpnmail.nl,1976-07-19,V,743963271,06-86806505,Amersfoort,103.1,kg,182,opgezegd,2025-09-04,typeform
recMRaUAgkYwCL3gE,Grace Ricci,grace.ricci@ziggo.nl,1976-01-09,V,,0630719950,Nijmegen,117.3,kg,193,gepauzeerd,10/14/2022,typeform
recsoOaqD2MZvbHBv,Luuk Smits,luuk.smits@icloud.com,1980-10-21,V,,0655605873,Dordrecht,119.4,kg,198,ACTIEF,23-08-2022,typeform
rec4bNYsmmgcQE1zV,Maud Brouwer,maud.brouwer@protonmail.com,2005-01-02,Male,,+31623886891,Dordrecht,102.1,kg,159,churned,2023-02-15,campaign_expat_2023
rec8WUQZmiECENWRH,Bram Novak,bram.novak@protonmail.com,07-07-2005,M,,0665452121,Nijmegen,102.8,kg,184,ACTIEF,03-08-2023,import
recGn8Vja1e516gEa,Anna van den Berg,anna.vandenberg@yahoo.com,09-12-1997,male,,06-43386868,Dordrecht,87.7,kg,157,opgezegd,27-05-2024,campaign_expat_2023
recUOOorNG6exmVdQ,Femke Andersen,femke.andersen@icloud.com,1983-04-27,Male,,0634146275,Amsterdam,109.2,kg,188,on hold,2025-04-13,campaign_expat_2023
recZyMW1qKlXlPfH8,Daan Novak,daan.novak@live.nl,1982-07-18,f,836398117,0661892183,Almere,89.0,kg,170,Active,11-09-2022,campaign_expat_2023
recR7AnugAVs7X1Qm,Julia Horvat,julia.horvat@live.nl,31-01-1986,M,,0668886144,Den Haag,208.8,lbs,177,ACTIEF,05/30/2023,campaign_expat_2023
recGuHbloLELEbdis,Annelies Petrov,annelies.petrov@kpnmail.nl,1995-10-23,man,,06-32983502,Zaandam,,kg,179,on hold,04/15/2023,website
recQFvkUqO5NrVcQ4,Gijs Wang,gijs.wang1@ziggo.nl,2008-11-23,m,907758617,06-03858209,Utrecht,132.5,kg,192,actief,2025-05-19,referral
recv6to9T2kfkOkOO,Thijs Andersen,thijs.andersen1@hotmail.com,1996-03-27,man,,+31617624963,Delft,113.8,kg,190,Active,15-01-2023,referral
recrqSkI4upF6Z7fV,Emily Ricci,emily.ricci@protonmail.com,1983-02-19,male,,06-31961318,Dordrecht,106.9,kg,181,ACTIEF,2025-10-04,website
recBbOTZiQdAonDyq,Lucas van den Berg,lucas.vandenberg@outlook.com,28-04-2001,man,,0642000021,Nijmegen,114.5,kg,170,churned,2023-04-25,referral
recLmUsRari7xsW41,Maud Meijer,maud.meijer@yahoo.com,1983-08-06,Female,,+31694568543,Dordrecht,89.5,kg,156,cancelled,08-07-2023,typeform
recSIhshbK7vrjWFc,Emily Sharma,emily.sharma@live.nl,1968-12-30,vrouw,,06-93125192,Rotterdam,116.3,kg,190,churned,2023-04-25,typeform
recOKvIMB7ReuhiwW,Piotr van den Berg,piotr.vandenberg@yahoo.com,1980-10-26,man,422425345,06-98482676,Delft,99.1,kg,193,active,2026-01-02,campaign_expat_2023
rec3cyAag1vqPnbyX,Teun van Leeuwen,teun.vanleeuwen@kpnmail.nl,05/01/1968,Female,,0669397903,Amsterdam,104.2,kg,191,Paused,29-03-2024,campaign_expat_2023
recUh7XtbbIm35rsE,Anna Horvat,anna.horvat@protonmail.com,1968-10-24,V,809224045,+31684939964,Rotterdam,126.2,kg,189,Prospect,2025-01-27,import
recoY0X9Kyq72XECW,Emma Smit,emma.smit@outlook.com,1963-08-24,male,,0610748566,Den Haag,95.3,kg,173,Churned,2024-11-11,import
recLYZTBBswuVpGyi,Emily Mulder,emily.mulder@protonmail.com  ,1964-01-02,Male,,+31634002504,Dordrecht,98.1,kg,154,ACTIEF,2025-04-01,referral
recibsNGlAlmwgEgZ,Milan Wang,milan.wang@protonmail.com,1967-09-15,m,808268193,+31674216223,Delft,109.2,kg,195,Active,2025-02-21,typeform
reciWU5vCoBRo3UqO,Milan Rossi,milan.rossi@live.nl,2001-11-23,m,,06-94777230,Almere,96.1,kg,176,active,2026-02-02,typeform
recTq2DX4ha6lDE8h,Sofia Dijkstra,sofia.dijkstra@hotmail.com,1961-03-07,man,,+31648260216,Arnhem,87.5,kg,153,actief,22-06-2022,typeform
recqbeqQ5pJa4OWzW,Emily Ivanov,emily.ivanov@protonmail.com,1986-11-07,f,878824248,06-02348285,Haarlem,122.6,kg,183,active ,2025-11-26,website
recK3YIw8MAtLhFUJ,Marco Yilmaz,marco.yilmaz@protonmail.com,1986-12-19,V,,+31641871001,Leiden,234.1,lbs,168,churned,2024-10-21,typeform
recnIJ8DlcADTbCGq,Julia de Groot,julia.degroot@outlook.com,1965-11-25,f,405938986,+31609831380,Amsterdam,149.6,kg,194,Churned,2022-05-21,typeform
recrLOcsDafDPggHF,Oliver van Leeuwen,oliver.vanleeuwen@icloud.com,07-10-1992,m,619393892,06-75616240,Tilburg,110.8,kg,190,paused,06-05-2024,typeform
recidIT9DIYJyAPjC,Emily Brown,emily.brown@hotmail.com,13-09-2006,female,,06-69225767,Amersfoort,65.4,kg,152,gepauzeerd,02-03-2022,website
rec96naj0CqmlhCJq,Marco Smits,marco.smits@ziggo.nl,1967-06-17,f,,06-79326506,Amersfoort,94.1,kg,159,actief,2024-11-27,typeform
rectLlugybscJOyfd,Lucas van Leeuwen ,lucas.vanleeuwen@hotmail.com,1993-07-11,man,365624469,06-05430579,Amersfoort,118.5,kg,169,Churned,2026-03-09,typeform
recyJM14sXeGFGW7V,Lotte Wilson,lotte.wilson@icloud.com,1977-07-17,m,,06-28995648,Breda,99.3,kg,183,cancelled,2026-01-14,typeform
recnYkhDFANU2LNGb,Wei Novak,wei.novak@hotmail.com,1970-02-05,vrouw,472190970,06-18666216,Breda,99.9,kg,180,Prospect,2026-05-27,import
recaGte3dOJSFw0J1,Piotr Horvat,piotr.horvat@yahoo.com,1994-04-16,F,,+31650248795,Tilburg,135.6,kg,186,prospect,2024-09-18,typeform
recu7FhJ6xNHquOLk,Mei Smits ,mei.smits@icloud.com,1976-01-14,male,846435986,06-65836974,Apeldoorn,117.9,kg,198,actief,2024-09-01,website
recrWHvoggUWyssAK,Jan Yilmaz,jan.yilmaz@outlook.com,11/03/1968,F,115127203,+31648725528,Zwolle,81.1,kg,162,Active,2022-11-17,referral
recoOWZuTdp5BLFPW,Jesse Wang, jesse.wang@gmail.com,1980-08-24,female,958107397,,Almere,117.9,kg,192,gepauzeerd,2025-06-15,typeform
recCrLpb3IgX4T1sI,Sofia Vos,sofia.vos@gmail.com,1961-06-09,V,557785686,+31686004107,Tilburg,88.4,kg,167,opgezegd,2026-03-22,typeform
rec42GFZ7VHZ3JdBG,Kees Wilson,kees.wilson@outlook.com,1988-05-29,M,,06-56765189,Groningen,145.3,kg,188,active ,2025-10-24,typeform
recDwpMvr2nds8tAa,Levi Dekker,levi.dekker@kpnmail.nl,17-05-1999,M,,+31641309248,Tilburg,139.4,kg,186,lead,01-02-2024,referral
rectLHvNNIFYRCZiV,Fatima de Boer,fatima.deboer@yahoo.com,1995-03-04,M,939561244,06-00810211,Delft,86.9,kg,180,actief,13-02-2024,typeform
recSs73t0Grgp7ZJC,Annelies Wilson,annelies.wilson@protonmail.com,1962-12-03,male,283128835,+31640361383,Amsterdam,112.7,kg,169,Active,2025-07-18,import
recMdwXdkAZzXqsTR,Piotr Peters,piotr.peters@live.nl,2004-01-20,f,,+31684882099,Tilburg,82.4,kg,175,active,02/18/2024,campaign_expat_2023
recqAI73gGszp3lm5,Fleur Ivanov,fleur.ivanov@kpnmail.nl,15-11-2000,f,,+31629758538,Arnhem,146.6,kg,198,actief,14-04-2024,typeform
recxFGVDGvaJD3Teb,Anna Rossi,anna.rossi@protonmail.com,1989-06-09,M,,+31604051930,Rotterdam,138.9,kg,182,lead,2023-10-21,campaign_expat_2023
recLhNEvjTKeoXAwB,Amira Ricci,amira.ricci@outlook.com,1969-04-19,male,,+31699849658,Amsterdam,118.1,kg,184,Prospect,2026-02-11,referral
reco9tVgBCHnxDMIa,Sofia Ricci,sofia.ricci@icloud.com,1961-10-02,m,,,Leiden,82.1,kg,172,Active,14-04-2023,website
recpkVceF1aJFy4XZ,Elena El Amrani,elena.elamrani1@kpnmail.nl,1996-09-02,M,,+31693840945,Nijmegen,117.7,kg,197,ACTIEF,2025-07-22,referral
recEopljxmji8pmHT,Youssef Meijer,youssef.meijer@kpnmail.nl,1991-06-08,f,,06-86535178,Utrecht,93.4,kg,152,active,2025-03-14,campaign_expat_2023
reciFqvZA0ifSveog,Emma van Leeuwen,emma.vanleeuwen@icloud.com,04/12/1972,vrouw,,06-42295330,Apeldoorn,,kg,160,Active,11/09/2022,typeform
recYGkliiBqF2930k,Ahmed de Graaf,ahmed.degraaf@gmail.com,1990-01-01,V,,+31624377793,Zaandam,,kg,184,Churned,2025-12-07,import
recn8KAKRnq4WaK8H,Zeynep Dijkstra,zeynep.dijkstra@yahoo.com,19-09-2003,male,,06-20143805,Zaandam,107.5,kg,164,actief,01/23/2023,typeform
rec10Fbk6liGfTF3U,Fatima El Amrani,fatima.elamrani@hotmail.com,2002-10-13,V,937757524,+31655953251,Dordrecht,78.9,kg,172,new,2026-05-29,typeform
rec5DLaKcIwydqDuZ,Grace Dekker,grace.dekker@kpnmail.nl,1972-01-16,F,608062236,06-25593686,Nijmegen,107.8,kg,165,lead,2024-08-04,website
rec3ymSLgJrQ9mCV6,Anna Benali,anna.benali@kpnmail.nl,03-04-1989,f,692409348,0658750886,Almere,124.8,kg,176,actief,2023-08-03,typeform
recgmcvIqjv794gVv,Ivan de Graaf,ivan.degraaf@gmail.com,16-09-1984,M,,06-64272664,Almere,136.3,kg,186,lead,20-01-2023,import
reclkSr8uuiiu6Py0,Fatima Demir,fatima.demir@yahoo.com,06/11/1998,vrouw,,+31650554212,Groningen,108.4,kg,194,Active,01-04-2024,website
rec02MJTjhFxbjp2V,Deniz Horvat,deniz.horvat@hotmail.com,1987-05-14,m,,+31620949826,Apeldoorn,,kg,172,opgezegd,2024-05-26,import
recKdU12fWEkeHry7,Jan Smits,jan.smits@live.nl,1960-01-08,male,,0603997208,Apeldoorn,123.5,kg,174,ACTIEF,07/06/2022,import
recvuCa5l5ueQoBKx,James Yilmaz,james.yilmaz@live.nl,1979-04-12,female,,+31696978801,Zwolle,133.3,kg,190,actief,2026-05-19,typeform
recWxP3wuvrf4QM75,Julia Smit,JULIA.SMIT@YAHOO.COM,1968-08-02,f,,06-41560501,Delft,104.7,kg,158,opgezegd,02-06-2022,campaign_expat_2023
recnwQrPAC0tcEijf,Piotr Nair,piotr.nair@icloud.com,1967-11-05,Female,,06-18219602,Amsterdam,87.9,kg,170,actief,2025-04-15,typeform
recHC9pabsjz3XN2V,Roos Smith,roos.smith@yahoo.com,01-09-1994,man,,0606896480,Den Haag,112.6,kg,179,Churned,23-11-2022,import
recRrJasxlxl7v8PP,Marieke de Wit,marieke.dewit@protonmail.com,1998-03-07,male,,0605387794,Tilburg,102.5,kg,189,ACTIEF,2023-09-17,campaign_expat_2023
recelXXNczUOc8shg,Marieke Sharma,marieke.sharma@live.nl,1983-05-07,M,189935716,+31632394882,Dordrecht,92.7,kg,165,actief,2022-04-24,import
rec5AKC6xy9f698nm,Thijs de Vries,thijs.devries1@outlook.com,1958-01-09,female,,06-89653983,Leiden,112.5,kg,177,churned,2025-08-03,website
recUJQTjTsNwWjU43,Gijs Peters, gijs.peters@icloud.com,1996-01-06,Male,544182492,0620448716,Zaandam,115.1,kg,165,actief,2025-05-04,referral
receo8VCIirqeBbun,Fatima Brouwer,fatima.brouwer@gmail.com,1994-07-30,female,888270288,06-68202341,Rotterdam,121.9,kg,184,churned,2023-03-01,website
recOSDYg3cG4tBRYp,Fatima Smits,fatima.smits@yahoo.com,1958-05-13,Male,,+31653402968,Groningen,122.9,kg,190,active ,2025-12-09,referral
recvA5inCpkrdJgBN,Maud Petrov,maud.petrov@yahoo.com,1958-08-13,male,,0605705213,Utrecht,158.3,kg,195,ACTIEF,2026-02-15,import
recAt6VGkTr428OLS,Emily Nowak,emily.nowak@kpnmail.nl,1988-04-08,f,503821536,06-52911036,Arnhem,98.5,kg,184,prospect,2024-12-28,campaign_expat_2023
recEhNHlwIw8FoN1p,Lisa Horvat ,lisa.horvat@outlook.com,1998-06-29,F,,06-55289905,Groningen,97.2,kg,174,cancelled,2025-06-02,typeform
recQEh90lDlZJ8xYE,Eva Hendriks,eva.hendriks1@kpnmail.nl,1959-12-01,man,,+31694629725,Amersfoort,101.0,kg,164,active,2024-10-29,campaign_expat_2023
recIhnuUju9Nxnu8X,Kees Jones,kees.jones@outlook.com,1991-04-07,female,,,Apeldoorn,90.3,kg,173,Prospect,09/01/2023,website
recUbI2fzxV7TWQa7,Olga Ricci,olga.ricci@gmail.com,1982-04-14,Male,,+31626797491,Tilburg,142.3,kg,198,ACTIEF,2024-11-27,import
rec8jMOvfs1CPbJwe,Emily Taylor,emily.taylor@ziggo.nl,1959-03-02,V,898661924,06-43894952,Haarlem,253.3,lbs,175,churned,2025-05-20,referral
recGMI1k2Nb5p1xRR,Amira Ivanov,amira.ivanov @outlook.com,18-04-1965,m,,+31698143903,Delft,83.3,kg,158,ACTIEF,03/30/2023,typeform
rec9sb69OcearJ2JL,Lotte Visser,lotte.visser@kpnmail.nl,1968-11-19,f,892604098,+31606718128,Maastricht,99.3,kg,158,Active,2026-05-16,typeform
rec1X8lhpFh752MlA,Femke Rossi,femke.rossi@protonmail.com,09/02/1966,Female,700883745,06-31711830,Groningen,110.6,kg,167,active,10/26/2023,referral
recbpqtOeB2J8yldo,Hendrik Taylor,hendrik.taylor@yahoo.com,2002-05-21,female,764451285,0626894845,Zaandam,109.2,kg,181,actief,2025-02-23,typeform
recU4SdLUniatvn2j,Amira Jones,amira.jones@live.nl,1977-07-15,V,,0678321886,Nijmegen,80.5,kg,168,churned,2024-02-06,referral
recFbjz80FAVHEeo3,Annelies Vos,annelies.vos@hotmail.com,1967-11-29,Female,762248142,+31640071661,Haarlem,131.4,kg,194,Paused,03-08-2023,typeform
rec5FR2IE1YOcbzV8,Finn Smit,finn.smit@outlook.com,1971-03-25,Female,,+31671208111,Breda,133.7,kg,187,actief,2023-07-28,typeform
recHn0KSHtYejP5ao,Ivan Andersen,ivan.andersen @live.nl,2005-02-12,male,,+31679224359,Utrecht,109.2,kg,181,active,2022-05-13,referral
recqfQ30Bb33heqew,Fleur de Vries,fleur.devries@hotmail.com,06/17/1986,man,,06-83850332,Utrecht,90.4,kg,152,actief,18-11-2023,typeform
recmQ3PH00f54vUnR,Emily de Vries,emily.devries1@hotmail.com,1976-03-10,M,,06-34168227,Maastricht,110.9,kg,174,ACTIEF,2023-08-15,website
recYXNuoiXdbBPT9n,Emily Dekker,emily.dekker@kpnmail.nl,1970-11-20,male,,0647656945,Almere,122.6,kg,173,paused,2025-12-27,campaign_expat_2023
recLLBrF7UXXPw3C0,Milan Sharma,milan.sharma@icloud.com,1988-12-21,male,321415735,+31609821336,Almere,75.9,kg,152,ACTIEF,2026-05-28,typeform
rec0Rqmcdo2XYS8AJ,Kasia Dijkstra,kasia.dijkstra@ziggo.nl,1960-08-12,m,582435535,+31612097363,Utrecht,114.7,kg,166,churned,2024-09-25,typeform
recmOWXTvhjtkihEY,Mei de Vries,mei.devries@hotmail.com,2007-07-22,man,,0643938398,Amersfoort,136.2,kg,192,active,2025-04-08,import
recaXIN6hypG99cnK,Annelies Jones,annelies.jones@icloud.com,1992-02-29,vrouw,769556905,0669936341,Zwolle,126.6,kg,194,active,2026-02-08,campaign_expat_2023
reckrC2tTvnBNAmTS,Finn Kowalski,finn.kowalski@ziggo.nl,03/06/1974,F,,+31604437504,Rotterdam,88.1,kg,162,Prospect,12/08/2022,typeform
recCXfYZTWfrLRkFF,Ruben Costa,ruben.costa@gmail.com,30-12-1999,Male,,+31658174566,Leiden,79.5,kg,162,opgezegd,2024-02-18,referral
recd25UhEFzIHYN8z,Emily de Vries,emily.devries@protonmail.com,1998-12-18,Male,454218813,0601186552,Almere,110.9,kg,170,Active,2026-05-13,typeform
recoC3v3SaBqyV13j,Daan Horvat,daan.horvat1@outlook.com,06-12-1972,male,750360537,+31661606831,Zwolle,82.7,kg,173,active ,2022-07-04,typeform
recfzWyj1fm7SYpAW,Noor Costa,noor.costa@hotmail.com,2006-12-04,Male,,0662616172,Den Haag,125.4,kg,181,Active,2024-08-09,referral
recnaYUKuAJiOlhCS,Sanne Brown,sanne.brown@yahoo.com,2001-09-07,f,,+31652861174,Nijmegen,111.4,kg,162,active,2024-10-08,typeform
recCrqdFnzglaJTZn,Mei van Dijk,mei.vandijk@hotmail.com,24-05-1994,m,,+31637788154,Den Haag,,kg,155,active ,2022-03-05,referral
reczPBqbtomj6fVcg,Amira Brown,amira.brown@kpnmail.nl,1963-05-29,m,,0628789191,Amsterdam,69.7,kg,154,ACTIEF,04/05/2023,website
rec44z9czqm8SKDmx,Lotte van den Berg,lotte.vandenberg@protonmail.com,2005-12-22,man,,,Arnhem,128.2,kg,179,ACTIEF,2025-01-04,typeform
rec8U07o2VGOABUqm,Daan de Graaf,daan.degraaf@yahoo.com,1969-10-04,Male,,+31683368419,Amsterdam,99.7,kg,188,Active,2023-04-01,campaign_expat_2023
recAgX6VZmNek1JST,Grace Demir,grace.demir@gmail.com,12-12-2001,Male,998429831,06-48011130,Delft,112.6,kg,196,Active,02/07/2023,typeform
recm6gNRIsI2oWQdC,Emma de Groot,emma.degroot@outlook.com,13-05-1978,man,451940854,,Utrecht,130.3,kg,177,ACTIEF,08-05-2022,website
recEpS4jJRuQ4Wa70,Hendrik Smits,hendrik.smits@live.nl,1967-01-19,male,,0621555174,Arnhem,82.0,kg,162,cancelled,2025-02-12,campaign_expat_2023
recSjG1HZb13Yt6Ym,Lotte Meijer,lotte.meijer@kpnmail.nl,1965-01-13,f,,+31662008248,Leiden,96.9,kg,184,opgezegd,16-07-2023,campaign_expat_2023
recq99W3EbwOVSW3f,Lisa Brown,lisa.brown@ziggo.nl,1974-09-29,f,387387237,+31668125856,Haarlem,89.4,kg,169,paused,18-11-2023,typeform
recox2UcNCnrioCWq,Emma Smit,emma.smit@yahoo.com,1961-10-24,Male,853692191,+31628857279,Maastricht,118.8,kg,171,active,2024-11-17,campaign_expat_2023
rec1WugwFXJW9o84E,Daan Taylor,daan.taylor@live.nl,2003-12-14,V,,06-61522484,Eindhoven,80.6,kg,162,ACTIEF,2024-06-24,typeform
recVbCpFsSEHwB37T,Deniz Kowalski,deniz.kowalski@gmail.com,1962-02-01,m,190960425,+31614838419,Zaandam,122.2,kg,191,Active,2025-03-11,campaign_expat_2023
recUDagMMJB9JyQRq,Emily de Wit,emily.dewit1@ziggo.nl,14-11-1991,male,,+31623992095,Rotterdam,70.6,kg,164,on hold,07/25/2022,referral
receRz3AUy3M0CWuh,Ahmed Demir,ahmed.demir@yahoo.com,1975-03-17,vrouw,276078408,06-56090265,Eindhoven,132.1,kg,181,ACTIEF,2024-05-27,referral
recTf6H60O8a6xqOA,James Wang,james.wang@kpnmail.nl,1965-03-05,M,,+31671345363,Maastricht,128.6,kg,180,active,2025-08-08,import
recaOOXLqTRNFvEhm,Elena Yilmaz,elena.yilmaz@hotmail.com,1960-03-20,male,,+31626225841,Groningen,,kg,162,cancelled,2025-07-22,typeform
recpWmQ1nfxo3MyFH,Fleur van Leeuwen,fleur.vanleeuwen@kpnmail.nl,2007-03-26,F,,+31621882845,Groningen,104.4,kg,173,ACTIEF,2025-06-29,website
recFmS0iqDWTECknG,Fatima Wilson,fatima.wilson@outlook.com,1980-05-30,vrouw,,+31682328075,Breda,119.0,kg,170,ACTIEF,2024-11-11,import
recYlvLVr0w4jcUCD,Sem Meijer,sem.meijer@live.nl,1996-10-10,M,202176952,,Haarlem,73.8,kg,157,opgezegd,2025-12-29,campaign_expat_2023
rec2YcMoX5KKWqIiP,Milan Wang,milan.wang@hotmail.com,1973-02-19,male,843504043,06-01005633,Rotterdam,96.1,kg,183,actief,2025-03-19,referral
recVAPbSgImEuzGrH,Ivan Mulder,ivan.mulder@ziggo.nl,1961-05-30,m,462857724,06-45162286,Delft,244.3,,173,actief,2025-12-17,campaign_expat_2023
rec6XYZQGHhLLKrDz,Lisa Benali,lisa.benali@icloud.com,1994-10-17,vrouw,,+31644315728,Haarlem,145.4,kg,194,new,2025-10-23,typeform
recZms3ZxUb1q048c,Lisa Wang,lisa.wang@ziggo.nl,26-09-2001,m,,+31677455902,Haarlem,122.8,kg,197,active,07/27/2022,referral
recLVmpz0b80dS5mi,Zeynep Wang,zeynep.wang@protonmail.com,1988-03-12,V,,06-52489780,Delft,64.7,kg,152,Churned,02-11-2022,campaign_expat_2023
rechwNCMXiE2d3BlY,Finn Smit,finn.smit@protonmail.com,1966-06-09,Female,,06-41708005,Delft,83.6,kg,171,active,04/23/2024,typeform
recf5JSJYip3SN4eZ,Kees de Jong,kees.dejong@ziggo.nl,1965-06-07,Male,652447946,+31617829875,Amersfoort,,kg,179,paused,2025-09-23,campaign_expat_2023
rec8wbwHqQ4ZYiIzF,Oliver van den Berg,oliver.vandenberg@protonmail.com,1962-09-21,male,,+31687594818,Eindhoven,104.5,kg,178,ACTIEF,11/04/2022,typeform
recppe5rl6makYrQA,Emre El Amrani,emre.elamrani@yahoo.com,2077-02-08,V,,0636422746,Apeldoorn,127.3,kg,187,cancelled,17-04-2024,typeform
rec5EnC5UPTN7ZzOr,Finn van den Berg,finn.vandenberg@kpnmail.nl,22-07-1961,man,912996274,06-65467158,Zaandam,,kg,176,active,2023-10-01,website
recdkQwA4VNKBCJYM,Emma Horvat,emma.horvat@kpnmail.nl,1995-09-24,Female,717166144,+31686778963,Almere,116.3,kg,166,Active,2026-04-28,typeform
recLcjIQfDGJg2Ee3,Lotte Bos,lotte.bos@protonmail.com,1968-11-23,f,167398738,+31645175136,Maastricht,108.8,kg,179,active,18-03-2024,campaign_expat_2023
recklNqFsSt1QDN9u,Mohammed van Dijk,mohammed.vandijk@outlook.com,1990-06-24,M,,,Almere,108.5,kg,167,opgezegd,2025-01-01,referral
recG4TongEQvxkegA,Levi Wilson,levi.wilson@gmail.com,06-11-1963,Male,948285670,0603827443,Zwolle,80.5,kg,175,active ,2022-03-28,import
recVw6ggIYV09FnVA,Eva Peters,eva.peters@hotmail.com,17-02-1959,man,951005832,06-66604024,Groningen,68.2,kg,154,active ,13-12-2023,import
recFnur38HKEnf3VZ,Fleur van Leeuwen,fleur.vanleeuwen@kpnmail.nl,2008-03-25,V,,+31621882845,Groningen,104.4,kg,173,active,2025-06-29,import
recEIZvhx3IQhdfZb,Teun Nair,teun.nair@ziggo.nl,2008-07-18,Male,,0608397837,Nijmegen,145.2,kg,191,actief,2026-01-27,campaign_expat_2023
recBtdlvD6oN5ialb,Deniz Wilson,deniz.wilson@live.nl,2007-07-16,V,573440888,06-14876857,Maastricht,97.0,kg,176,active,06-03-2024,import
recIVtyquVzQUxwbR,Fleur de Graaf,fleur.degraaf@protonmail.com,1967-03-25,vrouw,,+31696315641,Apeldoorn,84.0,kg,179,churned,23-09-2022,import
recUQ6XCfQKuEi2Ed,Lotte Horvat ,lotte.horvat@live.nl,2005-02-27,F,535939887,+31655204055,Nijmegen,99.0,kg,162,active,25-05-2023,import
rechVnzt2dM3vrIdj,Finn Horvat,finn.horvat@live.nl,1993-04-27,V,764162627,+31696742719,Rotterdam,107.4,kg,189,active,2026-03-22,import
rec4mMLx26906ijC6,Anna Yilmaz,anna.yilmaz@hotmail.com,1994-07-01,male,,06-63639489,Utrecht,92.4,kg,172,actief,2024-06-18,import
rec3rR1i4mzIqqlNx,Eva Peters,eva.peters@live.nl,1991-04-24,m,,,Dordrecht,125.0,kg,172,actief,2026-04-30,typeform
rec6oqIhefp1fPA4p,Thijs Bakker,thijs.bakker@outlook.com,1998-12-10,Female,,0683975465,Maastricht,107.7,kg,184,active ,01/15/2023,referral
rectpeNVNv7TJNwoS,Maud Chen,maud.chen@icloud.com,1965-07-11,Female,,+31623131822,Arnhem,115.9,kg,181,Churned,2026-06-09,typeform
recztAN8p9N09shBV,Zeynep Petrov,zeynep.petrov@live.nl,1982-10-06,M,,+31668534054,Eindhoven,103.5,kg,186,active ,2025-07-11,typeform
recJwI3cnX0FfPqBL,Kasia de Boer,KASIA.DEBOER@OUTLOOK.COM,1991-06-24,female,,+31637528822,Tilburg,98.0,kg,190,prospect,2025-02-26,referral
recew1sSBShStANoO,Giulia Visser,giulia.visser@kpnmail.nl,1993-06-01,Male,194410559,0675813343,Eindhoven,66.9,kg,157,paused,2025-09-11,typeform
recPFu9YavWNbaZPo,Bram Kaya,bram.kaya@kpnmail.nl,22-12-1981,Male,,,Delft,131.8,kg,193,ACTIEF,28-09-2023,referral
recBjgFvdJqIDz3vW,James Costa,james.costa@yahoo.com,1992-11-09,female,499849796,0669819701,Apeldoorn,95.4,kg,159,Churned,2025-09-18,referral
recq7IXFBNS7Kv83b,Noor de Groot,noor.degroot@ziggo.nl,1969-08-25,F,242403992,+31610466737,Eindhoven,105.9,kg,196,on hold,2026-01-26,website
recdHXxh7zwd9gBwS,Maud Andersen,maud.andersen@hotmail.com,07/19/2004,M,,+31605468590,Dordrecht,108.4,kg,188,active,09/07/2023,typeform
rec6Yusl8HUpRm6FM,Marco de Graaf,marco.degraaf@hotmail.com,1999-06-24,male,,+31622028791,Eindhoven,122.9,kg,173,active,01-04-2024,campaign_expat_2023
recmNljXyAnm9du3I,Kees van den Berg,kees.vandenberg@yahoo.com,10-08-2003,male,140655499,+31680244189,Tilburg,89.5,kg,169,churned,2022-03-28,website
recTBDGMCKnPjIE20,Eva Sharma,eva.sharma@live.nl,01/11/2006,female,139738824,+31667321447,Tilburg,298.1,lbs,188,ACTIEF,2023-04-14,referral
recjBj1Bro6nvxpq7,Marco Petrov,marco.petrov@ziggo.nl,26-09-1984,Male,159193448,06-53596327,Amsterdam,100.9,kg,164,gepauzeerd,2023-10-19,typeform
recA9zHaRYNcveT9C,Julia Ricci,julia.ricci@outlook.com,2004-10-15,man,,06-19517735,Zwolle,125.5,kg,194,Active,2025-02-13,typeform
recDNobBinOIJDJ99,Eva de Groot,eva.degroot@ziggo.nl,1963-12-04,f,,06-88255176,Apeldoorn,137.4,kg,180,actief,2025-03-16,typeform
rec21r8JnYwPQw9QK,Lisa Smit,lisa.smit@icloud.com,02/10/1981,M,,06-31783570,Almere,127.8,kg,181,cancelled,12/13/2023,typeform
recu61JWCuCBnTKas,Julia Novak,julia.novak@ziggo.nl,2001-01-14,M,,06-13156696,Amersfoort,63.2,kg,153,ACTIEF,2024-01-12,campaign_expat_2023
recI58ziBFTxm7mCN,Sophie Benali,sophie.benali@outlook.com,2005-11-21,man,,+31642262031,Haarlem,75.8,kg,160,churned,2023-05-14,typeform
recNjDcbfs0MABYwG,Mei Smith,mei.smith@gmail.com,1988-08-01,male,,+31699569519,Eindhoven,73.5,kg,160,cancelled,2024-04-24,referral
recqsciXpeazMNSs9,Deniz Andersen,deniz.andersen@ziggo.nl,01-07-1981,Male,,+31606257565,Leiden,,kg,154,opgezegd,2022-11-21,campaign_expat_2023
rec9BzSJmrgbc5j6T,Mohammed Nowak,mohammed.nowak@live.nl,1992-06-30,Male,114118619,+31695130223,Haarlem,124.5,kg,173,opgezegd,2025-11-04,campaign_expat_2023
recoaoGp8d7MUsPIW,Roos Smits,roos.smits@ziggo.nl,03/31/1966,M,,06-75128492,Utrecht,102.1,kg,186,lead,2023-05-03,typeform
recr2u1DONSbkToFZ,Fleur de Boer,fleur.deboer@kpnmail.nl,1995-11-27,vrouw,485018007,+31687812765,Amsterdam,125.8,kg,180,actief,2025-12-20,referral
recA3XcmO0KemrZa3,Lisa Petrov,lisa.petrov@outlook.com,2005-10-17,Male,274654039,0636270705,Rotterdam,104.2,kg,191,Churned,01-02-2024,campaign_expat_2023
recwKHm8SjWT8XdE8,Oliver Brouwer,oliver.brouwer@icloud.com,1990-06-12,male,,+31617413750,Tilburg,85.6,kg,175,opgezegd,2025-01-28,typeform
recgkYuDlR0G8ZqPg,Femke de Groot,femke.degroot@yahoo.com,1978-08-08,man,,06-10300314,Den Haag,145.7,kg,193,cancelled,2025-05-15,campaign_expat_2023
recqtYJhdvIUWBYkS,Eva de Jong,eva.dejong@ziggo.nl,1991-03-11,m,,+31676544455,Arnhem,94.8,kg,184,active,2026-01-23,typeform
reco95nWDzmgrqQDB,Marco Smit,marco.smit@yahoo.com,03/22/1962,vrouw,,0663636307,Amsterdam,147.6,kg,192,active,10/20/2023,import
recMdOfbppT1DkHk6,Deniz Nowak,deniz.nowak@ziggo.nl,1974-07-31,female,411590868,+31601009843,Utrecht,102.0,kg,176,cancelled,2025-03-05,website
recXzI46bnlQr1l1v,Teun Kaya,teun.kaya@ziggo.nl,1967-05-03,Male,,06-14729721,Almere,137.7,kg,181,opgezegd,2026-05-31,typeform
recSFg9gV9mGwAnk2,Roos Jansen,ROOS.JANSEN@HOTMAIL.COM,1976-09-11,m,,+31669559650,Groningen,141.5,kg,188,Active,18-10-2022,website
recCTKVdZJmctsaga,Priya de Graaf,priya.degraaf@kpnmail.nl,12-11-1995,m,,06-87899336,Leiden,115.6,kg,187,opgezegd,2023-05-23,campaign_expat_2023
recb3xNQ0Qe3STEon,Grace Brown,grace.brown@yahoo.com,27-08-1980,Male,684535786,06-85776504,Arnhem,123.3,kg,192,Prospect,22-06-2023,import
receewRHm2iLkKJmT,Emily Dekker,emily.dekker@gmail.com,1978-02-22,vrouw,349399724,06-02883321,Amersfoort,102.9,kg,166,churned,2024-07-29,campaign_expat_2023
rec9kgDUNJNW2YyA6,Lucas Costa,lucas.costa@yahoo.com,12/31/1982,female,,+31619527375,Amersfoort,70.3,kg,153,ACTIEF,2024-04-16,typeform
recZBSJzDHzdNjcLT,Jesse Novak ,jesse.novak@yahoo.com,25-08-1985,f,523962411,0675612836,Tilburg,101.2,kg,156,on hold,2023-11-07,website
recFO8eKCDf3r2Cxg,Marco Meijer,marco.meijer@hotmail.com,1974-01-20,F,,06-88907805,Tilburg,96.8,kg,156,ACTIEF,2025-06-12,referral
reckuKDAOQqScsmPi,Zeynep El Amrani,zeynep.elamrani@kpnmail.nl,1967-03-27,man,335460811,+31674609013,Zwolle,124.7,kg,187,active ,2024-03-01,import
recaaBp3YNqXotXMr,Kasia Ivanov,kasia.ivanov@protonmail.com,12/07/1958,Male,681834250,+31651639079,Breda,94.0,kg,165,active,09-09-2022,website
reclHqAovBV60tDZp,Olga Ricci,olga.ricci@yahoo.com,1992-08-12,female,,0603042217,Amsterdam,91.7,kg,183,ACTIEF,2025-03-29,campaign_expat_2023
rec3EntarmIpXOkYE,Lucas Horvat,lucas.horvat@gmail.com,1998-09-03,m,,+31681103556,Den Haag,98.1,kg,171,Churned,2023-01-23,typeform
rec00hgqVrnH6Prqr,Anna Yilmaz,anna.yilmaz@ziggo.nl,2001-02-14,F,446785349,06-56650168,Breda,,kg,167,Active,2025-12-15,typeform
recUF5LavG4BkibOo,Jesse de Graaf,jesse.degraaf@ziggo.nl,07/10/1974,Female,584826041,+31634390633,Eindhoven,98.7,kg,168,ACTIEF,13-06-2023,typeform
recTKYmh9OlSDn0u2,Luuk Dijkstra,luuk.dijkstra@live.nl,11/05/1959,female,206207499,0610735432,Zwolle,109.2,kg,187,new,2022-11-11,import
recJaxhxK6Cq72NcA,Willem Petrov,willem.petrov@live.nl,08-02-1971,male,,+31664917482,Den Haag,98.1,kg,186,ACTIEF,2024-01-09,import
recThzzY0eDhpQIQN,Milan Petrov,milan.petrov@protonmail.com,2004-06-09,Male,374880967,,Tilburg,87.8,kg,161,opgezegd,2025-03-24,referral
recxAZO5uKecaYeCI,Kees Dekker,kees.dekker@kpnmail.nl,20-12-1976,F,,+31683120658,Groningen,89.6,kg,157,active ,09/25/2023,typeform
recULBIlbgI5bb5Gq,Ivan Chen,ivan.chen@protonmail.com,12/31/2005,F,,0676081766,Amsterdam,87.5,kg,152,Active,2022-05-08,import
recCHNonAUlqjRPLD,Oliver Ivanov,oliver.ivanov@hotmail.com,1981-11-14,female,,06-40018548,Dordrecht,,kg,196,cancelled,2026-03-22,import
recT8ag7O4s20Orcl,Youssef Vos,youssef.vos@outlook.com,1989-01-28,Male,,+31674492207,Utrecht,109.6,kg,187,Active,2026-04-28,website
rec0kpeE5xtEy6e1k,Bram Rossi,bram.rossi1@ziggo.nl,1980-10-05,f,,+31694500197,Rotterdam,140.9,kg,198,actief,2026-01-21,website
recCaKZczR1kKYEsE,Wei Hendriks ,wei.hendriks@icloud.com,08/18/1989,F,931357020,06-56243369,Arnhem,63.9,kg,156,prospect,26-04-2024,campaign_expat_2023
rec30zuXxoUGdiSCk,Finn Sharma,finn.sharma@live.nl,29-01-1998,M,,+31654689238,Leiden,83.3,kg,177,ACTIEF,17-11-2022,referral
rec4Us8WXSm47abyH,Bram Ivanov,bram.ivanov@gmail.com,1977-08-09,Male,306651749,06-27568809,Haarlem,136.4,kg,190,cancelled,2023-08-15,website
rec3kRKPh5jr8mHWL,Gijs El Amrani,gijs.elamrani@kpnmail.nl,1986-11-07,male,935102061,06-90932745,Eindhoven,,kg,189,cancelled,2026-01-14,typeform
rec8ircc4T93VjcAP,Ivan van Leeuwen,ivan.vanleeuwen@gmail.com,1991-03-29,male,107817196,0632276894,Maastricht,89.3,kg,174,cancelled,2024-07-02,website
recrD5OjOsNK29KRR,Ivan Costa,ivan.costa@kpnmail.nl,1978-03-09,m,,+31645804882,Zwolle,78.4,kg,165,Paused,2022-07-27,typeform
recsmgIV95MsMB8rB,Fatima de Jong,fatima.dejong@icloud.com,1967-04-24,M,342330718,+31665769726,Utrecht,92.8,kg,157,active,2024-09-20,website
recNCrdwWuisaj5Id,Maud Meijer,maud.meijer@outlook.com,1994-02-11,male,,06-64130740,Almere,84.5,kg,164,ACTIEF,2025-09-26,typeform
rec8vFek0RsPT8yOL,Jesse de Boer,jesse.deboer@live.nl,1979-02-23,Female,502110375,06-19361871,Amersfoort,88.0,kg,165,opgezegd,2025-03-22,referral
recNcF1JtXc9dHHhq,Grace Chen,grace.chen@protonmail.com,1977-07-14,V,375492501,0693521163,Amersfoort,110.8,kg,189,Active,2026-05-17,typeform
rec7xraUI8rnNqxOE,Grace Brown,grace.brown1@gmail.com,1992-12-15,m,,+31679698023,Zaandam,79.6,kg,174,active,02-12-2022,referral
recBCY9glX4qtFDJb,Thijs Andersen,thijs.andersen@hotmail.com,1999-02-09,man,,06-04788403,Maastricht,,kg,161,active,2026-01-11,typeform
rec95f8wS9cIunrxh,Hendrik Bos ,hendrik.bos@icloud.com,2007-10-29,m,,06-00981146,Breda,124.2,kg,181,active,06/19/2023,campaign_expat_2023
recX5uqh1oqlG9IOZ,Kees Demir,kees.demir1@live.nl,1967-09-30,F,,0606716380,Zaandam,92.1,kg,186,active ,2026-04-02,campaign_expat_2023
recz7UR0KeRqJNNr6,Arjun Meijer,arjun.meijer@protonmail.com,05/13/1984,F,,+31604308248,Utrecht,88.1,kg,152,active,2022-11-11,campaign_expat_2023
rechBXVBlHjSMBW4A,Arjun Bakker,arjun.bakker@gmail.com,1958-11-06,M,,06-68462121,Arnhem,98.9,kg,178,Prospect,2024-10-22,campaign_expat_2023
recxucUXx2IwTuP4e,Lotte Horvat,lotte.horvat@hotmail.com,1997-03-31,M,224006502,0656308201,Almere,145.1,kg,185,paused,2024-10-31,website
recqfguXVKcmPPhih,Olga de Boer,olga.deboer@icloud.com,09-04-1998,man,565670712,06-06580940,Leiden,102.8,kg,190,Active,08/07/2023,campaign_expat_2023
recPOX5Eigw9nwmvp,Oliver Horvat,oliver.horvat@gmail.com,2006-09-23,vrouw,914054661,+31661779069,Zaandam,178.6,lbs,170,actief,2026-03-19,referral
recNXUYGlczBcBDUP,Wei Petrov,wei.petrov@yahoo.com,2007-04-29,female,,+31633462731,Breda,67.9,kg,152,active ,2024-10-14,import
recwyHjS3zOgyFpEH,Maud Petrov,maud.petrov@protonmail.com,1992-06-21,F,,06-16721938,Zwolle,110.8,kg,162,Active,2025-06-08,referral
rec0qqMam7qf6hNps,Jesse Kowalski,jesse.kowalski1@icloud.com,1965-08-15,m,,06-59950050,Almere,95.3,kg,171,active,2025-11-27,campaign_expat_2023
recHrAtO44TFpxk9q,Lisa Demir,lisa.demir@outlook.com,1980-12-30,female,161780076,06-64403571,Rotterdam,,kg,168,active ,04/13/2022,website
recvUs5CoFWYkhJCz,Grace de Jong,grace.dejong@yahoo.com,1973-11-23,vrouw,,0618048639,Tilburg,108.9,kg,181,on hold,2024-11-14,typeform
recQvbHZY18mMjMuM,Zeynep Brown,zeynep.brown@gmail.com,07-12-1973,man,,,Maastricht,139.6,kg,182,churned,05/12/2023,referral
rectZhqst1VkiXxNJ,Mohammed Petrov,mohammed.petrov@kpnmail.nl,1963-03-19,Male,,06-14733161,Utrecht,107.4,kg,165,opgezegd,2025-05-28,import
reco7H0D3QSF5qBUp,Jan Visser,jan.visser@icloud.com,1978-05-04,Male,133698014,+31619148044,Maastricht,90.3,kg,153,cancelled,2025-01-25,typeform
recWH6oDFp2AGLSIb,Kees Demir,kees.demir@icloud.com,2001-12-09,F,,+31636949560,Amsterdam,152.2,kg,196,churned,2025-04-17,typeform
rec6PH348ixNfgAUz,Piotr Nowak,piotr.nowak@protonmail.com,1960-12-25,man,,06-81879292,Den Haag,129.2,kg,191,active,2024-11-20,website
reck3KGlGW36BrxPi,Luuk Rossi,luuk.rossi1@gmail.com,1980-08-25,F,891464347,0616062272,Den Haag,,kg,186,active ,2024-01-24,typeform
rec501RqG5OmE49jF,Sanne Kowalski,sanne.kowalski@hotmail.com,1969-08-30,F,,0628280986,Zwolle,115.4,kg,172,new,2023-02-20,typeform
recjX04Bqe8dTOkRg,Fatima van der Meer,fatima.vandermeer@ziggo.nl,2006-10-06,F,,+31666983427,Utrecht,90.3,kg,154,new,2023-01-23,import
reciYuwR4fJwuqv69,Emily Chen,emily.chen@protonmail.com,2005-09-20,male,,+31678543170,Amsterdam,117.3,kg,176,ACTIEF,15-02-2023,website
recD93hAR6QhL2jwc,Ahmed Hendriks,ahmed.hendriks@live.nl,1984-06-12,male,,06-61493582,Eindhoven,84.1,kg,174,actief,2023-04-18,import
recsuRqamZLwzJYGS,Julia Sharma,julia.sharma1@protonmail.com,1998-03-15,f,813784694,+31627636712,Leiden,218.7,,191,cancelled,04/20/2023,campaign_expat_2023
recZmnRrxkMNRhPGG,Kees Meijer,kees.meijer@hotmail.com,1989-08-19,V,,06-26113846,Haarlem,86.1,kg,167,ACTIEF,2025-04-11,typeform
recNYbsnzHuw9owiL,Finn Benali,finn.benali@outlook.com,1968-03-10,F,775714185,06-60490007,Den Haag,113.4,kg,164,active,2024-04-08,typeform
recWwE6poPct9FU8B,Hendrik Bos,hendrik.bos@outlook.com,1958-07-05,man,,+31644276732,Groningen,146.5,kg,191,Churned,2022-10-23,campaign_expat_2023
reciq2MhM7ZUotMA0,Priya Sharma,priya.sharma@ziggo.nl,1971-08-24,Male,,+31653888690,Zaandam,85.3,kg,166,Prospect,2024-10-18,referral
recItuZ1Uw9FEnbJu,Arjun Brown,arjun.brown@kpnmail.nl,1994-04-24,V,,+31648624995,Groningen,115.9,kg,179,active ,2025-01-21,website
recQoAlJd50VrYERQ,Emily Smits,emily.smits@live.nl,1973-09-02,f,496322229,0610382378,Utrecht,94.9,kg,153,active,2022-11-09,typeform
rec12wLnEb5VnnapQ,Maud de Boer,maud.deboer@kpnmail.nl,1962-05-28,F,,06-24813709,Zwolle,144.3,kg,186,Churned,2024-10-19,import
recQcpF2TuezTaXTJ,Oliver Yilmaz,oliver.yilmaz@kpnmail.nl,31-05-1991,F,,+31679501710,Almere,158.2,kg,193,ACTIEF,05/10/2023,campaign_expat_2023
rec3cjpWV8jtKgP7H,Wei Visser,wei.visser@live.nl,1966-12-23,vrouw,530971112,0606716137,Zaandam,152.6,kg,191,Active,2023-09-11,typeform
recOUgkIjG7U3PPEL,Mohammed Taylor,mohammed.taylor@hotmail.com,1989-05-09,M,,06-48610136,Dordrecht,104.8,kg,180,churned,2024-06-20,website
recgrLkRSWxSseJUy,Bram Demir,bram.demir@protonmail.com,1995-04-03,man,207846066,06-04019115,Zaandam,114.2,kg,196,active ,05-02-2023,typeform
recoQTp5AppZuiUFA,Lot Bos,lotte.bosx@gmail.com,1999-09-03,female,417033540,06-64271908,Almere,112.9,kg,163,opgezegd,2022-03-27,typeform
rec1nX79qUlkK3Yj3,Olga Brown,olga.brown@ziggo.nl,1978-10-08,vrouw,,+31615627733,Apeldoorn,102.8,kg,167,churned,2025-09-20,import
recGdV1LCDtM2ldX8,Arjun Peters,arjun.peters@gmail.com,1984-03-05,m,427823390,+31652005773,Zaandam,116.8,kg,181,cancelled,2025-06-29,website
recU5BtxWK9fRvZdj,Bram Bos,bram.bos@outlook.com,1968-07-29,f,,+31601478582,Delft,92.0,kg,159,active,2023-04-24,import
reckqlMalubTZFRET,Finn Mulder,finn.mulder1@hotmail.com,1982-04-10,f,,06-22425266,Zwolle,105.1,kg,184,ACTIEF,2025-05-19,website
rec0uGVkAwpx9Ke29,Anna Petrov,anna.petrov@outlook.com,1966-05-11,Female,123397261,+31679743544,Rotterdam,109.7,kg,177,ACTIEF,2026-02-18,website
recJKXsQ1gFLiyUP6,Jan Rossi,jan.rossi@icloud.com,1991-12-14,man,215771837,0648423568,Utrecht,176.6,,155,ACTIEF,2023-11-04,website
recHNFajWZhUwQizA,Luuk van Dijk,luuk.vandijk@gmail.com,1983-10-11,female,811772913,+31661692926,Zaandam,123.3,kg,184,ACTIEF,2026-04-28,campaign_expat_2023
recT67DISXAXyveS0,Kasia de Groot,kasia.degroot@ziggo.nl,07/20/1970,Male,969264100,+31631441820,Tilburg,100.9,kg,165,opgezegd,2023-06-15,campaign_expat_2023
rec3ZbmMKpQx6jaC3,Levi Kaya,levi.kaya@live.nl,2005-02-03,f,,06-09802177,Utrecht,119.8,kg,174,cancelled,10-10-2023,referral
recCJa0jgF6ArA5Ef,Milan Horvat ,milan.horvat@gmail.com,1963-09-14,F,740999230,+31600011955,Zwolle,88.2,kg,169,active ,2024-06-05,referral
recJOgrQS2NIz6RIi,Julia Brouwer,julia.brouwer@outlook.com,08/22/2044,M,,+31693167640,Zaandam,129.7,kg,193,active ,02/15/2023,campaign_expat_2023
recHEkChjIwNE7cCN,Deniz Nair,deniz.nair@protonmail.com,1982-11-01,female,190437790,06-78006989,Amersfoort,122.6,kg,190,actief,05/02/2023,website
recmkS26Ah9dHHj9k,Olga de Wit ,olga.dewit@protonmail.com,29-05-1973,female,,06-00017059,Amersfoort,,kg,169,ACTIEF,13-02-2023,typeform
recY2vNBl26RxvJPS,Lisa Smit,lisa.smit@protonmail.com,29-10-1958,female,,06-27507897,Haarlem,119.2,kg,186,lead,2022-05-11,typeform
rec0SKU84KE6m869c,Sofia Meijer,sofia.meijer@gmail.com,01/06/1958,M,891011067,+31634291626,Breda,67.2,kg,158,prospect,22-03-2024,website
reclNBkMKO6f4Thwo,Ruben Novak,ruben.novak@yahoo.com,1983-04-14,f,341033248,+31636553994,Zaandam,102.4,kg,156,ACTIEF,2024-06-17,website
rec9D8L1W26F9XqWJ,Emre de Groot,EMRE.DEGROOT@ZIGGO.NL,1972-10-21,male,,06-65912979,Dordrecht,92.4,kg,156,ACTIEF,2025-06-10,typeform
recAlk6DeZnwFYRqD,Mohammed Rossi,mohammed.rossi@icloud.com,1968-10-30,vrouw,820840774,06-43095985,Eindhoven,118.9,kg,179,active ,2026-06-09,referral
recg7rO00zKGKSu6Z,Fatima de Wit,fatima.dewit@live.nl,1979-03-13,man,714500586,,Rotterdam,91.4,kg,182,ACTIEF,2025-07-05,import
recXgint3icCVs5A7,Wei Nowak,wei.nowak@protonmail.com,05/06/1987,m,248452952,+31611326132,Breda,111.0,kg,186,paused,2023-01-12,typeform
recMoHmhhYOvBXTUx,Finn Jansen,finn.jansen@hotmail.com,01/23/1962,Male,,+31627944819,Delft,75.5,kg,162,churned,2022-07-13,website
recMqzDvMFIsbheS1,Deniz Smit,deniz.smit@hotmail.com,1965-12-27,m,,+31664490446,Breda,73.7,kg,159,active,2025-09-20,typeform
recxhapjrBCD5sqfO,Jesse Wang,jesse.wang@live.nl,05-09-1999,Male,950410779,06-59133437,Arnhem,81.0,kg,161,on hold,2024-03-28,website
recZswdQFi9o3xLPx,Elena Kaya,elena.kaya@icloud.com,1982-01-29,male,,06-19666261,Zwolle,134.5,kg,194,Churned,2025-06-09,website
rec3OMXZ1doHhD9TG,Zeynep de Graaf,zeynep.degraaf@yahoo.com,1989-01-25,vrouw,,+31607080179,Groningen,98.2,kg,153,lead,2025-02-11,import
recI1QEoxOMowxLwB,Fleur Vos,fleur.vos@outlook.com,1965-07-19,female,,+31670698557,Haarlem,142.0,kg,188,active ,2024-09-10,typeform
recm7rYlW4EEdtikA,Ruben Nowak,ruben.nowak@kpnmail.nl,1974-02-12,Female,,06-88402623,Maastricht,100.5,kg,186,opgezegd,2024-02-15,typeform
recagrbOgcYl3FDcR,Kees Demir,kees.demir@kpnmail.nl,1973-08-25,Female,,+31659821454,Zaandam,,kg,189,actief,2025-12-23,campaign_expat_2023
rec3kUyxSDMIfGsBd,Priya Rossi,priya.rossi@icloud.com,1980-12-24,M,,+31691551562,Almere,85.7,kg,152,active ,2024-08-20,import
recZ0TNLoODwcwdOW,Amiraa Hendriks,amira.hendriksx@ziggo.nl,1992-01-21,m,,0658467595,Maastricht,75.4,kg,163,active,16-02-2023,import
rec2TCjhZiqe0Do51,Sofia Dijkstra,sofia.dijkstra@ziggo.nl,2005-09-16,vrouw,,+31618977038,Den Haag,116.2,kg,187,churned,2025-05-06,typeform
recUIsLGMYJD47rCu,Grace de Jong,grace.dejong@protonmail.com,1962-10-21,f,,+31635682220,Den Haag,111.5,kg,174,Active,2025-05-25,typeform
recPWbHqLfGj0anJq,Mei Meijer,mei.meijer@hotmail.com,1986-07-11,M,375194320,06-04169272,Almere,110.0,kg,190,actief,2025-12-23,campaign_expat_2023
reci2293V0pO1bGeq,Amira Peters,amira.peters@icloud.com,10/04/1988,man,,+31664659619,Dordrecht,102.5,kg,174,churned,28-11-2022,typeform
rec9owoUT4Dbf4LxM,Anna Vos,anna.vos@icloud.com,1964-10-18,F,,+31617626625,Arnhem,89.3,kg,173,Active,2022-09-30,referral
recuEPk9T3VIYWjvu,Emre Hendriks,emre.hendriks@gmail.com,1979-10-12,m,,+31643237436,Groningen,93.1,kg,174,gepauzeerd,05/23/2023,campaign_expat_2023
recekGy8976u4ysZx,Giulia Benali,giulia.benali@ziggo.nl,28-03-1994,Female,939320046,0639733635,Breda,79.3,kg,170,Active,2022-03-19,campaign_expat_2023
recBsgtypmYRWeu9i,Lotte de Wit,lotte.dewit@outlook.com,1962-06-19,man,,+31644777481,Delft,74.7,kg,165,active ,03/23/2023,import
recZN0knJ8Y7dg0Nx,Emma El Amrani,emma.elamrani@yahoo.com,1986-05-30,M,542733833,+31678592882,Maastricht,97.9,kg,179,ACTIEF,2026-06-06,typeform
recujxiECUIVrJFrR,Annelies Meijer,annelies.meijer1@live.nl,1997-08-29,man,,0662254976,Den Haag,104.0,kg,172,ACTIEF,2026-02-05,import
rec3MLesM3D3DMa08,Giulia Bos,giulia.bos@outlook.com,1989-04-13,M,294397917,06-92825464,Leiden,99.7,kg,193,churned,07/21/2023,campaign_expat_2023
recU480hgtHx6E6pI,Marco Dijkstra,marco.dijkstra@yahoo.com,31-05-1994,F,871647771,+31606058355,Rotterdam,109.8,kg,193,Churned,03/12/2024,website
recigsQqEMH1bVWD7,Thijs Visser,thijs.visser@outlook.com,03-01-1997,m,,06-85725014,Eindhoven,93.1,kg,153,active ,2023-04-19,campaign_expat_2023
recGeN8Pyh8Gv1d4L,Femke de Wit,femke.dewit@icloud.com,1968-11-21,female,623505824,06-26943339,Utrecht,151.9,kg,198,opgezegd,2024-05-02,import
recWNSbJfNcbiGYUn,Kees Kowalski,kees.kowalski@protonmail.com,12/10/2003,m,909572045,+31605375858,Breda,69.3,kg,152,actief,2022-03-18,typeform
rec6g6WO8xNuFM4ME,Annelies Sharma,annelies.sharma@live.nl,1964-07-15,F,592977328,0696582535,Delft,87.0,kg,173,paused,2022-06-15,referral
reczPYWuL39aGvcF7,Anna de Vries,anna.devries@kpnmail.nl,20-05-1969,M,791021051,06-65598366,Tilburg,175.0,lbs,167,actief,2022-05-23,website
reccCo4njE7t3ZAlf,James Wilson,james.wilson@gmail.com,1987-01-30,M,775245835,+31605798999,Tilburg,96.8,kg,176,active,19-03-2022,import
recNF3LRSY0ztKWYC,Sofia Peters,sofia.peters@kpnmail.nl,2007-08-05,f,,06-70432091,Delft,88.2,kg,161,cancelled,2025-03-02,import
reck0Map62LM40Urf,Bram El Amrani,bram.elamrani@gmail.com,2000-10-14,Male,,+31644278169,Den Haag,106.0,kg,161,lead,2026-03-30,referral
rechpcgZBI78P2HJo,Fleur de Vries,fleur.devries@kpnmail.nl,1959-12-26,female,,0691270169,Maastricht,97.8,kg,153,paused,2026-05-17,website
recOkJjdq5uwAeNeL,Sofia Petrov,sofia.petrov@hotmail.com,15-07-1977,male,440909995,0664321518,Amsterdam,87.4,kg,178,churned,2022-08-28,referral
recDGRVR8awJc7s4C,Piotr Kaya,piotr.kaya@ziggo.nl,04/13/1963,M,742760248,0676947695,Tilburg,101.0,kg,167,Paused,16-07-2023,typeform
recOzmmMLHCHEkraj,Wei Rossi,wei.rossi@yahoo.com,01/12/2002,m,,+31686404274,Almere,136.9,kg,194,ACTIEF,2023-03-09,typeform
recfq53xpqw1cAC7k,Amira Demir,amira.demir@icloud.com,1988-08-11,m,968119037,+31604125777,Zaandam,149.0,kg,198,Paused,13-12-2022,campaign_expat_2023
reci9l9iaiXTAJCpg,Jan Vos,jan.vos@gmail.com,1991-10-02,vrouw,304926152,+31651737323,Tilburg,123.4,kg,198,Paused,05/15/2024,typeform
recIGWJBnBRn0mng9,James Sharma,james.sharma@protonmail.com,2003-02-10,V,705399709,06-59357732,Groningen,75.6,kg,153,Paused,2024-08-31,import
recnIeR3UmtJO9r2L,Sofia El Amrani,sofia.elamrani@gmail.com,1976-09-11,man,,+31623521303,Apeldoorn,112.9,kg,171,cancelled,2025-10-26,referral
recew8dQzGYpPMscc,Anna Dijkstra,anna.dijkstra@outlook.com,2007-04-26,female,,06-46602809,Breda,113.8,kg,179,opgezegd,2022-03-02,referral
reciNCIFCttQenBkE,Thijs de Vries,thijs.devries@kpnmail.nl,2007-08-09,F,,06-65523687,Arnhem,102.5,kg,184,active ,2022-05-07,typeform
recQV3ayvRj6zV4Dz,Lotte de Wit,lotte.dewit@ziggo.nl,1982-03-29,V,390559520,+31653314304,Dordrecht,94.3,kg,176,Active,2026-05-21,typeform
rec28omjvSKxr1q0G,Sophie Taylor,sophie.taylor@protonmail.com,1970-01-07,vrouw,,+31693979418,Utrecht,135.8,kg,183,active ,2025-11-28,typeform
recQfTuzK4qRRma27,Bram Dijkstra,bram.dijkstra@kpnmail.nl,05/08/1988,Male,,06-32780756,Almere,99.1,kg,176,ACTIEF,2023-06-07,typeform
recYDXDN4iLZ4MmDc,Thijs Wilson,thijs.wilson@outlook.com,1961-03-07,m,894152191,+31625754876,Zwolle,210.5,,175,ACTIEF,2024-09-13,typeform
recbbokkWpExknV6q,Bram Costa,bram.costa@kpnmail.nl,02/04/1990,male,,+31636575320,Tilburg,77.7,kg,169,actief,14-09-2023,website
reconk8Avootp81M6,Kees Dijkstra,kees.dijkstra@ziggo.nl,1989-07-03,m,,06-55414121,Arnhem,128.0,kg,179,actief,2026-01-26,typeform
recB62ljF1W4xe93a,Oliver Bos,oliver.bos@yahoo.com,25-10-1966,f,800577310,0601947493,Apeldoorn,98.6,kg,174,Active,2022-05-13,referral
recuAfafsrhZxKiWG,Julia van der Meer,julia.vandermeer@icloud.com,1988-06-23,M,995217877,0666863463,Utrecht,120.7,kg,188,Active,2025-05-18,campaign_expat_2023
recETNzEfvWfgKuje,Roos Horvat,roos.horvat@live.nl,1967-04-28,f,,+31682560615,Breda,123.6,kg,189,actief,2026-04-12,typeform
rechkTaUKnGWDdXZv,Jan Yilmaz,jan.yilmaz@hotmail.com,1964-08-25,vrouw,,+31602819377,Groningen,63.2,kg,152,gepauzeerd,07/17/2023,import
recgl1cwHuzdrMlQ8,Jesse Smit,jesse.smit@ziggo.nl,1991-09-18,male,827645338,+31651161235,Nijmegen,124.2,kg,191,actief,05/16/2022,typeform
recbvJChNZOWgJugO,Daan Demir,daan.demir@live.nl,23-11-1969,m,,06-06979885,Dordrecht,68.8,kg,155,paused,2022-03-03,referral
recV9xsvKDl6MoZbN,Roos Horvat,roos.horvat@yahoo.com,1983-05-02,M,,+31627874442,Eindhoven,140.2,,153,Churned,2024-10-03,import
rec3kACeZeXxLa2R9,Elena Wilson,elena.wilson@kpnmail.nl,02/24/1959,vrouw,,0613269298,Den Haag,110.9,kg,191,Churned,26-08-2022,typeform
recHFAfIh4wQNGIEC,Giulia de Graaf,giulia.degraaf@protonmail.com,1961-06-07,M,,+31667582340,Den Haag,90.5,kg,182,Active,10/01/2022,referral
recEH473OnB83tKRA,Levi Smith,levi.smith@hotmail.com,1998-07-13,male,,+31618284197,Zwolle,96.5,kg,158,Active,2026-04-12,typeform
recPI7GgXSEKvr3Fj,Sophie van Leeuwen,sophie.vanleeuwen@gmail.com,08/01/2007,Female,,06-46599934,Eindhoven,152.5,kg,192,prospect,2024-01-15,campaign_expat_2023
rec2FHQxwqGS6z4w0,Jan Dekker,jan.dekker@icloud.com,1961-03-02,man,108711729,+31607936518,Maastricht,,kg,181,new,2025-07-10,referral
recmnO3ZivTPZIKOt,Fleur Bos,fleur.bos@outlook.com,1969-09-04,man,,+31696777270,Zaandam,222.4,lbs,173,active ,2023-05-15,typeform
recmiGsNmRhbr4Y9c,Piotr Dekker,piotr.dekker@gmail.com,1994-01-28,F,498472899,06-55136026,Den Haag,111.5,kg,194,actief,2023-12-12,typeform
rec6A72gN0OnrKDqb,Sanne Wang,sanne.wang@outlook.com,2003-09-24,m,,+31665375206,Apeldoorn,91.3,kg,155,Active,2024-12-22,referral
recwR25S9xqQ1IQQV,Wei Visser,wei.visser@yahoo.com,1967-05-24,f,,06-35355963,Delft,88.0,kg,177,paused,2024-10-05,typeform
recTxEXaOvGxWTKng,Levi Hendriks,levi.hendriks@hotmail.com,05-07-1989,Female,244097173,+31618972835,Zwolle,111.9,kg,192,active,2023-07-10,import
recc6xbfvJBGpVXme,Youssef de Wit,youssef.dewit@outlook.com,1984-06-08,V,373069765,+31637637026,Nijmegen,136.7,kg,188,Active,2025-03-06,referral
recMH6Fvcg15sph8Z,Fatima Visser,fatima.visser@protonmail.com,2001-09-04,V,,0690204833,Amsterdam,125.8,kg,173,prospect,2024-10-23,typeform
recVj7ZD7LM2mMDd0,Luuk Demir,luuk.demir@live.nl,2007-10-28,V,471080020,0678466259,Groningen,143.6,kg,189,cancelled,2025-01-03,typeform
rec4Fqw3woAaID3uv,Priya Visser,priya.visser@live.nl,1996-04-30,vrouw,,06-13450578,Rotterdam,124.2,kg,198,opgezegd,2025-10-06,import
rec1rZRJyFOjYva9V,Anna Kowalski,anna.kowalski@kpnmail.nl,1969-07-06,M,353372900,+31614215145,Breda,116.1,kg,195,active ,2024-09-18,typeform
recVELcbChgHZxjfG,Bram El Amrani,bram.elamrani@protonmail.com,20-01-1971,f,658821040,+31692966247,Arnhem,73.5,kg,165,Active,2022-11-21,import
recdb1oyiB00igIDS,Youssef Jansen,youssef.jansen@gmail.com,1989-01-27,female,,+31660930721,Utrecht,139.9,kg,197,Paused,2024-06-10,referral
recFPUu0oK8fQg8hs,Julia Brouwer,julia.brouwer@gmail.com,1991-09-26,vrouw,,0692087043,Zwolle,95.3,kg,162,active,2024-10-28,typeform
recUrXgCwHGMMorag,Emma Visser,emma.visser@gmail.com,2002-06-18,vrouw,,06-40241854,Breda,91.5,kg,186,ACTIEF,2025-11-25,import
recAVCTPbgAn2Gzjb,Bram de Vries,bram.devries@gmail.com,1979-09-15,f,,,Amersfoort,151.4,kg,198,actief,2026-02-19,typeform
recv4BSP0DsVWmNop,Piotr Kowalski,piotr.kowalski@protonmail.com,07-07-1967,m,281126471,+31691879666,Nijmegen,85.8,kg,168,cancelled,03-11-2022,import
recxiYTmZSi5SgTnA,Willem El Amrani,willem.elamrani@ziggo.nl,1962-04-13,male,,06-10487927,Arnhem,141.9,kg,186,ACTIEF,2026-01-05,website
recbqsHKrIEUOjc00,Piotr Ivanov,piotr.ivanov@hotmail.com,2007-01-03,female,709348538,+31615609575,Dordrecht,107.3,kg,163,active,2022-10-09,import
recFIYP4ziDvjcOTg,Amira Bos,amira.bos@yahoo.com,2000-08-11,Male,765716884,+31683121458,Breda,159.6,kg,197,active ,2025-01-14,website
recRdJpKPOY67ykBL,Maud de Wit,maud.dewit@kpnmail.nl,2002-03-12,f,702822053,0666917277,Arnhem,,kg,197,ACTIEF,2025-08-18,website
rec2tvbYF9G16qwsK,Emre van den Berg,emre.vandenberg@gmail.com,07/24/1983,V,,06-29119681,Maastricht,,kg,179,paused,04/22/2023,import
recPF76BL5GTECClm,Emre Jansen,emre.jansen@outlook.com,1987-03-26,m,,0640282402,Dordrecht,99.8,kg,162,ACTIEF,23-06-2022,typeform
reczmxocmPAdRGyOx,Bram van Leeuwen,bram.vanleeuwen@ziggo.nl,11/16/1960,M,934841287,0600536713,Den Haag,129.6,kg,197,lead,2024-05-28,website
recUXAyZaSaTlc13i,Giulia Smith,giulia.smith@outlook.com,1997-07-31,F,,,Amsterdam,156.3,kg,197,active,15-12-2023,referral
rec4X7VbvP77jauuq,Sem Dekker,sem.dekker1@live.nl,22-08-2006,Female,,06-62741083,Leiden,90.6,kg,156,ACTIEF,2022-06-20,campaign_expat_2023
recyiDIUUGNon6xG1,Zeynep Kowalski,zeynep.kowalski@gmail.com,1990-10-07,male,131481204,+31635735426,Nijmegen,144.8,kg,190,cancelled,2022-04-21,referral
reclWC7bJsc26LSqt,Julia Smits,julia.smits@protonmail.com,1979-03-21,f,623068898,,Delft,105.6,kg,175,actief,2025-10-31,referral
reck177kPKTtjY9LC,Emily Mulder ,emily.mulder@yahoo.com,1975-04-10,Female,,06-93758952,Zwolle,109.7,kg,171,prospect,21-09-2022,import
recGZc65BTYqUtPvS,Daan Jones,daan.jones@hotmail.com,1959-09-30,f,,0658963863,Amersfoort,98.8,kg,191,actief,2025-01-05,import
recyVrYz8lJMtDrV9,Wei Andersen,wei.andersen@hotmail.com,1966-07-21,male,,06-86682250,Amsterdam,82.4,kg,161,actief,2024-03-17,campaign_expat_2023
recOHCfDwUB5Pynym,Ahmed Dijkstra,ahmed.dijkstra@yahoo.com,05/11/1998,vrouw,,06-97731198,Arnhem,100.3,kg,190,prospect,05-10-2023,typeform
recYeF5HQthBORcLA,Bram Smits,bram.smits@kpnmail.nl,1975-10-29,m,,+31607782719,Eindhoven,115.4,kg,171,opgezegd,2025-12-11,campaign_expat_2023
recwI8MRmUpnwEEG0,Noor Demir,noor.demir@ziggo.nl,03/30/2000,Male,753107910,+31633652352,Amsterdam,124.0,kg,179,on hold,03/06/2022,referral
recru7iIWfkE1trIH,Sanne Kowalski,sanne.kowalski@outlook.com,2002-06-17,Male,792901964,0641931560,Zaandam,83.9,kg,167,Active,2025-09-16,website
recEFz51iO5Gq0BVb,Noor Peters,noor.peters@kpnmail.nl,1989-05-21,m,521329000,+31654813971,Tilburg,288.1,lbs,195,cancelled,2023-10-27,typeform
recAJvV51uVi9jGFC,Olga de Jong,olga.dejong@protonmail.com,1970-07-18,V,,06-87025056,Zwolle,105.3,kg,173,cancelled,2023-08-11,referral
reckSbaDSPSyNUwCo,Arjun Wang,arjun.wang@outlook.com,12/25/1978,f,,+31610869647,Maastricht,99.2,kg,161,active,2023-10-10,typeform
recBBCwGa0mvSpif0,Sem Smith,sem.smith1@live.nl,1975-04-09,f,,+31693525548,Zwolle,110.7,kg,186,Active,2026-01-26,typeform
recIHGqihVLomv5BY,Wei Novak,wei.novak1@outlook.com,1988-03-20,man,684506622,0655404008,Amersfoort,121.5,kg,171,active ,10/01/2023,campaign_expat_2023
reciFZjzOlMp99Xa0,Willem van der Meer,willem.vandermeer@outlook.com,1991-08-12,female,239430190,06-36262224,Den Haag,80.5,kg,164,cancelled,2023-11-02,typeform
reccwMmM4LwhksALo,Lotte van den Berg,lotte.vandenberg1@gmail.com,1987-11-30,F,,+31622130284,Delft,94.7,kg,180,Paused,2024-10-20,website
recqsRGpNEU8pmUDz,Zeynep Jones,zeynep.jones@protonmail.com,2006-11-18,m,,0627490367,Almere,101.6,kg,159,actief,01-10-2023,typeform
recouVwyFf2mirqin,Lotte Dijkstra,lotte.dijkstra@protonmail.com,1985-04-13,vrouw,,+31636700140,Tilburg,268.3,lbs,172,new,2025-04-25,import
reckM4pYvp3I8oJoR,Sem Smith,sem.smith@kpnmail.nl,09-08-1990,M,,0682247862,Den Haag,64.5,kg,153,active ,2023-10-10,referral
recEXuFAkcs144OOp,Zeynep Kaya,zeynep.kaya@kpnmail.nl,1980-04-14,Female,958803201,06-49826406,Den Haag,84.2,kg,157,active,2022-09-01,campaign_expat_2023
rec2nsPaHhPOhuPot,Gijs Smits,gijs.smits@kpnmail.nl,2006-08-31,man,419779875,06-07232824,Utrecht,65.5,kg,152,active,2025-01-12,referral
recolthYXwopDtwHf,Deniz Wilson,deniz.wilson@gmail.com,1984-02-25,Male,,+31668991260,Amsterdam,126.0,kg,196,active ,2025-05-25,website
receKZ4Ec4L6unq2b,Thijs van den Berg,thijs.vandenberg@hotmail.com,09/06/2006,m,444588474,06-37442558,Almere,127.0,kg,187,churned,2022-03-29,typeform
recV4Mw7991K3rTb8,Priya van Dijk,priya.vandijk@ziggo.nl,1983-11-29,m,,06-61743080,Rotterdam,100.4,kg,191,prospect,2025-11-06,import
recGFG2HGesWPJOxe,Julia Chen,julia.chen@yahoo.com,10/13/1974,m,,+31676222095,Den Haag,73.6,kg,161,actief,2022-07-22,typeform
recSalAuHGmK5tpin,Teun de Vries,teun.devries@protonmail.com,1973-07-14,V,449182599,0671553455,Leiden,98.5,kg,170,ACTIEF,2025-05-08,typeform
recvdiUyjcVcClThU,Elena Taylor,elena.taylor@kpnmail.nl,2004-04-13,man,172420945,06-04211970,Nijmegen,75.4,kg,170,opgezegd,2026-01-01,import
recfLwLUUDqUeLtoK,Wei Andersen,wei.andersen@gmail.com,2005-02-22,M,,06-51577648,Delft,134.4,kg,198,ACTIEF,02/18/2023,website
reco9TryrcIlxvnei,Sophie de Groot,sophie.degroot1@hotmail.com,1985-01-08,m,586057225,+31673023377,Delft,122.6,kg,189,churned,2025-07-03,typeform
rec7GsD0teXr11TLV,Kees van Leeuwen,kees.vanleeuwen@live.nl,1980-12-01,female,223575094,0691301637,Groningen,94.6,kg,163,active ,2025-11-01,import
recN1NbreAloURoJR,Sem Vos,sem.vos@kpnmail.nl,1971-10-17,M,,06-00589517,Arnhem,86.3,kg,164,ACTIEF,2026-03-31,referral
rectp12Cl1zUbOIBZ,Grace Ricci,grace.ricci@icloud.com,1985-11-19,Female,,+31661209772,Maastricht,123.8,kg,190,churned,2026-06-14,website
recGOKgbCkmI31cdD,Lisa Brouwer,lisa.brouwer@hotmail.com,27-01-1991,male,,+31611217640,Apeldoorn,79.4,kg,172,ACTIEF,11-05-2022,import
rec6nU8tGgsvHNCwx,Wei Rossi,wei.rossi1@hotmail.com,02/03/1983,Female,503605578,+31607267789,Arnhem,132.6,kg,181,Paused,2022-07-02,import
recumPEOdG2HK1UMT,Luuk Jones,luuk.jones@hotmail.com,1961-09-12,M,,+31661868544,Den Haag,92.2,kg,153,active ,20-04-2024,referral
recAAiq7ZqiNKi7lO,Emre Jones,emre.jones@gmail.com,28-07-1978,m,,+31632485826,Maastricht,119.7,kg,198,ACTIEF,2024-01-11,website
recmNOjE5h6J8iIDb,Femke Horvat,femke.horvat@yahoo.com,1961-05-10,F,434222823,0646672701,Zwolle,92.9,kg,168,Active,2026-03-02,website
recc8KESFq3dwYDYS,Mei Nair,mei.nair@yahoo.com,1989-12-22,man,101000674,+31674785073,Amsterdam,84.8,kg,163,on hold,2025-01-02,typeform
rec3THMFFzOWyQoaO,Finn Bakker,finn.bakker@icloud.com,2059-01-05,man,,+31618241851,Apeldoorn,86.1,kg,153,ACTIEF,2025-08-03,website
recnJpAWGtDdPmznq,Marieke Dijkstra,marieke.dijkstra @protonmail.com,1969-07-21,m,,+31633188375,Zaandam,92.3,kg,156,Active,2025-04-05,campaign_expat_2023
recO63S8seUOHHPL4,Sophie Brouwer,sophie.brouwer@yahoo.com,1971-12-02,F,,06-25183894,Dordrecht,109.8,kg,193,Active,05-11-2022,typeform
reco43uNt2qHYROPQ,Emma Mulder,emma.mulder@hotmail.com,07/28/2005,vrouw,,+31639348801,Arnhem,125.0,kg,184,ACTIEF,02/03/2023,import
recrzw1Ez8wsD5MUO,Kasia Smit,kasia.smit@protonmail.com,25-12-2007,V,226863268,+31680543168,Breda,70.4,kg,152,active ,01/14/2023,typeform
recINICl2iVYCMjiX,Jesse Wilson,jesse.wilson@hotmail.com,1982-10-22,male,370732054,0628663245,Delft,93.1,kg,164,Prospect,2025-12-30,typeform
rec7t1arJURFR5ljO,Sofia Jones,sofia.jones@live.nl,1996-03-28,man,,06-36026343,Utrecht,114.9,kg,181,active ,2024-08-31,campaign_expat_2023
recFfY3xGwjQCAE2b,Finn Vos,finn.vos@kpnmail.nl,1996-09-22,Female,935946901,+31665737844,Den Haag,115.6,kg,184,active ,2024-07-14,campaign_expat_2023
recXegsQq9BGFyein,Wei Benali,wei.benali@yahoo.com,1978-08-25,M,989772329,+31628006977,Dordrecht,97.4,kg,177,cancelled,05/20/2024,referral
recqogDYtJ0CTJ8rn,Kees Rossi,kees.rossi@hotmail.com,05/07/1965,Female,,+31694732402,Maastricht,97.1,kg,188,Churned,2022-10-22,campaign_expat_2023
recG5Di8Zcv3iNB0O,Sophie de Graaf,sophie.degraaf@yahoo.com,1965-02-12,Male,,+31668574532,Tilburg,130.9,kg,188,lead,01/18/2024,typeform
recwBxyRizRigAVRT,Lisa Ivanov,lisa.ivanov@protonmail.com,1981-01-10,V,943624150,+31613455363,Almere,121.8,kg,179,Churned,2022-03-13,typeform
recY5oBnMJ9zbP1lG,Grace Smith,grace.smith@kpnmail.nl,2001-05-03,M,,0646932276,Nijmegen,75.6,kg,167,Active,2025-02-28,campaign_expat_2023
recDbb5cTEoDj8iSf,Sophie Costa,sophie.costa@kpnmail.nl,1964-08-01,Female,,+31677469823,Delft,143.5,kg,194,active,2025-06-23,typeform
recS2PxzksI61IOxj,Mei Jones,mei.jones@protonmail.com,1968-08-06,female,,+31688431597,Leiden,97.6,kg,156,Active,2024-11-11,typeform
recUYN25lCspkKNZ8,Oliver Brown,oliver.brown@icloud.com,05/10/2001,man,682308870,+31602760112,Nijmegen,82.0,kg,153,Active,2022-04-26,typeform
recgj3FHI2V22oiux,Zeynep van den Berg,zeynep.vandenberg@hotmail.com,14-06-1993,F,,0676602396,Delft,81.6,kg,152,Active,29-10-2023,typeform
recP83HEMFttos7u3,Emma Wilson,emma.wilson@hotmail.com,2006-05-17,Male,,+31682644558,Apeldoorn,135.7,kg,185,cancelled,2024-09-16,campaign_expat_2023
rechY2FUgzhKYKSMd,Emily van Dijk,emily.vandijk@outlook.com,11/12/1984,V,,06-85118615,Amsterdam,106.8,kg,171,active ,2022-07-13,campaign_expat_2023
recpR7gEu6YV6XWTJ,Sofia Bakker,sofia.bakker@live.nl,1964-08-15,M,739063625,0657520377,Amsterdam,,kg,163,new,2024-11-17,referral
reckJkH4HZIsc8edC,Sofia Mulder,sofia.mulder@yahoo.com,2002-06-23,V,643530629,06-02885294,Zwolle,138.5,kg,186,Churned,2025-03-05,typeform
recOEFovlbWXn8r09,Emre Smits,emre.smits@gmail.com,10/01/1977,f,582968811,+31641015265,Eindhoven,99.2,kg,188,new,05/12/2023,referral
recYUMFGqJkTwG1yd,Roos Costa,roos.costa@outlook.com,1978-01-31,F,151339557,+31667865242,Dordrecht,151.4,kg,192,ACTIEF,11-02-2024,typeform
rec9jTTC9tW0NX0Jt,Mei Ivanov,mei.ivanov@icloud.com,29-09-2006,m,547021355,,Groningen,222.4,lbs,179,opgezegd,2023-04-20,typeform
recaJB7mL7RDFpNzZ,Deniz Costa,deniz.costa@live.nl,1984-06-26,m,,06-19900715,Breda,88.1,kg,176,Churned,2024-07-16,campaign_expat_2023
recQ0TCaYtkcvkfvf,Bram Sharma,bram.sharma@ziggo.nl,1994-10-02,M,,06-97204424,Dordrecht,90.7,kg,157,opgezegd,01/05/2023,import
reciUddUwOBzlkllC,Maud van den Berg,maud.vandenberg@protonmail.com,14-12-1983,male,,06-61597854,Dordrecht,105.8,kg,158,active ,2023-02-20,typeform
rec7JMbuv3fgRRlEz,Sophie Novak,sophie.novak@yahoo.com,1994-05-05,f,,06-69298639,Almere,,kg,167,cancelled,2025-09-23,referral
recGjFYWkd4JeqZvd,Priya Kaya,priya.kaya@live.nl,01-11-1994,male,,06-51222224,Nijmegen,106.8,kg,168,cancelled,2023-10-04,typeform
recWWCSWVetb88N1K,Fleur Petrov,fleur.petrov@hotmail.com,11/22/1986,man,,+31600451202,Den Haag,87.5,kg,173,ACTIEF,2024-03-28,typeform
reciTemJtVLLcXr5b,Fleur de Groot,fleur.degroot@gmail.com,12-06-1977,vrouw,792982940,06-04924359,Nijmegen,107.6,kg,198,active,2022-04-08,referral
rec7ia7TXqIjSqcVO,Noor Ivanov,noor.ivanov@protonmail.com,1975-11-14,male,817016831,0690343025,Maastricht,96.6,kg,175,opgezegd,2023-01-25,campaign_expat_2023
reciRKoCzMYaSnmvl,Oliver Brown,oliver.brown@kpnmail.nl,1985-03-27,Male,,+31625654978,Zwolle,81.5,kg,161,Active,2024-09-19,import
recTQwanBzRVz1E2P,Teun Andersen,teun.andersen@gmail.com,1963-05-25,Male,,06-23691202,Almere,131.3,kg,196,new,2024-11-24,typeform
recA7B9y8WDtxOzvB,Thijs van den Berg,thijs.vandenberg@outlook.com,30-07-2002,V,,0650134518,Utrecht,98.9,kg,178,opgezegd,2023-11-25,typeform
recKR3zFmiwFd2Rq6,Julia Brown,julia.brown@yahoo.com,1967-06-21,M,,06-03131552,Zaandam,107.5,kg,178,Active,29-11-2023,typeform
recPVQiWTy123BUz3,Annelies Meijer,annelies.meijer@outlook.com,06/17/2003,male,138324815,06-64090716,Arnhem,102.5,kg,196,ACTIEF,04/01/2022,website
recMSaC5yAZc4IjWH,Jan Novak,jan.novak@gmail.com,1973-08-09,m,562090265,06-93084714,Nijmegen,96.2,kg,153,Active,2024-03-12,typeform
recA6WNWdPlmjPwPT,Hendrik Nair,hendrik.nair@yahoo.com,1999-11-20,m,271358397,+31620004380,Den Haag,96.9,kg,45,active ,2025-07-23,referral
recSEVtDvy7PvdZRI,Roos Brown,roos.brown@icloud.com,1975-10-31,M,,06-98884265,Den Haag,98.3,kg,188,opgezegd,2026-03-17,import
rechZoaj5un7w4IQR,Daan Costa,daan.costa@yahoo.com,1974-12-06,V,899999566,0674477078,Rotterdam,82.6,kg,175,Active,2025-08-29,campaign_expat_2023
recamGGd23bup7cfs,Eva Vos,eva.vos@outlook.com,2003-04-02,man,519902270,06-16159432,Leiden,85.0,kg,162,churned,2026-01-08,typeform
recQU4iKMKTXJmdjm,Ahmed Benali,ahmed.benali@hotmail.com,1971-10-07,Female,,0636130338,Den Haag,87.1,kg,173,Churned,2024-03-03,typeform
recX5EZA9KJverebL,Bram El Amrani,bram.elamrani1@gmail.com,2006-09-06,vrouw,862551109,06-54961555,Almere,105.0,kg,172,ACTIEF,2025-05-09,referral
recKJRaa4I2VAmOzi,Fatima van Leeuwen,fatima.vanleeuwen@protonmail.com,2007-07-28,V,210156132,0691588613,Utrecht,107.2,kg,183,churned,28-02-2024,referral
rec7sZKrMyEJqk17g,Annelies El Amrani,annelies.elamrani@gmail.com,06-09-1989,m,944550770,06-15775043,Tilburg,132.0,kg,198,active ,07-05-2022,import
reccMAW2JvwKuIQX0,Marco Demir,marco.demir@live.nl,1986-02-20,male,,+31651659516,Arnhem,92.3,kg,153,churned,2025-07-16,campaign_expat_2023
recrMVZHcASj3bEen,Elena El Amrani,elena.elamrani@kpnmail.nl,1981-07-17,male,,+31653296438,Groningen,320.1,,186,paused,2024-12-18,campaign_expat_2023
rec7LhKRtODkq2XOh,Sem Peters,sem.peters@outlook.com,1980-10-06,Female,,06-46826488,Zaandam,124.3,kg,183,Active,2025-10-15,typeform
recdSFjNdhERRedLm,Priya Wang,priya.wang@ziggo.nl,2006-03-07,V,,0699682364,Amersfoort,120.1,kg,179,Paused,2025-05-06,campaign_expat_2023
recUZPxD4HtWFyGxl,Roos Vos,roos.vos@icloud.com,1995-02-07,V,,+31664650684,Apeldoorn,95.4,kg,157,Paused,26-10-2022,typeform
rec0kHY7FC0baKVN2,Lotte Benali,lotte.benali@yahoo.com,1973-02-10,M,,,Zwolle,116.5,kg,198,Churned,2025-04-06,typeform
recrHDq8VXZZardPk,Annelies Kowalski,annelies.kowalski@gmail.com,1966-09-21,m,495811889,0642817017,Zwolle,94.1,kg,157,active,2026-01-19,campaign_expat_2023
recCcSkG006g2p9Gm,Eva van Dijk,eva.vandijk@kpnmail.nl,01/04/1988,M,,+31666217066,Haarlem,67.5,kg,154,gepauzeerd,2022-07-07,typeform
recS9uxC0GutwktDs,Eva de Vries,eva.devries@hotmail.com,1983-04-25,female,788928624,+31630213669,Zaandam,91.8,kg,174,lead,2022-05-29,import
recVZ9Xmo5ptj3nYD,Grace Wang,grace.wang@hotmail.com,1991-10-02,female,574616032,+31688388460,Zaandam,89.0,kg,153,lead,2024-10-05,typeform
rec19RAyCE4X12QPK,Thijs Sharma,thijs.sharma@icloud.com,1989-10-27,vrouw,,06-87250876,Zwolle,107.1,kg,162,cancelled,2024-07-16,typeform
recJ2kAlUPJa88M4r,Fleur de Graaf,fleur.degraaf@yahoo.com,1958-02-25,female,,06-59032549,Tilburg,139.5,kg,189,cancelled,07/04/2023,typeform
recYLC5IXO5L8rhI5,Wei Smit ,wei.smit@icloud.com,1963-11-04,M,127207636,06-34087070,Eindhoven,78.3,kg,160,actief,2024-12-25,campaign_expat_2023
recCCGZzfXwLxyxS5,Thijs Nair,thijs.nair@kpnmail.nl,1985-04-26,F,,+31625935575,Nijmegen,,kg,164,Churned,2022-08-28,import
recPCIiygzUvqlnZy,Sofia Horvat,sofia.horvat@yahoo.com,1970-12-13,male,,+31621231322,Dordrecht,84.4,kg,177,active ,2025-11-25,website
rec0ymzu2HCwCNPAJ,Thijs de Vries,thijs.devries@icloud.com,1974-10-04,Female,869369477,06-70404654,Tilburg,99.2,kg,180,actief,2025-06-09,typeform
rec2zwXb0DidNzJgq,Jan de Vries,jan.devries@live.nl,1984-08-17,m,,0666393468,Amsterdam,163.8,kg,198,cancelled,2024-07-04,campaign_expat_2023
recgewSmlOHzqhbzL,Sofia Nowak,sofia.nowak@gmail.com,1982-10-07,Male,,06-96379802,Eindhoven,110.5,kg,166,ACTIEF,2024-01-12,typeform
recXfsiH2QPq4Rnf3,Giulia Smits,giulia.smits@kpnmail.nl,2004-09-18,man,,+31638210331,Breda,100.5,kg,156,Active,2024-09-07,import
recz7zE31BEB5C4ai,Kees de Graaf,kees.degraaf@hotmail.com,18-12-1969,female,264376857,+31649346870,Haarlem,103.9,kg,188,active ,04-02-2023,campaign_expat_2023
recBaBPnEB3292bkj,Thijs Yilmaz,thijs.yilmaz@yahoo.com,1993-02-20,m,,06-08518042,Arnhem,80.2,kg,169,ACTIEF,03-09-2022,typeform
rec6eVwe1sPlaD8oY,Marieke Bakker,marieke.bakker@gmail.com,09/08/1971,V,,+31608719121,Almere,121.2,kg,180,Active,2022-06-19,typeform
rectRYiYDkoLfMwjV,Arjun Petrov,arjun.petrov@yahoo.com,1977-09-03,V,994865569,0624882472,Haarlem,211.2,,173,ACTIEF,2026-01-29,referral
rectiNx87ucwjdlDM,Daan Nowak,daan.nowak@live.nl,2001-01-13,vrouw,,06-28646341,Haarlem,159.7,kg,194,Active,2025-07-28,campaign_expat_2023
recRySQWcd4Lt5CEU,Femke Peters,femke.peters@hotmail.com,1997-05-18,M,362735918,0601490199,Rotterdam,94.5,kg,159,cancelled,12/27/2023,typeform
recwPWAT57LaoJVx3,Sanne de Jong,sanne.dejong@hotmail.com,2000-04-28,man,,+31677209608,Utrecht,111.8,kg,193,active,16-12-2022,campaign_expat_2023
recIPRI8JdvMG7LW4,Kees Jansen,kees.jansen@yahoo.com,1963-11-19,female,,+31658739869,Apeldoorn,,kg,182,opgezegd,2026-04-24,referral
recCmoIz68I53pWta,Giulia Taylor,giulia.taylor@kpnmail.nl,1978-09-01,f,361461641,,Den Haag,,kg,196,Active,17-08-2022,typeform
recXVg8hsSELfnHeE,Julia Petrov,julia.petrov@outlook.com,1976-09-14,V,804939949,0648529283,Utrecht,132.7,kg,179,actief,2022-03-13,typeform
recPIw54C4ohjGaEt,Piotr Sharma,piotr.sharma@ziggo.nl,1999-01-24,f,,+31632966868,Zwolle,83.4,kg,171,prospect,2025-11-18,typeform
recVZfjbmFAXPe2Fy,Teun Kowalski,teun.kowalski@ziggo.nl,1963-02-15,f,,06-19349150,Dordrecht,145.1,kg,190,cancelled,2025-10-08,campaign_expat_2023
recqmo5hJxYTuvUsN,Mohammed Rossi,mohammed.rossi@gmail.com,1974-03-08,V,,06-41429046,Utrecht,108.4,kg,169,actief,2024-07-04,referral
recn9dokIP8merfBS,Mohammed de Jong,mohammed.dejong@kpnmail.nl,1994-06-11,female,311577404,06-80305068,Amersfoort,119.3,kg,197,active,2022-03-04,website
recMb3cENXA4xLkT5,Noor Andersen,noor.andersen@outlook.com,10-09-1968,man,,06-47351926,Apeldoorn,109.0,kg,197,Active,2022-11-02,typeform
recjOkMkEdtDvPgQq,Wei Vos,wei.vos1@ziggo.nl,1976-01-08,male,,0661217088,Zaandam,142.3,kg,189,Active,2026-05-22,import
rec2e4nQSqYzky0Mo,Emma Mulder,emma.mulder@live.nl,12/05/1986,F,448519161,+31642235547,Tilburg,105.6,kg,178,Churned,2025-01-24,website
recc7dEu8o3H3SR7L,Teun Smith,teun.smith@yahoo.com,1971-06-07,female,,+31633542362,Groningen,89.9,kg,183,opgezegd,20-02-2023,referral
recHhgzEpZw0KjmJz,Youssef van den Berg,youssef.vandenberg@protonmail.com,1988-04-26,Female,387091439,+31668395935,Rotterdam,117.5,kg,172,opgezegd,2024-07-18,typeform
recgympCXowrrGOm4,Grace Meijer,grace.meijer@ziggo.nl,1968-07-23,Female,262343587,0635599302,Rotterdam,97.0,kg,165,paused,2024-10-26,referral
recp6FNEYMfkNd82J,Priya El Amrani ,priya.elamrani@gmail.com,2000-04-10,V,649890425,0677681096,Haarlem,111.7,kg,179,new,2022-12-29,typeform
recVGqDdUBRkw9Ce9,Gijs Benali,gijs.benali@yahoo.com,1981-05-29,Male,685065169,+31685044791,Delft,109.4,kg,191,Active,2025-10-29,typeform
receQ2dlVFqM7SEbQ,Maud El Amrani,maud.elamrani@ziggo.nl,1963-02-24,F,606017616,06-35310583,Den Haag,101.9,kg,163,Churned,2025-03-21,typeform
recAnMJVCpfR89tyi,Arjun El Amrani,arjun.elamrani@outlook.com,20-10-1984,M,,+31662147942,Eindhoven,134.4,kg,184,gepauzeerd,2022-07-10,typeform
rec1DSCtLi6zFjj01,James van der Meer,james.vandermeer@icloud.com,1992-03-27,m,,,Almere,136.2,kg,189,active ,2025-08-09,typeform
recnEuWFf8LvnyZ5w,James van der Meer,james.vandermeer@outlook.com,1963-12-19,M,,+31629500755,Breda,146.2,lbs,154,active,2025-02-08,campaign_expat_2023
recSZ0iXEva15I79t,Eva Dekker,eva.dekker@yahoo.com,1989-11-28,Female,,06-28138162,Zaandam,7.7,kg,189,active,2026-01-27,import
recsWL0EncareGzbZ,Noor Benali,noor.benali@protonmail.com,1973-09-17,F,,+31679994563,Zaandam,134.3,kg,187,active,2025-07-22,campaign_expat_2023
recetn1D0npqG2XdF,Finn Bos,finn.bos@gmail.com,1975-08-25,F,,,Groningen,117.8,kg,171,active,2024-08-07,import
recOZpHntY53CMhM1,Fleur de Groot,fleur.degroot@hotmail.com,1965-10-21,m,,0640149131,Amersfoort,115.0,kg,171,actief,03-01-2023,website
recCiIahDiZugJ8Yd,Marco Smith,marco.smith@icloud.com,04/06/1985,Male,,0668136241,Haarlem,108.5,kg,184,Active,27-10-2023,typeform
recJTtEkHU1fNgrMX,Milan Brown,milan.brown@gmail.com,1983-11-09,f,,06-86446360,Zwolle,92.7,kg,158,ACTIEF,2026-05-21,typeform
recdAkLT3yRPPKbc4,Emma Kaya,emma.kaya@protonmail.com,1981-05-23,m,749575384,+31605956968,Den Haag,98.3,kg,184,paused,24-08-2022,typeform
recj73n1rRNTk4ai8,Noor Vos,noor.vos@hotmail.com,1981-03-05,vrouw,321111989,0634944980,Arnhem,101.9,kg,192,active,2023-01-12,typeform
recCkOpW08ImM9lYb,Daan Dijkstra,daan.dijkstra@live.nl,07/19/1970,f,,06-94817380,Nijmegen,109.1,kg,163,actief,2022-04-26,referral
receXNAuATpOUCjSW,Daan de Vries,daan.devries@ziggo.nl,1992-11-09,male,,+31680053156,Utrecht,132.4,kg,194,gepauzeerd,03/16/2022,import
rec4mge4ybRjx5PHt,Elena Visser,elena.visser@hotmail.com,11/05/1966,V,714115629,+31662987173,Eindhoven,115.2,kg,169,Active,09/05/2023,typeform
recgGEPIwLIdXAaPK,Youssef Andersen,youssef.andersen@gmail.com,1993-09-04,f,937502650,0662897724,Rotterdam,77.3,kg,166,ACTIEF,2024-10-15,typeform
recJXDrGKnE8tcYE7,Mei Yilmaz,mei.yilmaz@live.nl,1993-12-16,Male,545188520,+31655243364,Amersfoort,100.5,kg,157,gepauzeerd,2024-11-10,import
rec0hsVqHVrS1wBJ1,Sanne Costa,sanne.costa@icloud.com,03/27/1982,man,,06-13743803,Zaandam,85.4,kg,179,new,29-03-2024,referral
rec9pkLeGWu30CD0Q,Fatima Dijkstra,fatima.dijkstra@protonmail.com,2003-08-25,M,,0649217265,Almere,89.0,kg,159,Churned,2024-01-30,typeform
recZVQEtGN59odgd6,Levi Ivanov,levi.ivanov@protonmail.com,1958-07-19,female,169002408,+31607226458,Haarlem,101.4,kg,188,Churned,12/14/2022,typeform
recXbeIHjD4iSttlk,Sophie Bos,sophie.bos@ziggo.nl,1996-04-28,female,903831764,+31611096502,Den Haag,104.5,kg,161,paused,2025-10-04,campaign_expat_2023
recH83vIKES20haR5,Deniz Kaya,deniz.kaya@ziggo.nl,05-07-1996,Female,585365465,06-42836665,Almere,74.8,kg,153,cancelled,03-05-2022,campaign_expat_2023
recr7EciaawfE2ENO,Wei Horvat,wei.horvat@ziggo.nl,1974-02-20,Female,,+31605625015,Leiden,109.8,kg,164,Churned,2025-04-01,website
recDgxoLcBqinwINW,Jan Nowak,jan.nowak@icloud.com,1988-05-29,V,822325974,0631917917,Zaandam,109.6,kg,174,on hold,2024-09-05,campaign_expat_2023
recpnLPWFfdzLNlOa,Youssef Peters,youssef.peters1@yahoo.com,1964-07-11,female,,06-24038384,Almere,156.4,kg,196,actief,2025-04-24,website
recttltzEJbizXDXq,Piotr de Groot,piotr.degroot@kpnmail.nl,2004-12-03,F,,+31613953415,Tilburg,120.4,kg,173,ACTIEF,06-12-2023,website
recSDOSvpfjvsyhyN,Ivan de Graaf,ivan.degraaf@ziggo.nl,06/29/1979,man,643516335,+31660571097,Maastricht,100.5,kg,166,Active,10/12/2023,typeform
recMKrmGLVf6Xjr7C,Marieke Hendriks,marieke.hendriks@icloud.com,1998-11-03,male,,+31681131164,Den Haag,,kg,153,churned,2025-08-06,typeform
recAZLwVwfI6bHe7c,Arjun Smith,arjun.smith@hotmail.com,1982-06-08,man,,06-19527851,Zwolle,,kg,162,active ,2025-03-30,website
recGoUHrMUEwLPPrT,Amira Wilson,amira.wilson@ziggo.nl,19-12-1969,female,,06-35554825,Leiden,87.2,kg,157,Paused,2024-05-12,import
reczw4aJtiSnoXazU,Kasia Jones,kasia.jones@protonmail.com,1971-09-06,Female,,0657441824,Nijmegen,106.9,kg,162,churned,14-06-2023,referral
recZKXp8IZ9ERcJpH,Annelies Costa,annelies.costa@icloud.com,1986-07-03,Female,670492024,06-49249725,Zwolle,103.3,kg,167,actief,14-04-2023,typeform
recc8jsGvB90gUZCX,Noor Demir,noor.demir@yahoo.com,1960-08-15,V,,+31633146648,Delft,88.3,kg,181,Churned,2023-11-07,import
recVsnhJNIBmBGUTx,Lucas de Graaf,lucas.degraaf@ziggo.nl,1985-05-12,vrouw,972498126,+31698056123,Dordrecht,133.3,kg,183,opgezegd,2025-06-16,campaign_expat_2023
recTyTjONluEq4agi,Ruben Wilson,ruben.wilson@live.nl,1967-12-09,male,,06-65481465,Apeldoorn,146.7,kg,191,Active,2026-06-04,referral
recbTFcjV2JTvVQyB,Julia Jansen,julia.jansen@protonmail.com,1977-11-07,vrouw,,0684535597,Eindhoven,166.3,kg,198,Churned,2026-04-17,import
recH3pM4E88PuT7FM,Maud Vos ,maud.vos@icloud.com,1959-01-28,V,700917986,0684932520,Zwolle,103.2,kg,192,Active,04-05-2024,website
recMZrSky1776O6MY,Kees Jansen,kees.jansen@hotmail.com,1966-09-06,M,,+31616233873,Maastricht,81.0,kg,155,Active,30-04-2023,typeform
rec1TRkz3B8bceFvM,Emma Brown,emma.brown@icloud.com,11-08-1990,V,530786539,+31649961305,Groningen,,kg,180,active,2023-08-03,import
recjKaEIBMlwqJnuO,Femke Vos,femke.vos@yahoo.com,1974-11-20,female,337283278,0641120972,Zwolle,79.2,kg,166,actief,2024-09-24,typeform
recFmkI9BWjq5N2MQ,Priya de Wit,priya.dewit@protonmail.com,1969-10-06,male,,0607208725,Eindhoven,98.0,kg,163,actief,2022-03-16,typeform
recHRzb15GsFl0vmw,Teun Bos,teun.bos@live.nl,2006-06-27,F,,0685938870,Eindhoven,92.9,kg,163,on hold,2026-06-04,referral
recev5rHSCWZ5NnNi,Sophie Andersen,sophie.andersen@live.nl,01/08/1978,vrouw,,+31616888075,Almere,208.1,,166,active ,2023-07-21,import
recN3lQzDEKgLaoPK,Levi Yilmaz,levi.yilmaz@ziggo.nl,1965-12-24,f,,+31626116551,Amsterdam,98.4,kg,156,cancelled,2025-08-26,website
recFy7LWcABSj9Ino,Anna Jansen,Anna.Jansen@Gmail.Com,1961-04-17,F,956532937,+31649391912,Breda,127.6,kg,184,Churned,2023-11-14,typeform
rec5xRjDMuCa5295v,Zeynep Andersen,zeynep.andersen@gmail.com,1962-12-31,male,,+31659370320,Den Haag,101.0,kg,157,active,2024-10-18,referral
recgTI28753uz652f,Jan Smit,jan.smit@live.nl,01-10-1998,vrouw,,+31643695819,Delft,95.6,kg,186,cancelled,2022-12-01,referral
recgafUZlTLZH5lPZ,Youssef Ricci,youssef.ricci@outlook.com,1968-07-14,man,,+31625921462,Den Haag,130.9,kg,194,Active,2024-09-20,referral
recGznE8vvvgDf8z4,Hendrik Sharma,hendrik.sharma@ziggo.nl,1978-09-07,Male,190138038,0650795063,Leiden,68.6,kg,152,ACTIEF,2023-10-29,typeform
rechNvHzokyf6cHvJ,Marieke Yilmaz,marieke.yilmaz@kpnmail.nl,1961-01-09,M,,0651416258,Utrecht,98.9,kg,180,Churned,2025-09-09,campaign_expat_2023
recYMZWjm92mZEu25,Maud Nowak,maud.nowak@ziggo.nl,1963-07-12,Female,614649596,+31658607491,Haarlem,82.2,kg,171,active,2025-03-15,import
reccES7Ix7HThpdow,Luuk Yilmaz,luuk.yilmaz@kpnmail.nl,1967-07-02,man,244472415,+31616953002,Dordrecht,118.9,kg,176,on hold,06/16/2022,campaign_expat_2023
rec4qtQtUDnco2IaB,Lisa Benali,lisa.benali@protonmail.com,1983-01-04,F,,0689294377,Amersfoort,157.5,kg,198,actief,2024-12-05,campaign_expat_2023
recuOIs0RkVp0QgRu,Youssef Wilson,youssef.wilson@ziggo.nl,1965-03-07,V,,06-29806546,Rotterdam,82.1,kg,166,ACTIEF,2023-03-26,website
recdVyW4HwoYcCVm0,Kasia Brown,kasia.brown@gmail.com,31-12-1968,man,,,Arnhem,84.3,kg,172,active,2023-08-20,referral
recfsm1oKGh9UlUsG,Elena Horvat,elena.horvat@gmail.com,13-10-1967,F,,06-32100615,Apeldoorn,101.0,kg,157,cancelled,30-04-2022,typeform
rec2cZ3R2xlWsK9OH,Emre Taylor,emre.taylor@ziggo.nl,12/26/1975,m,,+31614336037,Apeldoorn,89.3,kg,179,Churned,01/03/2024,referral
recDGRbw9UfKrHcyM,Grace Bakker ,grace.bakker@icloud.com,1962-06-14,m,,06-99135444,Rotterdam,109.7,kg,178,active,05-06-2022,typeform
recna6PsBaWsvDgpd,Thijs El Amrani,thijs.elamrani@yahoo.com,06/28/1962,m,481417345,+31621257033,Maastricht,129.2,kg,189,actief,2023-05-11,campaign_expat_2023
recjoRgdOzTGcw5dv,Noor Taylor,noor.taylor@gmail.com,06-04-2000,m,,+31674688002,Tilburg,92.4,kg,157,lead,2022-12-21,import
rec7XXEHnKpSqjdlU,Sanne Mulder,sanne.mulder@protonmail.com,1969-09-16,f,,06-98175621,Eindhoven,103.6,kg,189,opgezegd,2025-08-04,campaign_expat_2023
recCvJGqkrDxUZguK,Thijs de Graaf,thijs.degraaf@hotmail.com,2002-03-12,female,740610156,+31622521643,Amersfoort,90.6,kg,153,Active,2024-09-24,import
recFzM0hMij94VLi6,Lotte Taylor,lotte.taylor@outlook.com,1965-03-31,F,686342197,+31662404681,Nijmegen,99.2,kg,179,cancelled,2025-07-14,campaign_expat_2023
recjMFLqJwceDbh8t,Lotte Bakker,lotte.bakker@hotmail.com,25-12-1967,M,752158168,0639968267,Dordrecht,99.7,kg,161,actief,21-06-2023,import
recgmHpWbENQcUYif,James Hendriks,james.hendriks@kpnmail.nl,05-01-2004,V,,+31624198331,Amersfoort,187.4,lbs,170,gepauzeerd,19-09-2023,typeform
recNmlJ0McZrrN8KI,Marco Jansen,marco.jansen@kpnmail.nl,05/05/2004,Female,323358263,06-76039396,Breda,91.4,kg,155,actief,2024-01-17,import
recKn1nUEvJhvz75A,Mohammed Benali,mohammed.benali@yahoo.com,1977-07-14,f,,+31664145121,Nijmegen,89.1,kg,160,Churned,2025-01-06,website
recFk4oFfOWYunCgf,Mohammed Brouwer,mohammed.brouwer@live.nl,1965-12-01,male,122711142,+31663136862,Almere,69.0,kg,158,actief,2024-08-04,typeform
recTHAaVCCknezKjX,Gijs Hendriks,gijs.hendriks@hotmail.com,2002-03-22,M,,+31666008650,Nijmegen,64.7,kg,156,new,2024-05-18,typeform
reci5ccpic7c7yGQV,James Nowak,james.nowak@hotmail.com,1995-10-05,male,,+31649148524,Haarlem,113.9,kg,177,active,2024-04-17,campaign_expat_2023
recrTEgP87Vq1fz5J,Anna Jansen,anna.jansen1@yahoo.com,2003-10-24,F,,+31682547480,Amersfoort,110.2,kg,191,Churned,2024-03-03,referral
recksWtOafRdVlwoa,James Brouwer,james.brouwer@kpnmail.nl,1982-08-03,m,,+31645276930,Amersfoort,142.2,kg,187,active,2022-06-22,website
recyl0o64FWfjz7wk,Gijs Hendriks,gijs.hendriks@live.nl,1988-06-08,Male,,06-91200967,Apeldoorn,93.4,kg,174,ACTIEF,2026-04-14,website
rec86zuYIqbK6m56n,Sanne Petrov,sanne.petrov@protonmail.com,01-11-1962,M,443352537,+31640480932,Haarlem,120.1,kg,174,Active,10/28/2022,import
recAOcT0q0f2K6a6M,Lotte Jones,lotte.jones@live.nl,16-03-1981,F,984770562,06-17551333,Rotterdam,120.0,kg,197,ACTIEF,2023-09-28,import
rec9iV7DI9VutIC5u,Lucas Mulder,lucas.mulder@ziggo.nl,03/04/1997,M,,06-49515001,Leiden,118.3,kg,175,on hold,2025-05-08,website
recDizm9UK5BdIt6W,Grace Smit,grace.smit@gmail.com,1974-04-06,female,638153281,+31690191122,Eindhoven,84.7,kg,164,Active,2025-11-12,website
rec8z5ggXtBee2zMM,Fleur de Vries,fleur.devries@icloud.com,1984-10-15,M,140566478,0675249769,Amsterdam,119.9,kg,178,Active,2024-11-28,typeform
recO9afvOG3J5D6G0,Grace Kowalski,grace.kowalski@protonmail.com,1977-01-05,f,512907961,06-74244764,Eindhoven,107.4,kg,172,active ,2025-08-20,typeform
recFBnjtwNcGlup3d,Hendrik Ricci,hendrik.ricci@hotmail.com,1989-07-02,M,,06-50294538,Amsterdam,128.3,kg,192,ACTIEF,2025-06-28,import
recqiPhcTxvvOmSQ1,Mohammed Wang,mohammed.wang@protonmail.com,1983-07-19,man,489617359,0643328568,Nijmegen,93.6,kg,169,opgezegd,2026-02-14,typeform
recOpNTgGPwLJaBbT,Zeynep Hendriks,zeynep.hendriks@live.nl,1963-11-28,male,,06-54175272,Zwolle,109.9,kg,163,ACTIEF,2022-08-13,import
rectTMR48QTn2M64f,Giulia Dijkstra,giulia.dijkstra@live.nl,1979-04-16,male,,0624478618,Leiden,147.1,kg,191,actief,2024-12-04,referral
rec2HkXOBKYYINLBk,Olga Benali,olga.benali@outlook.com,1970-05-19,Male,345885016,06-51000620,Groningen,131.9,kg,190,gepauzeerd,08/16/2023,website
recQtTlKpgo2LHZsY,Sem Kaya,sem.kaya@protonmail.com,1982-09-17,vrouw,,+31699512692,Rotterdam,103.0,kg,180,active,2025-09-29,campaign_expat_2023
recKkQsYSWMQOLJhA,Ruben Vos,ruben.vos@kpnmail.nl,12/28/2007,f,,06-93981338,Den Haag,88.6,kg,155,on hold,06/09/2022,import
recoKRE4TjxeF3W6y,Noor Jansen,noor.jansen@live.nl,2003-01-22,M,,0674154281,Almere,127.1,kg,186,on hold,2023-04-26,campaign_expat_2023
reci6EJlv3i09gT42,Ruben de Vries,ruben.devries@yahoo.com,1974-11-15,man,,,Leiden,119.2,kg,194,ACTIEF,2023-10-18,referral
recOGaIMnWqKuyyfZ,Luuk Vos,luuk.vos@yahoo.com,12-04-1969,f,,06-85195102,Rotterdam,78.3,kg,169,Active,22-07-2022,referral
rec3gzZiPA3SPVaet,Marieke Wilson,marieke.wilson@icloud.com,04/05/1986,female,163120134,06-47289564,Maastricht,106.2,kg,177,churned,2025-07-29,referral
recqZk2aAcsmNGpmE,Julia Novak,julia.novak@ziggo.nl,1991-01-14,Male,,06-13156696,Amersfoort,63.2,kg,153,ACTIEF,2024-01-12,typeform
recccGpY9bCu1Fzcd,Arjun Peters,arjun.peters@kpnmail.nl,1990-08-06,m,,06-17767472,Tilburg,94.7,kg,189,actief,2026-01-18,typeform
rec8zDs2lVlprINzy,Fatima Brown,fatima.brown@hotmail.com,08/09/1965,Female,,06-08493609,Haarlem,105.4,kg,195,active ,2023-08-06,website
recAJJMK42Cb43fGY,Anna de Boer,anna.deboer@gmail.com,03/04/1978,Male,,0649290216,Groningen,73.1,kg,155,Active,2022-10-16,campaign_expat_2023
rectJ6QCTf0ee2RFG,Luuk Petrov,luuk.petrov@outlook.com,1959-01-07,M,,,Rotterdam,99.2,kg,166,gepauzeerd,04-04-2024,referral
recSFIQKZ8TWVcKVm,Lotte Nair,lotte.nair@kpnmail.nl,1975-11-07,F,,0646938491,Utrecht,108.4,kg,164,actief,2024-10-15,typeform
rec9flf8ZLspYbKzT,Luuk Dijkstra,luuk.dijkstra@kpnmail.nl,1984-07-13,man,621441594,+31662679533,Eindhoven,91.4,kg,167,cancelled,2026-06-06,typeform
receUgnkK5zsbEC45,Sofia van Leeuwen,sofia.vanleeuwen@live.nl,04-12-1994,M,,06-87685876,Delft,150.8,kg,194,Active,2024-04-06,typeform
rec8aEgvF0Pisir1Q,Lotte Nair,lotte.nair@gmail.com,1993-07-16,V,,+31686460429,Tilburg,94.5,kg,189,lead,02/20/2023,referral
recLdKNdRyxOIgzjR,Maud de Boer,maud.deboer@ziggo.nl,1982-08-19,f,,0697656228,Arnhem,136.1,kg,191,new,2023-08-16,import
recxZjTXb9NvZksMD,Finn Kowalski,finn.kowalski@live.nl,1985-06-28,female,,06-19247805,Tilburg,83.4,kg,153,new,2023-09-08,typeform
recFoOhEMKnGmoS4Q,Lucas Smith ,lucas.smith@icloud.com,1962-03-27,Female,,06-01532021,Nijmegen,97.0,kg,169,active,10/16/2023,typeform
recz7HvzR4cJg4iVg,Willem van den Berg,willem.vandenberg@outlook.com,2002-05-06,vrouw,,06-54469768,Breda,124.0,kg,188,opgezegd,2024-11-24,website
recfsPzs1R8Engy9r,Mohammed Nair,mohammed.nair@kpnmail.nl,10/09/2001,female,,+31697104718,Rotterdam,101.9,kg,159,Active,03/21/2024,referral
recZ80URcklDKIPEr,Mohammed de Wit,mohammed.dewit@live.nl,08-10-2001,F,,06-95950801,Leiden,111.4,kg,168,opgezegd,2022-07-08,campaign_expat_2023
recToZaf5ROKME0c0,Kees Dijkstra,kees.dijkstra@live.nl,1988-06-16,M,,,Almere,156.2,kg,195,ACTIEF,2023-05-06,campaign_expat_2023
rec8g2QUvhgbGvmlU,Sanne Jansen,sanne.jansen@hotmail.com,1993-05-21,vrouw,185505545,0661357702,Amsterdam,117.0,kg,195,actief,2023-08-29,referral
rechuWLeMjCEUCDkt,Amira Wilson,amira.wilson@outlook.com,15-03-2004,f,,+31698068790,Zwolle,,kg,152,active ,2022-04-06,campaign_expat_2023
reck46R7bQYJDuwgO,Femke Benali,femke.benali@gmail.com,1981-03-07,M,,0644700303,Dordrecht,70.5,kg,163,active,2025-11-20,typeform
rectd1CqjwzUw4xw6,Annelies El Amrani,annelies.elamrani@ziggo.nl,1997-09-09,m,722334229,+31666124830,Rotterdam,105.3,kg,189,ACTIEF,2026-02-02,referral
receNsoUXVmX0SLmR,Jan Wilson,jan.wilson@hotmail.com,1965-04-22,M,694293246,+31699855546,Arnhem,137.1,kg,180,opgezegd,2025-12-17,import
recgRr5VNUDiNw6yI,Sofia de Boer,n.v.t.,1971-10-29,male,,+31691483205,Apeldoorn,62.2,kg,152,new,2022-07-24,typeform
reciFeOWJBhFwMKvG,Milan Jansen,milan.jansen@live.nl,1992-01-25,man,,+31665231174,Arnhem,88.0,kg,154,Prospect,2026-05-29,typeform
recziDUKgWW8wfsrD,Kasia de Jong,kasia.dejong@live.nl,1967-03-14,male,,06-07864678,Delft,118.8,kg,195,ACTIEF,2026-02-25,campaign_expat_2023
rec7wh8pJEeTgeDhD,Roos Brouwer,roos.brouwer@outlook.com,07/21/1999,man,,06-13574382,Apeldoorn,96.4,kg,184,new,2022-06-27,campaign_expat_2023
recpJ1cBhqxYYbtxy,Femke Andersen,femke.andersen@protonmail.com,1985-05-22,Female,275308297,06-06393521,Amersfoort,97.0,kg,153,lead,2026-06-08,referral
recze5Dv7EVquxy32,Fatima Chen,fatima.chen@kpnmail.nl,1982-09-27,M,230804135,0626359420,Zaandam,86.0,kg,162,Churned,02-05-2023,typeform
recyGePvFsU2M5Xsy,Marco Horvat,marco.horvat@kpnmail.nl,1970-06-02,M,412475042,+31651106509,Rotterdam,124.3,kg,187,new,2026-01-26,website
rec89MrODHxguquiX,Deniz Jones,deniz.jones@kpnmail.nl,1986-08-12,Female,,06-63006155,Haarlem,101.9,kg,187,actief,2026-06-20,import
recCNhXKTgzGgkh1l,Sanne Smit,sanne.smit@protonmail.com,05/15/1978,f,495624627,+31650371795,Nijmegen,95.8,kg,153,ACTIEF,13-06-2022,typeform
rec8Z8hSbVyDwxxaP,Daan van Dijk,daan.vandijk@gmail.com,1991-10-08,Female,515280938,+31618247668,Zwolle,133.3,kg,187,Paused,15-05-2022,typeform
rec4gCPn10MxX87Vd,Annelies Costa,annelies.costa@ziggo.nl,1987-03-31,F,815906420,+31635158600,Tilburg,108.1,kg,160,new,06-08-2022,import
recP2wMcMtoGkVv7F,Grace de Vries,grace.devries@hotmail.com,02/16/1986,Male,,0672829905,Utrecht,89.4,kg,182,ACTIEF,19-09-2022,campaign_expat_2023
recaPlfZdAh5lDrtL,Mohammed Petrov,mohammed.petrov@hotmail.com,2004-11-11,Male,,0610852956,Zaandam,91.6,kg,171,active,2023-04-28,typeform
recenANRwekdIbTiB,Luuk Ivanov,luuk.ivanov@kpnmail.nl,1975-06-10,man,359468093,06-28469843,Den Haag,127.3,kg,178,active ,2026-02-08,campaign_expat_2023
recS3SBbwuyWxt9f3,Gijs Smith,gijs.smith@ziggo.nl,12/25/1992,Female,455944350,+31641305916,Delft,73.0,kg,163,cancelled,02/22/2023,campaign_expat_2023
recHyySZz4IAUqYua,Willem Sharma,willem.sharma@protonmail.com,1993-10-29,m,905521559,06-27474809,Den Haag,154.3,kg,194,opgezegd,2024-08-27,typeform
reccEcEBsOo41yxAG,Deniz Dijkstra,deniz.dijkstra@protonmail.com,1978-09-29,m,,0633818813,Leiden,86.3,kg,166,Active,01/10/2023,website
rec6Pyc5UVWkJjboC,Hendrik Meijer,hendrik.meijer@yahoo.com,2002-12-30,V,,+31608402275,Rotterdam,108.4,kg,169,paused,2024-06-15,campaign_expat_2023
recLUsWtfrSetlBvt,Milan Jansen ,milan.jansen@hotmail.com,1960-10-06,M,655073553,+31672537717,Den Haag,66.4,kg,154,ACTIEF,04/28/2024,referral
reczmhNtjixNiSfMh,Sanne Yilmaz,sanne.yilmaz@kpnmail.nl,1966-07-08,Male,526006936,+31645700290,Rotterdam,110.3,kg,175,actief,2025-07-25,campaign_expat_2023
recbVOqS1V3vFFWFh,Finn Ivanov,finn.ivanov@yahoo.com,1969-12-28,female,,+31689729296,Dordrecht,107.3,kg,173,Prospect,2025-09-20,typeform
recpLNV7cXcnAXKnI,Wei Demir,wei.demir@live.nl,28-12-1987,male,722612394,06-17936415,Delft,135.5,kg,189,active,03/28/2022,referral
rec0uBHVk5sQph8Jd,Roos Costa,roos.costa@outlook.com,1978-03-02,vrouw,151339557,+31667865242,Dordrecht,151.4,kg,192,active,11-02-2024,website
recktiSBlwIMeDgA4,Arjun de Jong,arjun.dejong@protonmail.com,1971-08-02,f,430352608,06-66818488,Dordrecht,147.2,kg,193,ACTIEF,11/26/2022,website
recPVXcUW8dwihTIh,Julia Horvat,julia.horvat@kpnmail.nl,06/04/1981,man,,+31602177679,Zaandam,78.0,kg,155,opgezegd,2023-09-25,typeform
recSDQcdw2nfMvRul,Milan van den Berg,milan.vandenberg@gmail.com,22-03-1981,f,596787637,+31625919117,Haarlem,130.8,kg,182,on hold,2023-04-21,import
recq0w5xo6efTLxzm,Anna de Wit,anna.dewit@hotmail.com,17-03-1960,Female,,06-15039063,Zwolle,180.1,,174,Churned,2022-05-18,import
recQ6a0RowAF5xHj8,Zeynep van Dijk,zeynep.vandijk@kpnmail.nl,2004-10-11,vrouw,,06-01117454,Apeldoorn,106.0,kg,174,actief,2023-12-30,typeform
recNfZ7JmryhnkGhI,Lotte Andersen,lotte.andersen@ziggo.nl,1996-03-30,V,359043951,06-45232815,Breda,98.4,kg,164,active,02-01-2023,referral
recbwybLt9f6rNPx9,Anna Bakker,anna.bakker@hotmail.com,1989-07-19,f,926238401,+31645516424,Amersfoort,113.6,kg,192,active ,03/17/2024,import
recERpeWSsQ8AjGmL,Sofia Chen,sofia.chen@protonmail.com,21-08-2003,M,891418659,+31663698141,Delft,87.5,kg,171,cancelled,09-01-2024,import
recIoj56P5inxTWyo,Annelies Kowalski,annelies.kowalski@hotmail.com,1961-09-15,Female,151670857,0691197718,Breda,85.0,kg,160,on hold,2026-01-18,import
rec3soUTFpGEHfU8j,Zeynep Horvat ,zeynep.horvat@live.nl,1999-01-16,f,,+31666382077,Delft,101.0,kg,163,Active,2024-09-12,typeform
recB8bv0qGgvvEY6a,Emma Smits,emma.smits@hotmail.com,10-07-1967,V,574211421,0676600922,Den Haag,92.1,kg,168,active ,2023-07-16,typeform
recGFMUo2xKP0ga8M,Sofia Brouwer,sofia.brouwer@live.nl,1970-07-17,F,758348502,+31633445500,Rotterdam,151.7,kg,192,prospect,2026-01-07,website
recYk4JynpM7BjjXC,Kees Meijer,kees.meijer@gmail.com,1983-03-02,Male,,0655793043,Zwolle,75.8,kg,160,active,09-05-2024,typeform
recHT9auQGSFB642r,Marieke Hendriks,marieke.hendriks@live.nl,01-10-1986,m,461241092,0608152561,Dordrecht,127.4,kg,193,actief,2023-04-13,typeform
recKHCY1IuvYP4wby,Sophie de Boer,sophie.deboer@kpnmail.nl,30-05-2006,V,,+31644722516,Maastricht,97.6,kg,191,cancelled,2023-12-18,website
recNXZBjLc8OZfbTX,Lotte Horvat,lotte.horvat@ziggo.nl,12/03/1968,F,,+31604678178,Eindhoven,,kg,177,opgezegd,01-07-2022,referral
recRvM1lWlIIu3rEF,Arjun Nair,arjun.nair@outlook.com,16-07-1981,F,494260658,0610789243,Dordrecht,100.7,kg,162,active,2024-05-31,campaign_expat_2023
recjl0wl6kWq5mzUx,Ivan Jansen,ivan.jansen@live.nl,1959-06-23,male,762323000,0632540073,Zaandam,68.6,kg,155,Churned,2022-11-25,website
recKlmziK9YGU8ygX,Bram de Groot,bram.degroot@outlook.com,1972-06-08,male,,06-81981487,Utrecht,138.0,kg,195,churned,2026-01-12,referral
recRYl46Y1sAcouIg,Annelies Bakker,ANNELIES.BAKKER@GMAIL.COM,1967-11-28,M,,+31685040627,Tilburg,132.1,kg,181,Active,2025-05-31,campaign_expat_2023
recb4nD4Pfu3exSM1,Ivan Rossi,ivan.rossi@hotmail.com,1967-11-21,vrouw,334762845,+31602796682,Nijmegen,161.0,kg,198,ACTIEF,2025-09-10,typeform
recnQMjRtguUsddbQ,Thijs Kowalski,thijs.kowalski@kpnmail.nl,1962-03-25,F,,+31616150321,Zwolle,91.8,kg,161,ACTIEF,2024-08-22,campaign_expat_2023
recJk1Ih7bicgTMr9,Emre Wilson,emre.wilson@outlook.com,1977-05-02,F,,06-96552062,Rotterdam,75.4,kg,160,Paused,11/24/2022,campaign_expat_2023
recDRfY8bQZ5bmJfN,Finn Horvat,finn.horvat@kpnmail.nl,1989-07-03,female,,06-43519758,Groningen,107.3,kg,160,actief,07/22/2023,website
recd0DAIk3Y9yl9kW,Julia van Dijk,julia.vandijk@protonmail.com,1979-03-06,Female,438563748,+31627256551,Dordrecht,96.4,kg,168,new,2024-07-30,website
recXR4cMmBLU2m4Og,Sofia Ricci, sofia.ricci@icloud.com,10/02/1961,male,,,Leiden,82.1,kg,172,actief,2023-04-14,campaign_expat_2023
recbiUhPkzhKjHNTT,Gijs Hendriks,gijs.hendriks@yahoo.com,1968-03-31,V,,+31642483060,Amersfoort,109.5,kg,178,active,2022-06-03,typeform
recdk9oswml0nYRI2,Julia Yilmaz,julia.yilmaz@kpnmail.nl,1982-11-21,male,170295679,+31641019050,Maastricht,120.8,kg,175,active,2022-12-14,typeform
recXes3u9uTTyYz5v,Mohammed van den Berg ,mohammed.vandenberg@live.nl,1970-07-17,m,977692905,+31627025256,Nijmegen,149.0,lbs,155,gepauzeerd,2025-06-24,campaign_expat_2023
rec8GVQ6AAGYymwbT,Teun Andersen ,teun.andersen@ziggo.nl,1973-03-14,V,577730617,0607081514,Amersfoort,101.7,kg,159,Prospect,2025-07-06,campaign_expat_2023
recVWp67hJrDDJIhA,Lisa Wang,LISA.WANG@ZIGGO.NL,09/26/2001,Male,,+31677455902,Haarlem,122.8,kg,197,ACTIEF,2022-07-27,campaign_expat_2023
recuRAl1mPCZKBzPj,Zeynep Kaya,zeynep.kaya@outlook.com,20-11-1966,vrouw,,06-31400502,Rotterdam,76.6,kg,160,Active,04-10-2023,typeform
recdt4WDbDtz6klam,Mohammed Bos,mohammed.bos@hotmail.com,1971-11-27,male,,0654053033,Haarlem,88.6,kg,166,active,04/20/2023,import
recvKaSe65O6x6Qr8,Olga Vos,olga.vos@yahoo.com,1994-12-11,V,,06-08807573,Den Haag,102.8,kg,167,gepauzeerd,2023-03-25,import
recfnMLlTCq6ze9wq,Giulia de Boer,giulia.deboer@live.nl,1994-10-13,Male,,0647842713,Utrecht,71.6,kg,153,actief,23-12-2022,typeform
recGvB98a2s3JgJYj,Levi Peters,levi.peters@outlook.com,1987-05-08,man,,06-15707224,Den Haag,115.8,kg,184,active ,07/31/2023,import
recJjFIanbuRPmEnf,Anna Dekker,anna.dekker@icloud.com,1978-02-25,Male,,+31684879736,Maastricht,97.0,kg,180,Active,2026-06-15,campaign_expat_2023
recphqXFvmVQUgZ9a,Ruben Rossi,ruben.rossi@hotmail.com,1997-11-16,M,743159081,0644634666,Maastricht,,kg,164,active,13-06-2022,website
recutgjoraIcD2W0k,Oliver Wang,Oliver.Wang@Protonmail.Com,1958-02-19,F,342943078,06-41281215,Tilburg,124.4,kg,195,actief,2024-07-28,import
recJ0Cm2YmLBpoJ94,Maud de Vries,maud.devries@live.nl,01/16/1970,m,441865367,+31651793690,Utrecht,87.3,kg,163,ACTIEF,2024-05-06,typeform
recfhdQU5RMay8zbw,Marco Wilson,marco.wilson@kpnmail.nl,1965-02-25,vrouw,,06-68422739,Almere,154.2,kg,195,Active,2025-11-06,typeform
recS9NXSKMIKLNHwk,Noor Horvat,noor.horvat@live.nl,24-02-2001,Female,588330309,06-72889864,Rotterdam,65.6,kg,157,Active,2022-04-15,referral
rec1HxTfVgKtsRyLd,Grace de Wit,grace.dewit@hotmail.com,09-01-1983,M,206567546,+31697380315,Rotterdam,148.4,kg,188,Churned,2024-02-20,typeform
rec2KflVdNxYpcB8y,Giulia Kaya,giulia.kaya@live.nl,1992-10-25,male,,+31634596250,Rotterdam,85.2,kg,156,prospect,2025-11-30,website
recwgYA49A6AOKYss,Emre Vos,Emre.Vos@Ziggo.Nl,10-11-2007,Male,,06-27186629,Maastricht,115.6,kg,184,opgezegd,2022-06-05,referral
recszyOhDMcz34YKJ,Sofia Meijer,sofia.meijer@yahoo.com,1968-11-02,M,,+31646072358,Haarlem,67.5,kg,157,opgezegd,09/30/2022,typeform
recT5M1KX0ZMQb66H,Willem Wilson,willem.wilson@ziggo.nl,2003-04-12,V,644033964,+31634040706,Zwolle,100.5,kg,163,Active,2025-01-24,website
recTEzMXYLQd16J3j,Levi Costa,levi.costa@ziggo.nl,12/02/1993,V,805387444,0655830375,Utrecht,119.9,kg,181,cancelled,15-11-2023,typeform
rec5rVBX5Ur8SB7VA,Oliver Smith,oliver.smith@outlook.com,1998-04-01,M,765148444,+31682348184,Groningen,83.1,kg,163,active,2023-08-16,import
recvpise0iLd9U6a1,Luuk van der Meer,luuk.vandermeer@gmail.com,1959-08-08,Male,,+31621000601,Tilburg,,kg,157,paused,2022-10-30,referral
recbXOcL72wvd1l0n,Ivan Ivanov,ivan.ivanov@hotmail.com,1989-12-04,man,,0624038993,Almere,131.8,kg,197,churned,2026-04-09,typeform
rec16YN4FV5NQCzCT,Kasia Visser,kasia.visser@protonmail.com,19-04-1963,Male,503352581,,Groningen,116.1,kg,166,Active,04/03/2023,campaign_expat_2023
rechEK92vnVoPpEYQ,Wei Petrov,wei.petrov@icloud.com,1959-09-20,man,104989452,0628168491,Zaandam,127.4,kg,184,active ,2025-07-30,campaign_expat_2023
recmEum9PZEReZiUG,Youssef Brown,youssef.brown@outlook.com,1971-10-23,vrouw,,06-66629407,Tilburg,107.7,kg,173,active ,2024-08-13,typeform
recDaF7JrTUZnjQ0P,Emma-E Visser,emma.visserx@live.nl,1993-05-25,m,216557422,0650931639,Eindhoven,114.1,kg,167,actief,2026-06-15,website
recn4RuuC6FiHJdJH,Arjun Benali,arjun.benali@kpnmail.nl,12/09/1997,Male,,+31658277924,Zaandam,341.1,lbs,194,ACTIEF,2024-04-20,import
reccylO1tVbPaLUdL,Maud Brouwer,maud.brouwer@icloud.com,1964-08-08,Male,673063720,+31678517450,Groningen,105.7,kg,196,opgezegd,2025-04-26,website
recELw1wNNPrlaSoN,Mei Visser,mei.visser@hotmail.com,1962-12-12,M,409154908,06-07711789,Apeldoorn,101.3,kg,160,lead,2025-01-01,website
recgW0TaGGmXOsuLh,Hendrik Kowalski,hendrik.kowalski@live.nl,1997-05-19,Female,,+31601803257,Leiden,133.0,kg,189,on hold,2026-05-18,typeform
recv88pnKo9RsG0Ql,Jan Mulder,jan.mulder@icloud.com,1975-01-14,V,,+31647659281,Maastricht,115.4,kg,187,Active,05-12-2022,typeform
rec7cMKR8Uy3X2bKT,Teun El Amrani,x,1963-03-28,Male,,+31624969549,Amersfoort,153.2,kg,193,actief,2024-08-03,referral
reclynXoeL0ipQfAP,Fleur Novak,fleur.novak@icloud.com,1966-07-12,M,,06-59476051,Maastricht,112.2,kg,170,actief,2024-02-02,import
rectGZav50xHMZ06S,Finn van den Berg,finn.vandenberg@yahoo.com,1987-07-21,M,,06-27034323,Rotterdam,81.4,kg,162,churned,2022-09-06,campaign_expat_2023
recwaylG6smXVqeRO,Jan Jansen,jan.jansen@icloud.com,1985-11-08,vrouw,,0659313098,Leiden,100.1,kg,194,ACTIEF,2024-09-13,campaign_expat_2023
recubwS6ywUbjFHCQ,Annelies Smits,annelies.smits@yahoo.com,1983-06-15,man,939107491,06-24949093,Breda,103.2,kg,157,ACTIEF,2025-09-14,typeform
recNMCI7Z7vIHz60O,Marco El Amrani,marco.elamrani@protonmail.com,1958-07-23,m,389912463,06-29443997,Amersfoort,102.0,kg,174,opgezegd,2024-09-30,typeform
recNVhxHOCqeLkmHc,Grace de Graaf,grace.degraaf@protonmail.com,1987-09-27,vrouw,119687811,0651050208,Leiden,134.3,kg,193,active ,06-06-2022,website
recT0d6HGGEfmv2JT,Levi Smits,levi.smits@kpnmail.nl,1979-02-04,vrouw,,06-02584447,Groningen,104.2,kg,164,active,2022-08-30,typeform
recDlZpVuMHDxxBcb,Eva Benali,eva.benali@kpnmail.nl,04/17/2006,F,,0633367788,Delft,97.2,kg,189,prospect,10-10-2023,referral
reclVoygIqfzbbgR9,Ivan Kowalski,ivan.kowalski@gmail.com,1979-08-11,Female,939971707,+31642897169,Amersfoort,99.9,kg,167,Active,10/30/2023,typeform
reciEvnMXzV6jXXBU,Gijs Sharma,gijs.sharma@icloud.com,15-10-1975,male,,06-88855979,Den Haag,138.9,kg,182,ACTIEF,12/22/2023,typeform
recUXhrC29lDt1FJx,Grace Dekker,grace.dekker@icloud.com,1996-11-20,vrouw,,06-33225813,Delft,319.4,lbs,191,opgezegd,04/11/2023,website
recYKBvZvpI2wCDeW,Femke Hendriks,femke.hendriks1@live.nl,28-09-2001,man,,+31639192329,Zwolle,,kg,179,Prospect,2023-05-11,website
recKKdnhS77Rr5epF,Marieke Nowak,marieke.nowak@protonmail.com,1993-05-15,vrouw,,06-27195197,Haarlem,98.3,kg,188,churned,2025-12-22,typeform
recgcdlRZA91fbIgM,Fem Taylor,femke.taylorx@yahoo.com,1976-07-04,m,,0681046902,Zaandam,81.1,kg,152,Active,2024-09-29,import
recID8KNMkttaGPhP,Gijs de Jong,gijs.dejong@live.nl,1973-10-16,female,648386703,06-04083404,Arnhem,79.5,kg,163,cancelled,2026-02-15,typeform
reczMQu475kIivoaV,Ivan Bakker,ivan.bakker1@kpnmail.nl,1971-06-14,V,630729116,+31616932283,Delft,142.4,kg,197,Active,2024-12-21,referral
recd5rWQmq4nXXUZj,Finn van den Berg,finn.vandenberg@live.nl,2004-01-13,vrouw,,+31626503376,Den Haag,74.9,kg,166,active,2025-10-09,typeform
rec1nqNQR8lO67VZs,Daan de Jong,Daan.Dejong@Live.Nl,1972-06-18,m,,+31652801965,Breda,88.1,kg,180,actief,2022-08-19,typeform
recEbkC1rrqmD0YfJ,Emma Wilson,emma.wilson@outlook.com,04-04-1994,man,,0605498438,Arnhem,75.1,kg,157,paused,2023-01-09,typeform
recinawLNxY1cqkvo,Ahmed Novak,ahmed.novak@ziggo.nl,1985-04-01,man,,06-42823900,Eindhoven,138.7,kg,183,actief,03/15/2022,website
recmTJXFuE0dXdLwu,Kees van Dijk,kees.vandijk@hotmail.com,05/14/1992,male,,+31691344055,Tilburg,111.3,kg,190,active,2023-06-23,typeform
rec6WtParakbCRHu9,Thijs Horvat,thijs.horvat@kpnmail.nl,1990-12-15,Female,,+31604643104,Haarlem,86.7,kg,179,ACTIEF,03/05/2022,referral
rechgDr6vQxTvTvSy,Fleur Dekker,x,1960-10-22,female,,06-02384645,Groningen,81.8,kg,160,churned,07/09/2023,campaign_expat_2023
rec0lWhEYVEn0iIf1,Grace de Groot,grace.degroot@yahoo.com,1994-07-18,Female,,+31674507181,Rotterdam,84.8,kg,157,active ,2026-04-26,campaign_expat_2023
rec8cyQLQdCWZGGfC,Deniz Nair,deniz.nair@ziggo.nl,1977-07-26,vrouw,911211342,+31632216576,Almere,153.5,kg,193,ACTIEF,2026-03-01,import
recejkEoD6xQJo4ya,Grace Wang,grace.wang@ziggo.nl,1987-04-02,female,389762003,06-20903960,Rotterdam,129.7,kg,185,ACTIEF,2025-06-06,campaign_expat_2023
recjMlUE6ujbuuSHa,Daan Horvat,daan.horvat@outlook.com,1974-10-19,V,678616048,06-53522627,Tilburg,123.1,kg,178,Prospect,2026-02-02,referral
recErf45DcCM55l90,Lotte Wilson,lotte.wilson@protonmail.com,1973-01-06,M,,06-77084976,Den Haag,,kg,172,actief,2022-09-19,typeform
recIzC7Ct5oX9wSg8,Teun de Wit,teun.dewit@outlook.com,10/20/1994,female,291026588,06-31754701,Apeldoorn,127.6,kg,176,cancelled,16-01-2023,referral
recHYXFjCV9n74BUW,Daan Wilson,daan.wilson1@icloud.com,1984-07-01,man,,0645443162,Breda,77.8,kg,153,Active,08/21/2022,typeform
recAMImtp4zaLlhii,Sanne Smits,sanne.smits@yahoo.com,1993-10-05,m,603700871,0692284635,Maastricht,76.2,kg,157,ACTIEF,2025-06-23,campaign_expat_2023
rec4xUkRRK4zdtEz6,Willem Nowak,willem.nowak@protonmail.com,1960-07-14,female,,06-65739910,Maastricht,72.9,kg,153,actief,2023-12-03,campaign_expat_2023
rec697iTxWhEE4Uqz,Deniz Sharma,deniz.sharma@outlook.com,13-03-1984,female,,+31612407885,Groningen,104.1,kg,164,churned,2023-07-20,import
rec9tOIpvqRVpcRZr,Thijs-T Benali,thijs.benalix@yahoo.com,19-01-1971,Male,,+31686148102,Utrecht,70.3,kg,162,active,2022-07-31,campaign_expat_2023
recdr4ksoLUhSerbj,Teun Benali,teun.benali@outlook.com,1987-03-19,male,813877210,06-50834687,Eindhoven,93.4,kg,163,active,2024-06-16,import
recXyQw4fz0uE3IP8,Eva Petrov,eva.petrov@icloud.com,1964-01-29,man,,06-86980239,Utrecht,94.6,kg,189,actief,2025-10-19,campaign_expat_2023
reckgcAuPBIUMqhVu,Teun van Dijk,teun.vandijk@icloud.com,1994-07-25,M,357689616,+31658574751,Breda,85.3,kg,171,Active,14-01-2023,typeform
recqnaaTU1VmWheQC,Grace de Groot,grace.degroot@live.nl,1962-09-02,man,901918520,06-72438848,Maastricht,69.2,kg,162,active ,2025-06-11,website
recDlivL5MaOZDUsv,Teun de Graaf,teun.degraaf1@protonmail.com,1962-12-09,F,,,Haarlem,94.9,kg,163,active ,2026-06-04,import
recNp1vIZMG4vSdOa,Mei Nair,mei.nair@icloud.com,1970-12-16,male,,+31612302041,Zwolle,87.6,kg,152,ACTIEF,2025-07-13,typeform
reckGy1YdbSkPGGlx,Marco Dijkstra,marco.dijkstra@gmail.com,07/28/2001,f,792145926,+31694237543,Tilburg,149.7,kg,192,actief,2023-03-15,import
recNNlLKEqEOVPaCW,Lucas Brouwer,lucas.brouwer@outlook.com,1990-03-03,m,,0692804140,Arnhem,85.6,kg,157,actief,2026-01-22,campaign_expat_2023
reclMrxZk2O06XgZ1,Ivan Smit,ivan.smit@hotmail.com,1975-02-23,male,,0663178239,Amsterdam,102.7,kg,176,paused,07/17/2022,typeform
recLUFILaOtijjfl7,Lotte Bakker,lotte.bakker@ziggo.nl,10-11-1989,vrouw,,+31677917656,Tilburg,106.8,kg,197,Active,12/09/2022,typeform
recKu2TnlYoE1DSPD,Elena Smit,elena.smit@protonmail.com  ,1978-01-12,f,,0653732465,Apeldoorn,90.0,kg,163,active,2023-08-29,campaign_expat_2023
recmzO5WxLQ0dBLB7,Roos Dijkstra,roos.dijkstra@gmail.com,1967-09-30,male,,+31667764563,Delft,102.7,kg,165,active ,2024-07-08,referral
reclKVo4f3Tfnhyyn,Maud Smith,maud.smith1@kpnmail.nl,1999-03-01,vrouw,,+31621864185,Den Haag,99.8,kg,192,Churned,2026-06-14,typeform
recswNxAmHBi6SRHM,Teun de Jong,teun.dejong@ziggo.nl,16-02-1965,man,427626456,,Almere,129.2,kg,190,active ,2023-02-22,typeform
recwf8zDp4jHYQ1ue,Emma Nowak,emma.nowak@yahoo.com,1995-10-11,F,423325954,0604247928,Dordrecht,124.3,kg,178,paused,2025-06-17,website
recbtCR3Hk3raqKQd,Julia Nowak,julia.nowak@hotmail.com,2005-01-21,Female,,06-24094040,Amersfoort,118.8,kg,185,Paused,2025-07-03,import
recdgAe9N2sdPkAek,Levi El Amrani,levi.elamrani@outlook.com,1959-03-12,M,661119683,0677545824,Rotterdam,129.3,kg,194,active ,2023-02-26,typeform
recXHL4kLoy8BpH4d,Anna Wang,anna.wang@protonmail.com,05-10-1982,female,,0689548103,Rotterdam,138.1,kg,192,actief,30-03-2024,campaign_expat_2023
reccLrrl9GtHpzdAZ,Lisa El Amrani,lisa.elamrani1@ziggo.nl,2004-03-01,male,,06-49408075,Zwolle,110.2,kg,185,ACTIEF,01/17/2024,referral
recftDKlk8trtOklh,Marco Peters,marco.peters@hotmail.com,04-04-2005,man,866262325,06-11512991,Amersfoort,145.0,kg,188,active ,07/06/2022,campaign_expat_2023
recrzwwO6jk9bYI2Y,Roos Petrov,roos.petrov@hotmail.com,1985-05-19,f,481109110,0630611738,Apeldoorn,103.3,kg,161,cancelled,02/07/2023,typeform
recnrMihqJRzFgGcP,Amira Smit,amira.smit@hotmail.com,08/03/1997,female,,,Zaandam,114.3,kg,175,active ,2024-05-03,campaign_expat_2023
recdPwcDtgdXnGQVb,Ivan Horvat,ivan.horvat@ziggo.nl,1963-12-19,V,336841760,06-48841007,Breda,72.1,kg,163,ACTIEF,2026-03-15,typeform
recgJsu5mVggHLav2,Bram Smith,bram.smith@icloud.com,1987-10-04,V,661945704,+31637670173,Zwolle,79.2,kg,161,Active,2024-08-10,typeform
recDA7WQl1z5C1gZ0,Arjun Wang,arjun.wang@live.nl,1976-11-20,Male,,+31633831097,Apeldoorn,122.9,kg,189,churned,2025-12-19,campaign_expat_2023
recqzIoGz33RyRci6,Willem Costa,willem.costa1@ziggo.nl,2000-07-07,F,926625330,0619167644,Eindhoven,98.9,kg,156,Active,2023-07-15,website
recllvGgVANJWn1vd,Sanne Jansen,sanne.jansen@live.nl,02/19/1988,M,647988082,0605047225,Dordrecht,102.2,kg,195,churned,2022-11-14,website
rec9UIkzTbVxy9mx4,Annelies Kowalski,annelies.kowalski@kpnmail.nl,2003-10-03,Male,852594859,06-30758439,Haarlem,83.8,kg,172,churned,10/17/2022,website
reciPlkRjynPUTFU1,Lisa Benali,lisa.benali@yahoo.com,1963-06-26,vrouw,,+31601196885,Amsterdam,87.8,kg,154,Active,2022-07-31,import
recr7XrhlIZ4VioDD,Teun Nowak,teun.nowak@gmail.com,1986-03-04,F,,+31688945514,Amsterdam,86.7,kg,152,opgezegd,29-07-2022,typeform
recjAwJoEAMMa5D58,Priya de Groot,priya.degroot@live.nl,19-04-1971,m,,+31660465291,Amsterdam,125.2,kg,174,ACTIEF,2023-04-14,import
recn8Y8RWyI4zK2OL,Finn de Wit,finn.dewit@protonmail.com,1985-10-05,F,611485886,06-80506429,Apeldoorn,117.6,kg,177,opgezegd,2025-03-17,website
rec2uTgYUaCVYSlQz,Annelies Taylor,annelies.taylor@live.nl,1978-10-02,m,,0622844156,Breda,99.1,kg,193,actief,2025-10-25,referral
rec5x0GXFfu3EfAA1,Zeynep de Jong,zeynep.dejong1@icloud.com,1975-01-13,man,811582085,+31656092593,Maastricht,267.9,lbs,190,cancelled,2025-11-18,typeform
recyhxVX0oTxqi2up,Eva Jones,eva.jones@yahoo.com,1989-03-21,M,,0694086119,Dordrecht,142.0,kg,190,Active,2025-08-01,import
rec0MPkEQXq3Y4wmW,Julia Smits,julia.smits@ziggo.nl,2005-04-26,m,,+31659336681,Arnhem,100.4,kg,172,active ,2024-12-14,typeform
recLEtnf17QegGOIy,Giulia Benali,giulia.benali@protonmail.com,1972-07-03,F,,+31677659444,Maastricht,136.6,kg,186,active ,03-02-2024,import
recetfRLJGDLK9kkw,Lisa van Dijk,lisa.vandijk@live.nl,1989-01-25,F,,06-26207367,Amsterdam,144.1,kg,187,opgezegd,2026-04-03,import
rectFKoW5Wpr8ZbJx,Femke Taylor,femke.taylor@protonmail.com,1976-07-04,M,,0681046902,Zaandam,81.1,kg,152,ACTIEF,2024-09-29,typeform
recQi28H7KfStZxom,Fleur El Amrani,fleur.elamrani@icloud.com,1967-12-06,M,143175518,+31650015113,Zwolle,133.4,kg,194,active ,2022-10-01,typeform
reczEfB8eZLmPf2wX,Wei Rossi,wei.rossi@outlook.com,1996-04-08,man,,06-72010061,Amsterdam,123.5,kg,185,cancelled,26-04-2024,campaign_expat_2023
recTYRgr001pV1mgF,Bram Horvat,bram.horvat1@protonmail.com,2007-05-03,Male,,+31684325872,Delft,108.3,kg,170,churned,2022-04-07,typeform
recJoBSwD0lA54oJ0,Sem Bakker,sem.bakker@gmail.com,09/10/2001,m,,+31638805617,Leiden,95.2,kg,169,Active,05/31/2022,website
recpER9TUrnSG3gne,Mei van der Meer,mei.vandermeer@hotmail.com,02/04/2000,Male,,,Delft,97.5,kg,170,active,2023-09-25,campaign_expat_2023
recOd74yH8DSGbz6B,Grace van Dijk,grace.vandijk@outlook.com,1970-08-12,man,864446834,+31669093865,Eindhoven,138.8,kg,191,actief,2023-05-01,campaign_expat_2023
recnCVwOA2kUS4Bl6,Grace Jansen, grace.jansen@ziggo.nl,1987-05-10,V,,06-10149978,Haarlem,86.6,kg,160,Active,2024-12-01,website
reclePUWKyEwQ3kvc,Lisa Novak,lisa.novak@gmail.com,2005-12-17,f,,06-66338188,Groningen,97.6,kg,152,ACTIEF,2026-04-18,import
recUA5hRzeShGtyuU,Jesse Meijer,jesse.meijer@yahoo.com,1989-04-13,female,,06-33611787,Delft,86.5,kg,169,Active,2024-01-02,campaign_expat_2023
rec4t8U0c40IXQ4K2,Hendrik Sharma,hendrik.sharma@yahoo.com,08/30/1973,V,067077086,06-66696707,Amsterdam,121.5,kg,179,active,03/13/2024,typeform
recXnkZAzJSXU4RB1,Sanne Meijer,sanne.meijer@hotmail.com,1976-06-14,Male,784031691,0620851646,Amersfoort,80.7,kg,162,cancelled,21-01-2024,referral
recQzQHMCRDoecSl0,Lisa de Jong,lisa.dejong@icloud.com,2000-03-23,male,,06-21631039,Amersfoort,100.5,kg,156,active,2025-01-15,typeform
recAgvL6P7kcWrcZw,Oliver Dijkstra,oliver.dijkstra@hotmail.com,1961-11-28,Male,,06-95917355,Amsterdam,89.5,kg,156,Churned,2024-10-15,website
rec6IQRl68EZ785zv,Deniz Bos,deniz.bos@icloud.com,1963-07-28,Female,437075904,+31697015503,Zaandam,,kg,161,ACTIEF,2025-05-06,website
rec3xfeGJP0ITQhAe,Thijs Andersen,thijs.andersen@outlook.com,2000-07-06,M,641805822,0621136774,Leiden,70.7,kg,156,ACTIEF,2025-02-16,typeform
recWsBewir6q15mmw,Olga van der Meer, olga.vandermeer@hotmail.com,1962-05-26,Female,,+31639245132,Zaandam,89.9,kg,184,actief,2026-05-10,referral
recHs1rN6tjHRvAoC,Teun Smits,teun.smits@icloud.com,1977-03-01,M,,0607389448,Amersfoort,121.3,kg,172,actief,2025-05-27,typeform
recxOY9CAYqe1bzoW,Ivan Bakker,ivan.bakker@kpnmail.nl,1962-05-10,m,,+31693090882,Leiden,247.1,lbs,177,actief,2025-08-13,typeform
recmudlfa3Xm8Y6DK,Femke Ivanov,femke.ivanov@yahoo.com,20-01-1989,Female,,06-78401079,Apeldoorn,126.8,kg,186,churned,2022-03-17,import
recg1456TSO7T6sqn,Oliver Brouwer,oliver.brouwer@live.nl,1973-01-28,male,,06-79624391,Utrecht,129.3,kg,177,ACTIEF,2025-12-24,typeform
recQNsBqexRQN4XWu,Ivan de Groot,ivan.degroot@gmail.com,1970-01-22,V,615549056,0657997853,Leiden,83.5,kg,162,churned,2025-11-01,typeform
recSzb4iBm2OB6xct,Deniz de Jong,deniz.dejong@yahoo.com,04-07-1974,F,,+31644085028,Leiden,88.7,kg,171,Churned,21-05-2022,typeform
recdidGLIWmE52Xth,Kees Andersen,kees.andersen@protonmail.com,12-09-2003,M,,+31617517563,Zwolle,123.3,kg,192,Active,2022-04-03,campaign_expat_2023
recPWJrQFVaRHNuNM,Hendrik Sharma,hendrik.sharma@live.nl,05/07/1985,m,,+31624085479,Eindhoven,123.2,kg,51,opgezegd,2023-02-24,typeform
recY9vXOyr0if7OmZ,Noor de Wit,noor.dewit1@icloud.com,1973-08-13,m,353561277,+31610080925,Leiden,177.3,lbs,166,opgezegd,2024-06-26,import
recvw3M9cvf6e2LUQ,Kees Costa,kees.costa@hotmail.com,2001-02-05,V,,06-06083813,Almere,85.0,kg,179,opgezegd,2025-04-11,referral
recX8ajNUEtBCbNKC,Kasia Taylor,kasia.taylor@hotmail.com,06/06/1986,Male,,+31625095267,Zaandam,,kg,175,actief,2022-04-11,website
recQEBQlfWMscRIoG,Wei Vos,wei.vos@gmail.com,1981-03-18,man,,06-40120138,Amersfoort,99.1,kg,163,actief,2024-12-26,typeform
recOAZq5YMlbNsH6a,Noor Dekker,noor.dekker@protonmail.com,1980-11-16,Male,,,Zwolle,130.6,kg,186,paused,2026-04-21,typeform
recd19A6L3mPJbSBk,Lucas Kowalski,lucas.kowalski@ziggo.nl,1964-04-06,m,,0635616869,Almere,,kg,182,Churned,2025-11-10,typeform
recZ2WAUp2UiKc7UD,Anna Visser,anna.visser@yahoo.com,2007-05-25,vrouw,,06-78438712,Maastricht,,kg,154,active ,12/10/2023,referral
recXaxYOoquchwlSK,Emma Peters,emma.peters@protonmail.com,1961-04-10,male,,06-67326121,Maastricht,94.4,kg,159,cancelled,2025-12-16,website
reclYk9XOgs0anBq3,Oliver Bos,oliver.bos@kpnmail.nl,2003-06-29,M,,0615902711,Arnhem,96.0,kg,170,active ,2024-03-03,website
recE8URnJaHDpKSEE,Bramtje de Vries,bram.devriesx@kpnmail.nl,1968-07-13,Male,,,Zwolle,113.6,kg,168,churned,2024-06-02,campaign_expat_2023
rechfmDUGiTjQFpxH,Fleur Novak,fleur.novak@hotmail.com,27-02-1999,vrouw,,0682992205,Zaandam,109.2,kg,175,cancelled,01/24/2023,website
recNFPskM9veaoGJ8,Sofia Peters,sofia.peters@icloud.com,1982-01-23,M,437364203,+31631508545,Zaandam,83.3,kg,163,cancelled,2025-11-14,campaign_expat_2023
rec0y7sLiuHORwlbx,Femke Sharma,femke.sharma@ziggo.nl,07/13/2005,V,,,Amsterdam,112.2,kg,169,ACTIEF,16-05-2022,typeform
rectKfNkv2kvBytFL,Eva Peters,eva.peters@outlook.com,13-02-1985,V,,06-62164606,Rotterdam,63.8,kg,152,Churned,17-09-2022,referral
recLF5l2WbL0uZMFA,Maud Ricci,maud.ricci@protonmail.com,2002-10-19,V,,06-64895255,Rotterdam,139.6,kg,187,active ,2025-08-31,typeform
recgjWMVdGyBLQCmX,Kasia van den Berg,kasia.vandenberg@outlook.com,03/01/1967,female,,+31655866485,Apeldoorn,,kg,193,new,2023-04-25,website
recoitqVg3L3nqFG7,Anna Dijkstra,anna.dijkstra@gmail.com,1978-07-25,Male,604274750,06-65341553,Delft,78.9,kg,154,Churned,2024-06-11,typeform
recp3OjIwJpugi7TA,Emma Smits,emma.smits@yahoo.com,1976-05-05,m,,0610261719,Almere,114.2,kg,166,Active,2025-11-11,website
recifqJ6EuQaNyF8V,Bram Taylor,bram.taylor@kpnmail.nl,1965-07-26,F,,+31651501663,Apeldoorn,129.6,kg,179,churned,2025-07-13,typeform
rec0qqTnrc8KSDgcR,Kees de Jong, kees.dejong1@yahoo.com,07/09/1990,f,877852704,0617921875,Breda,104.8,kg,169,active ,06/19/2022,typeform
recynEhRxuoPk2cCm,Fleur Costa,fleur.costa@protonmail.com,1987-08-30,f,,,Dordrecht,101.5,kg,180,active,29-09-2022,typeform
recyWWBwQRfd1ijMm,Piotr Nair,PIOTR.NAIR@KPNMAIL.NL,2003-02-15,Male,,+31610578737,Amsterdam,87.8,kg,178,Prospect,2025-09-11,typeform
rec6JPdoADWQUWpD8,Gijs van den Berg,gijs.vandenberg@hotmail.com,2000-10-13,M,,06-01723492,Amsterdam,99.2,kg,158,Paused,2024-09-27,campaign_expat_2023
recDiawIYf3ste0Uk,Annelies Petrov,annelies.petrov@yahoo.com,1959-05-23,m,,+31654033948,Arnhem,126.5,kg,182,Active,2025-08-12,referral
recWSqz0NP89Dafxm,Jan Nair,jan.nair@live.nl,1963-06-08,F,,+31662428726,Maastricht,141.7,kg,195,Churned,2026-04-08,import
recfZcM9jzc5DF2uq,Kasia Brouwer,kasia.brouwer@outlook.com,28-06-1987,V,,06-78386770,Delft,132.4,kg,185,Active,10/18/2023,campaign_expat_2023
rech7tfeVgN3k7d7D,Ruben de Groot,ruben.degroot@hotmail.com,05-02-1976,V,,,Zaandam,77.1,kg,171,Paused,06-05-2024,typeform
recydTvjXNxB8aCNT,Emma Kowalski,emma.kowalski@live.nl,1999-01-11,m,,+31602148864,Delft,134.5,kg,180,Active,2025-11-21,import
recezt53Dni0ZPEVv,Julia Smits,julia.smits1@icloud.com,11-11-1986,f,,+31654873686,Tilburg,293.2,lbs,178,churned,06/28/2023,campaign_expat_2023
recZQruroYW2gUq19,Sofia Chen,sofia.chen@icloud.com,1964-09-26,Male,453335536,06-55539355,Leiden,131.2,kg,184,active ,2025-08-13,referral
recGdvdl7CaRN5A7q,James Nair,james.nair@ziggo.nl,1962-10-09,F,409499432,+31669043262,Zaandam,69.2,kg,157,churned,2023-09-26,campaign_expat_2023
recEjoNTnc25sHsOL,Grace Chen,grace.chen@ziggo.nl,1976-05-25,vrouw,,06-11279649,Zaandam,109.1,kg,196,prospect,2022-11-13,referral
recehzzQiUaqO8yJG,Lisa de Boer,lisa.deboer1@outlook.com,1972-12-01,M,218317529,+31674018332,Delft,110.5,kg,163,active ,2025-07-04,typeform
recxLlRvAnyh6Vbyi,Kasia Yilmaz,kasia.yilmaz@icloud.com,1981-02-20,f,948555932,+31638514125,Breda,95.8,kg,189,active,02/20/2024,referral
recXgJtY74q6SK1jY,Kasia Smit,kasia.smit@icloud.com,1958-12-15,vrouw,623859828,0614394639,Apeldoorn,100.6,kg,163,active,2023-09-14,referral
recf96PdGloC4wTk0,Deniz Kaya,deniz.kaya@hotmail.com,1979-09-09,vrouw,118628653,0673922932,Den Haag,72.7,kg,161,new,2025-07-13,typeform
recRhzdUuBFaNsy4L,Hendrik de Groot,hendrik.degroot1@outlook.com,1994-01-24,F,,+31627638914,Rotterdam,112.0,kg,171,active ,2022-05-17,website
rec4sVImRxqT1cGaK,Zeynep Sharma,zeynep.sharma@icloud.com,1966-10-28,m,,06-07676891,Tilburg,97.3,kg,171,cancelled,16-08-2023,referral
rec2OwpP7EfDM4pD2,Zeynep Wilson ,zeynep.wilson@outlook.com,1990-04-07,Male,491476061,06-56741874,Haarlem,,kg,174,Active,2024-12-30,typeform
rec2FwjINMagdyIFS,Jan Demir,jan.demir@live.nl,1962-01-30,f,,06-49568499,Maastricht,113.0,kg,166,ACTIEF,2023-02-13,website
recVXm7Sfv1J5qpq7,Eva Smits,eva.smits@live.nl,2006-05-18,vrouw,,+31669739246,Eindhoven,90.6,kg,152,actief,2023-07-23,typeform
rec3LMDm5cVIhJiFQ,Kees Mulder,kees.mulder@ziggo.nl,1997-03-29,V,,+31618111258,Zwolle,78.9,kg,157,on hold,2025-09-10,referral
receSKFG4RKh05y7T,Noor Andersen,noor.andersen@protonmail.com,1998-04-21,man,,,Nijmegen,86.1,kg,171,Churned,2025-09-25,website
recvpsZG9QuT4Ux7q,Roos Hendriks,roos.hendriks@gmail.com,1993-01-17,f,,,Groningen,119.1,kg,184,on hold,2024-09-06,import
recWvCi1ET2SGNMrr,Roos Brown,roos.brown@ziggo.nl,1995-12-26,vrouw,718363164,06-52161382,Nijmegen,100.3,kg,173,actief,2026-02-17,import
recDSVE5qQ1vTiZgj,Noor Bakker,noor.bakker@outlook.com,1978-02-11,Male,578855380,+31666777636,Maastricht,86.3,kg,172,Active,04-12-2022,typeform
recjYGnIAbTsycT4m,Noor Nair,noor.nair@hotmail.com,29-09-1989,vrouw,,0633915043,Den Haag,97.5,kg,168,active,19-07-2022,website
recauIF4QHHDLTkWM,Fatima van den Berg,fatima.vandenberg@ziggo.nl,2003-06-05,M,837922793,0657218896,Groningen,217.6,lbs,167,Active,09/24/2023,website
recDCluay0rce0YKe,Willem Nair,willem.nair@ziggo.nl,2007-01-10,female,,+31642638189,Dordrecht,138.5,kg,196,gepauzeerd,02-10-2023,website
rec23GimpLCDhxSyQ,Luuk de Vries,luuk.devries@ziggo.nl,1967-11-27,Female,408141256,0662680477,Nijmegen,119.5,kg,173,actief,2023-08-06,website
reczYBIAmfHKLLOXa,Jan Smits,jan.smits@hotmail.com,03/18/2000,Male,265984956,+31668284269,Breda,226.9,,179,active,2022-06-25,campaign_expat_2023
recf5Hu68E2vhYClW,Priya Chen,priya.chen@live.nl,2000-04-03,f,,06-65503507,Eindhoven,98.0,kg,187,gepauzeerd,2025-06-23,typeform
recOAVuCek8CDBZLw,Finn Novak,finn.novak@hotmail.com,09/10/1997,man,,0658582490,Delft,136.1,kg,183,lead,18-05-2022,typeform
recS3X6HqaaEcxYu7,Giulia Wilson,giulia.wilson@yahoo.com,1995-12-16,f,,06-82995720,Haarlem,111.1,kg,176,cancelled,2026-02-17,typeform
recTdt1IcNqRtjSRJ,Arjun Hendriks,arjun.hendriks@protonmail.com,1991-05-16,m,,0622595338,Breda,139.2,kg,183,active ,2024-06-27,import
recBHOxZtlbhEUmRa,Elena Sharma,elena.sharma@kpnmail.nl,01-07-1985,Female,,,Amersfoort,75.4,kg,157,cancelled,02-07-2023,website
recHgH4JWsm9uYGTo,Maud Smit,maud.smit@ziggo.nl,04-05-1966,F,,+31632631373,Apeldoorn,85.2,kg,163,actief,2023-11-22,import
rechSHY2jjjy7BMJe,Priya Bos,priya.bos@ziggo.nl,1994-03-17,Male,,06-84157639,Almere,65.9,kg,152,Prospect,2024-11-23,referral
recPXrYwQYcTgh0Xt,Milan Andersen,milan.andersen@protonmail.com,01/19/1998,V,848557785,+31685428386,Apeldoorn,88.7,kg,176,actief,04/04/2023,campaign_expat_2023
recNFPajHdLUXRXIb,Luuk Mulder,luuk.mulder@icloud.com,1999-01-18,M,714146432,,Amsterdam,103.2,kg,183,active ,2025-09-02,import
reclP8IfkT0b9S1Qc,Thijs Brouwer,thijs.brouwer@live.nl,2007-08-04,V,150614123,06-78223972,Zaandam,107.6,kg,193,opgezegd,12/30/2023,referral
recxtqS97M1MNyVP5,Daan Meijer,daan.meijer@ziggo.nl,2001-07-02,vrouw,,+31674389027,Haarlem,98.1,kg,186,Churned,2025-03-07,import
recmGrSc3NAmP6xJm,Kasia Meijer,kasia.meijer@icloud.com,1999-12-16,vrouw,,+31614764928,Rotterdam,81.0,kg,158,ACTIEF,2026-05-24,website
recjrNJHWvCv6CE6C,Gijs Demir,gijs.demir@gmail.com,25-11-1999,male,966877019,06-37138825,Haarlem,151.8,kg,198,active,2024-01-18,typeform
rec4cmDczLN3V4N1c,James Rossi,james.rossi@ziggo.nl,1981-08-25,M,,+31670673082,Delft,97.8,kg,180,cancelled,2026-01-29,typeform
recOY2i4TAxItHIkJ,Ivan Hendriks,ivan.hendriks@live.nl,1963-01-22,vrouw,591895924,,Tilburg,88.5,kg,155,actief,2025-08-14,referral
recE5EZc4nGbyVnfO,Olga Rossi,olga.rossi@ziggo.nl,1988-03-01,m,,06-84313835,Haarlem,160.0,kg,196,actief,2025-11-12,referral
recOz2j2ZjciKrX9H,Annelies Bakker,annelies.bakker@gmail.com,1967-11-28,m,,+31685040627,Tilburg,132.1,kg,181,active ,2025-05-31,referral
recP2i328PGoYLUmy,Fatima Ricci,fatima.ricci@hotmail.com,11/11/1963,female,243630633,0648284565,Amsterdam,80.6,kg,161,churned,2023-11-07,typeform
recvKmIDL34OOK2dU,Daan Jansen,daan.jansen@hotmail.com,07/12/1963,M,,+31669940587,Utrecht,100.5,kg,196,churned,07-10-2022,import
recl2K6mDwxTZ9svS,Marieke Chen,marieke.chen@protonmail.com,1961-03-19,man,,0647436486,Amsterdam,113.9,kg,166,active,2026-05-04,typeform
recbXwVnT6a4KTSpx,Fatima-F de Wit,fatima.dewitx@ziggo.nl,1979-03-13,M,714500586,,Rotterdam,91.4,kg,182,actief,2025-07-05,typeform
rec6I7ibvUx55WDJv,Ahmed Bos,ahmed.bos@kpnmail.nl,1989-05-21,F,186045384,06-74282600,Amersfoort,118.0,kg,168,opgezegd,2024-12-21,typeform
recHz5uhlZyiPGZ8G,Emily de Graaf,emily.degraaf@live.nl,1986-03-09,F,946462586,+31677486646,Almere,76.2,kg,163,new,2024-12-30,website
recIqeI7IbZsH1ElS,Emily Dijkstra,emily.dijkstra@protonmail.com,1977-02-28,Female,,0657563345,Apeldoorn,80.5,kg,167,churned,2026-02-15,import
recVAmFcKiHXGzwIE,Priya Petrov,priya.petrov@outlook.com,1979-06-18,m,,0699033794,Zwolle,100.3,kg,192,churned,2025-02-05,typeform
recNWRy1oHCxK00K6,Kasia Kowalski,kasia.kowalski@protonmail.com,2000-12-04,Male,,+31644958764,Rotterdam,96.3,kg,192,Active,2025-03-06,referral
recX9COf0Jxvj8fhz,Noor Ricci,noor.ricci@ziggo.nl,1961-11-16,man,912167853,+31631878878,Arnhem,105.8,kg,173,churned,2024-12-19,typeform
recNRkX4WCTnJXytS,Lisa-L Jones,lisa.jonesx@ziggo.nl,1970-09-20,Female,,+31624847781,Tilburg,77.6,kg,163,opgezegd,11/08/2023,referral
recZ2sLU3s9ZxKMg9,Julia Benali,julia.benali@protonmail.com,02-07-1962,vrouw,,+31625795657,Utrecht,79.9,kg,163,active ,2023-04-07,typeform
recJSFiE1aJ6xK5U2,Luuk Bos,luuk.bos@outlook.com,27-07-1985,female,387890658,0611635547,Leiden,120.7,kg,184,Active,2023-03-21,website
recPKWt41zbsUxU8f,Giulia de Groot,giulia.degroot@gmail.com,06/13/1999,man,821001243,+31683958132,Zwolle,,kg,172,active ,2022-12-08,website
recrQ9c5XmkjMTp6g,Hendrik Jones,hendrik.jones@gmail.com,1986-07-14,female,,+31604139865,Apeldoorn,127.8,kg,190,prospect,2024-07-25,typeform
recNICkU3CQsiyupA,Marieke Andersen,marieke.andersen@live.nl,1992-09-28,man,732726839,0645928342,Zaandam,89.5,kg,169,cancelled,03-01-2024,campaign_expat_2023
rect56pyxpr5g6Jlr,Piotr Novak,piotr.novak@live.nl,24-05-2006,Male,137259293,+31629738864,Groningen,107.1,kg,162,active ,2022-09-14,typeform
recFSHozZzoAEk8MU,Emre Kowalski,emre.kowalski@live.nl,1991-08-03,Male,,+31654526476,Apeldoorn,153.3,kg,191,actief,2024-07-12,website
recJkjV1VUqVgiTqc,Luuk Dekker,luuk.dekker@outlook.com,1990-12-25,V,254560088,0634629686,Rotterdam,129.3,kg,188,cancelled,2022-08-26,typeform
recofSKW8rLeNcUCx,Fatima Wang,fatima.wang@ziggo.nl,1990-03-19,M,417083464,+31638904858,Dordrecht,75.2,kg,164,cancelled,27-12-2023,typeform
rec6GYRmGhzd36U3T,Sophie Novak,sophie.novak@hotmail.com,1974-11-24,man,794446516,+31668760069,Apeldoorn,253.1,lbs,167,active ,2024-03-13,campaign_expat_2023
recm226hOL9RJgPta,Kees Kaya,kees.kaya@gmail.com,2000-07-08,man,,+31640590485,Amsterdam,86.2,kg,153,cancelled,2024-05-19,import
recGGthFX59dSjog5,Levi de Graaf,levi.degraaf@gmail.com,1968-01-27,male,,,Rotterdam,102.1,kg,165,active ,2022-10-25,typeform
recxrn5fCdL4pWmxR,Luuk Chen,luuk.chen@yahoo.com,1960-08-27,male,,+31673191802,Den Haag,114.7,kg,194,actief,2024-11-03,import
recQVTDTqZjIvP3FS,Emma Kowalski,emma.kowalski1@icloud.com,1984-12-24,Male,,,Dordrecht,139.9,kg,198,Active,2024-11-27,typeform
recHzV3rm8Sd34Cun,Sem Costa,sem.costa@live.nl,1970-08-16,f,,,Zaandam,123.2,kg,177,ACTIEF,2025-02-13,typeform
recLGZtx7LCyGnotz,Eva Novak,eva.novak@icloud.com,2005-07-05,male,,+31604369131,Delft,86.8,kg,159,Active,2022-09-17,referral
recF9gAwDCa4TZCKA,Emma de Wit,emma.dewit@yahoo.com,1964-10-13,female,,06-77525667,Almere,88.1,kg,155,Active,2025-04-27,referral
recUOYbmPiFS4EnBZ,Anna Novak,anna.novak@gmail.com,09/12/1972,Male,,+31640623167,Tilburg,124.7,kg,177,paused,24-10-2023,campaign_expat_2023
recCTLkqpSiJB3TrT,Amira Novak,amira.novak@live.nl,14-03-1995,Male,,,Dordrecht,134.6,kg,186,ACTIEF,16-03-2024,campaign_expat_2023
recU1EKXB97oXzfe0,Amira Bos,amira.bos@hotmail.com,1968-06-11,vrouw,,06-94568600,Den Haag,183.4,lbs,163,ACTIEF,2022-08-04,referral
recce583tAGU5Mqag,Sophie Rossi,sophie.rossi@protonmail.com,1988-11-03,M,,06-15147267,Almere,104.4,kg,185,churned,2023-10-27,import
recL5nPtKwUq9Degj,Lotte Nowak,lotte.nowak@hotmail.com,1960-05-22,male,,0606742638,Nijmegen,144.6,kg,198,paused,2025-08-07,typeform
rec5f38OifM39CAGY,Amira Rossi,amira.rossi@protonmail.com,29-01-1983,female,,06-92827594,Amsterdam,116.1,kg,187,active,2022-11-12,website
recI3LQ7MzfiIK0ri,Marieke Smit,marieke.smit@live.nl,1970-11-11,F,,+31629903296,Maastricht,135.4,kg,184,active ,2025-02-19,typeform
rechZ3whJHWYrIiim,Luuk de Wit,luuk.dewit@icloud.com,1963-01-15,m,,+31647297299,Maastricht,92.3,kg,178,Active,2023-01-04,typeform
rec0hhSlqsGjZFntz,Ruben Taylor,ruben.taylor@live.nl,1997-02-10,Female,524554705,0649494270,Groningen,154.5,kg,193,ACTIEF,2025-04-13,website
recIAIpnwjzrdtliF,Bram Novak,bram.novak@ziggo.nl,1993-02-21,Male,,0658470087,Dordrecht,98.9,kg,185,actief,2022-12-01,website
recqEAvESm6Li80vQ,Roos de Groot,roos.degroot@hotmail.com,1967-12-16,female,504101432,0614141047,Eindhoven,98.1,kg,160,active ,2024-06-09,referral
recwKzjvkKtBOjQqv,Teun El Amrani,teun.elamrani@ziggo.nl,03/09/1976,M,,+31639200582,Eindhoven,97.3,kg,176,actief,2022-09-06,campaign_expat_2023
recnbzJ6oRBxRqiCQ,Oli Smit,oliver.smitx@live.nl,07/01/1961,f,126767488,+31695946416,Rotterdam,116.2,kg,174,Paused,12-10-2023,referral
recoA81p52hB0PPex,Deniz Jansen,deniz.jansen@kpnmail.nl,1976-06-11,vrouw,832132810,06-86860119,Eindhoven,131.1,kg,183,new,11-10-2023,website
recz5lq50kHb4TY74,Thijs van Dijk,thijs.vandijk@protonmail.com,1962-07-21,f,,+31630701166,Nijmegen,150.3,kg,198,actief,2023-05-17,import
recLxfx4fbmgyhjKM,Luuk de Vries,luuk.devries1@icloud.com,05-06-1992,m,,+31639634502,Nijmegen,107.3,kg,177,paused,2023-08-03,import
rec2BJxixURRNBHZ9,Grace Horvat,grace.horvat@hotmail.com,2006-11-16,man,608620610,+31665715021,Den Haag,85.3,kg,169,Paused,12-08-2023,referral
reczWbsUpIkTuJy7L,Ivan van Leeuwen,ivan.vanleeuwen@icloud.com,1964-04-21,vrouw,600305703,+31623334666,Utrecht,93.8,kg,162,Paused,2025-01-03,campaign_expat_2023
recSlkaaQr5HE3iTW,James Ivanov,james.ivanov@yahoo.com,01/22/2003,M,,06-80487513,Rotterdam,103.7,kg,169,active ,04/07/2023,campaign_expat_2023
recSrt7z7QYxt14rG,Willem Kaya,willem.kaya@outlook.com,1970-04-10,Male,,06-26148082,Arnhem,94.2,kg,162,Churned,2026-02-17,typeform
recbpjIuy7rgvTlia,Sanne Bos,sanne.bos@hotmail.com,1983-10-24,female,,+31606453383,Almere,89.8,kg,180,active,2026-06-18,website
recTHWYOyu0LsC1dV,Giulia Ricci,giulia.ricci@protonmail.com,15-04-1966,man,323678178,0666475921,Arnhem,111.5,kg,165,cancelled,2024-02-12,referral
recGlXkpFHKZjn58s,Arjun Nowak,arjun.nowak1@ziggo.nl,10/07/1967,Female,,+31695553804,Groningen,97.4,kg,156,Churned,2022-09-04,typeform
recQ01FHcdaHmIgal,Piotr Visser,info@,2003-07-12,vrouw,,+31637369528,Maastricht,114.0,kg,187,prospect,2025-10-25,typeform
rec0fGGdR4MTFZgNE,Ivan Chen,ivan.chen@icloud.com,1997-03-18,Male,,+31612171191,Zwolle,112.8,kg,163,opgezegd,11/26/2022,typeform
recbvMv5FlaJYBBZr,Femke Dijkstra,femke.dijkstra@ziggo.nl,1995-05-03,female,941774235,0629324765,Haarlem,125.8,kg,175,Churned,2025-05-16,typeform
rectlOBpRTViqhqye,Noor Jones,noor.jones@outlook.com,20-08-1995,m,,+31626727782,Den Haag,111.2,kg,177,Active,02/20/2024,campaign_expat_2023
recBuoXuxKjGyfDQo,Julia van der Meer,julia.vandermeer@live.nl,02-12-1963,vrouw,,+31699830253,Haarlem,63.3,kg,153,active,2022-07-05,import
recI6pf1oIgUTMIJ3,Gijs Rossi,gijs.rossi@protonmail.com,1988-02-27,f,,06-03422884,Den Haag,108.4,kg,178,opgezegd,2025-01-31,import
rec0OUnw8bZD0mEGA,Sem Dekker,sem.dekker@gmail.com,1961-10-15,vrouw,,+31621166984,Dordrecht,86.1,kg,175,cancelled,2026-02-18,typeform
recaYvZwZ8Lzy53ah,Ruben Bos,ruben.bos@live.nl,1992-10-14,M,,0623038810,Tilburg,109.9,kg,172,paused,01/31/2023,website
recQovwkQeR8ZAu8X,Sanne de Wit,sanne.dewit@protonmail.com,1991-11-20,V,,0628742964,Maastricht,94.4,kg,190,paused,2024-12-02,campaign_expat_2023
recClJNNJbreHbEUy,Levi Brown,levi.brown@yahoo.com,01/09/2007,male,273527113,+31657268201,Zwolle,162.0,,168,churned,2024-05-26,campaign_expat_2023
recKOp33n1YxD50Wt,Daan Meijer,daan.meijer@gmail.com,28-07-1973,male,815594732,,Rotterdam,103.7,kg,166,active ,2022-09-30,website
recmYDDNwBvMZ1lI0,Julia van den Berg,julia.vandenberg@live.nl,18-02-1992,m,,+31642521222,Groningen,118.3,kg,178,opgezegd,25-02-2023,typeform
recWiD8luMVefzLic,Teun van der Meer,teun.vandermeer@kpnmail.nl,2007-02-15,man,,+31623921109,Apeldoorn,93.1,kg,188,actief,2025-01-12,import
recXBt2glJIHZjEPe,Deniz Brown,deniz.brown@yahoo.com,2006-08-13,F,,+31668614447,Almere,106.3,kg,187,on hold,2025-10-03,typeform
recsxzUXSHLDrrjBd,Kees Bos,kees.bos @outlook.com,1966-01-03,F,,,Tilburg,138.8,kg,185,active ,2025-09-13,referral
recmuPrvVyWKjz8qL,Jesse Wilson,jesse.wilson@protonmail.com,1995-04-15,Male,296829109,0600462895,Zaandam,100.1,kg,188,actief,2025-07-20,campaign_expat_2023
recbKfJubRWYAxpHh,Eva Bos,eva.bos@live.nl,15-06-2005,F,659859348,06-46670907,Zaandam,113.3,kg,186,Active,20-03-2024,import
rec9APKzw0UXy5XnL,Lotte Jansen,lotte.jansen@live.nl,01/27/1984,vrouw,,0654932949,Haarlem,94.2,kg,159,opgezegd,2023-05-22,website
reczrFPHpM6PXpeFV,Willem Brouwer,willem.brouwer@hotmail.com,1959-09-17,vrouw,,+31655486976,Arnhem,150.5,kg,193,Active,2022-05-26,website
recxtMmrYYG8vdknD,Zeynep Meijer,zeynep.meijer@kpnmail.nl,1994-01-02,Male,,0627175182,Haarlem,99.2,kg,174,opgezegd,2023-11-20,typeform
recQXxDCnUkTM9odX,Priya Ivanov,priya.ivanov@kpnmail.nl,26-11-1996,V,,0654887293,Almere,87.8,kg,158,active ,2024-05-14,campaign_expat_2023
recwKrmT6T7V31BI5,Lucas Ivanov,lucas.ivanov@kpnmail.nl,1969-03-08,V,919095239,+31665633960,Haarlem,116.7,kg,170,active,05-03-2023,campaign_expat_2023
recEQUYprH7ASQbm3,Julia Sharma,julia.sharma@outlook.com,17-05-2000,F,,0661657852,Amsterdam,70.0,kg,163,Active,2023-02-17,typeform
reczeqeCE1ZgDfpOS,Mei Nowak,mei.nowak@protonmail.com,1978-02-20,male,267185686,06-28747650,Rotterdam,98.3,kg,153,active,2024-08-30,import
recW4vJkkJknUVK9h,Elena Ricci,elena.ricci@kpnmail.nl,13-02-2002,Female,,0682751234,Eindhoven,101.0,kg,165,ACTIEF,09/04/2022,campaign_expat_2023
recKpOWFFOFuygUts,Elena Yilmaz,elena.yilmaz1@live.nl,29-01-2006,Female,,+31621776888,Breda,105.1,kg,173,Active,07-04-2023,import
recG19pIdK2LNtkDu,Sem Novak,sem.novak1@yahoo.com,01/23/1962,vrouw,687093995,0634982226,Apeldoorn,102.2,kg,161,active ,02/15/2024,campaign_expat_2023
recWVKjwirbBX5EWq,Lotte de Jong,lotte.dejong@live.nl,11/29/1990,M,,+31668071844,Delft,103.9,kg,175,Prospect,2023-02-11,referral
recKuVpR1G3O232pO,Luuk Novak,luuk.novak@gmail.com,2000-10-24,male,,+31605980227,Arnhem,84.1,kg,175,actief,2024-06-01,typeform
recpTFlMzjpnSpzik,Emily Dijkstra,emily.dijkstra@outlook.com,1987-05-28,Female,463374599,0636507108,Groningen,95.2,kg,157,on hold,2025-02-21,website
reckN4gHVSCJpprDa,Noor Nowak,noor.nowak@live.nl,04/22/1976,f,743552581,+31669781223,Rotterdam,84.6,kg,155,ACTIEF,05/05/2023,referral
recDRpNRmUNLIMG7q,Youssef Jansen,youssef.jansen@kpnmail.nl,1993-10-21,f,495174671,+31697104327,Breda,126.9,kg,177,prospect,2022-11-19,typeform
rec9lm2YQmhGsCkUO,Annelies Wilson,annelies.wilson@outlook.com,18-08-1973,man,293257632,06-02620894,Zaandam,68.3,kg,162,active,23-03-2022,typeform
recrccP2fPB4GOq6l,Bram Horvat,bram.horvat@outlook.com,23-01-1962,V,,+31684457279,Zwolle,138.9,kg,191,lead,2022-06-08,typeform
recvbze75CqSE4th4,Olga Brouwer,olga.brouwer@gmail.com,11/26/1958,vrouw,172989966,+31673349714,Groningen,85.8,kg,154,Active,2023-12-20,referral
rec0r2csHC3F1pNz6,Emre Horvat,emre.horvat@yahoo.com,1991-12-16,M,,+31602078191,Delft,255.3,lbs,182,cancelled,2025-12-04,referral
recGl4Mg8KFzY1eGH,Mohammed van den Berg,mohammed.vandenberg@icloud.com,1997-10-26,female,,+31631143678,Leiden,128.5,kg,192,on hold,05/27/2024,typeform
recpdcq0IaUwvWCsR,Maud Smits,maud.smits@icloud.com,2000-11-19,female,,06-59474995,Nijmegen,130.3,kg,193,active,2024-12-07,referral
recUdKms5ZNifFJ8S,Daan Wilson,daan.wilson@gmail.com,1965-10-10,V,,06-96403908,Delft,130.9,kg,195,cancelled,04-10-2023,campaign_expat_2023
recYIZ3Rn75e77SZ5,Ruben van Leeuwen,ruben.vanleeuwen@icloud.com,1963-01-26,f,,06-84373710,Arnhem,86.0,kg,161,Churned,2025-05-22,website
rec4eoe6EjMFQNHGQ,Julia Demir, julia.demir@icloud.com,1961-04-23,f,,,Zwolle,135.5,kg,180,Prospect,09-10-2023,referral
recDoz7jRs9NeJX4Y,Teun Smit,teun.smit@protonmail.com,1995-04-02,female,,0691528413,Haarlem,74.2,kg,155,active ,01/17/2023,typeform
recSyRWfiz50m5bO1,Ahmed Ivanov,ahmed.ivanov@hotmail.com,1958-11-22,vrouw,,+31637293434,Zwolle,83.7,kg,168,Active,2025-02-04,typeform
recoy0uAOxKNttbQY,Sophie Meijer ,sophie.meijer@icloud.com,03/16/1960,vrouw,620522057,+31632720636,Rotterdam,106.2,kg,196,active ,2024-03-25,referral
reccLwVecYKx7lufT,Eva Ricci,eva.ricci @icloud.com,1973-10-17,Male,987123944,06-52952339,Tilburg,156.1,kg,198,actief,2025-07-17,referral
recoOcMDNr082RYQV,Arjun Jones ,arjun.jones@kpnmail.nl,1966-04-30,F,769843438,06-45061669,Maastricht,96.2,kg,177,Active,02-05-2023,website
recbNBYUVnGm8huh2,Marieke Smits,marieke.smits@protonmail.com,1974-02-08,female,,0681579022,Nijmegen,143.9,kg,186,cancelled,2022-09-18,referral
recxHDDiH1TD1rtjf,Fatima Brown,fatima.brown@icloud.com,1959-04-21,vrouw,,06-84604460,Haarlem,104.3,kg,157,active,2023-07-31,typeform
recIvcFN6QlTFsmPc,Finn Rossi,finn.rossi@kpnmail.nl,1989-02-03,vrouw,,+31623312997,Breda,113.9,kg,190,cancelled,2026-04-03,referral
recV9mslTEsDSZMM8,Ruben Ricci,ruben.ricci@yahoo.com,1971-03-19,F,,0612190544,Breda,123.8,kg,174,active ,2022-08-08,referral
recvPX4RXMTkWrizY,Zeynep Demir,zeynep.demir@kpnmail.nl,10/11/1962,male,,0649799765,Delft,71.5,kg,165,active,2023-11-15,campaign_expat_2023
recFwfMLndaSrRMoJ,Grace Petrov,grace.petrov@outlook.com,24-09-2004,f,235200323,0655685455,Leiden,131.3,kg,183,actief,09/08/2023,typeform
recBP1SqFuGWaVCt1,Finn Smith,finn.smith@ziggo.nl,2003-01-30,male,,06-64770437,Apeldoorn,88.5,kg,158,lead,2025-06-13,import
recaiUEBEt2maJ6Uy,Oliver Andersen,oliver.andersen@ziggo.nl,1960-11-11,female,,+31650165413,Utrecht,84.1,kg,166,active,2024-12-08,website
rec79dB1HAdKOpxAT,Gijs Jones,gijs.jones@icloud.com,09-11-1986,M,,06-09884284,Delft,95.7,kg,190,Active,07/05/2023,typeform
recazGNSqrCD0OhaF,Finn de Graaf,finn.degraaf@icloud.com,10-01-2003,male,708735241,+31650455274,Amersfoort,268.3,,197,prospect,08-11-2022,typeform
recEMzkMrO4cz4Mef,Finn Visser ,finn.visser@live.nl,1986-04-08,Male,,0628205388,Utrecht,103.7,kg,163,new,23-03-2022,referral
recQibGdfQbiuXhDE,Eva de Graaf,eva.degraaf@protonmail.com,22-12-1985,f,627383142,+31688635794,Breda,91.5,kg,156,actief,2022-04-04,typeform
recgtY7PQA64LMuSh,Emily Smith,emily.smith@gmail.com,1982-01-27,F,228804218,+31624063087,Breda,99.0,kg,163,churned,2024-04-24,referral
recBLYYZarIXyUc38,Femke van Leeuwen,femke.vanleeuwen@gmail.com,2001-05-16,vrouw,,0678525986,Utrecht,109.3,kg,187,active,2025-06-01,referral
recPEzIesUhdqUFoe,Fatima Hendriks,fatima.hendriks@gmail.com,1986-01-30,M,,0667297600,Breda,161.2,kg,197,cancelled,2025-07-05,typeform
recUvh0LOp68zxfSO,Milan Visser,milan.visser@ziggo.nl,1991-09-30,f,,+31643646812,Leiden,77.8,kg,157,new,2025-09-16,typeform
recYG4GaVNkK2HsA8,Maud Nowak,maud.nowak@protonmail.com,1971-06-18,M,,06-36380244,Groningen,111.8,kg,177,actief,2023-07-03,typeform
recM2sZOdn8qVzjU0,Eva van den Berg,eva.vandenberg@protonmail.com,1977-03-21,man,,06-78418247,Apeldoorn,107.4,kg,191,Paused,2024-11-22,campaign_expat_2023
recq7Fjc3qZ7tOSJx,Mohammed Brown,mohammed.brown@yahoo.com,1977-08-19,male,812858116,06-03507302,Groningen,92.3,kg,165,active,2024-02-05,typeform
reczf3SdnLoFjCGxY,Priyaa Kaya,priya.kayax@live.nl,2002-08-04,Male,571149844,0661330557,Eindhoven,100.2,kg,154,Active,2022-07-07,typeform
rec5kvZBqnq4ve6XU,Kees El Amrani,kees.elamrani@hotmail.com,18-12-2003,f,,0681822906,Den Haag,133.1,kg,182,cancelled,04/14/2023,website
recQ92bTxSXMUI0Jq,Elena Andersen,elena.andersen@kpnmail.nl,1990-09-19,male,572809827,06-40224520,Tilburg,109.3,kg,162,Prospect,2025-04-21,typeform
receWPPRm44eQJD0X,Sem Dijkstra,sem.dijkstra@protonmail.com,1969-08-09,f,370998248,06-96922427,Delft,89.4,kg,174,Paused,2026-01-27,typeform
recYK2bfml9wpyemh,Sofia de Boer,sofia.deboer@outlook.com,04/06/1977,male,,+31621670638,Amsterdam,109.3,kg,164,paused,15-04-2022,referral
reckzYVlA7DSFRkxy,Maud Hendriks,maud.hendriks@yahoo.com,1982-01-16,vrouw,,06-83500434,Den Haag,94.9,kg,163,active ,2025-10-30,referral
recMzlD4s17SuRL0b,James Rossi,james.rossi@outlook.com,1972-04-25,male,,0670443431,Arnhem,140.8,kg,186,active,2025-12-16,typeform
recqILi1raEP6Ecnl,Lotte Novak ,lotte.novak@live.nl,1975-12-31,female,,+31641866541,Utrecht,156.1,kg,197,ACTIEF,04/14/2023,website
rechsBfq5GWQMleJy,Julia Yilmaz,julia.yilmaz@yahoo.com,1968-11-14,Male,813233215,0627358233,Haarlem,91.1,kg,174,churned,2025-12-11,campaign_expat_2023
recQoZvffuR5KaPec,Ruben Jansen,ruben.jansen@ziggo.nl,2006-04-16,female,,0615198687,Zaandam,87.8,kg,176,opgezegd,2022-07-18,website
recTDYYXRvPqSe0fL,Mei van der Meer,mei.vandermeer@icloud.com,1980-11-23,V,,+31698796592,Breda,89.4,kg,160,Active,05/10/2023,referral
recab6Aw6SIYhHd4f,Fatima Vos,fatima.vos@hotmail.com,31-12-1968,vrouw,563510493,+31633256370,Zaandam,130.4,kg,176,Churned,08/29/2022,website
recSmJOi0wdjzGloe,Giulia Nair,giulia.nair@ziggo.nl,1967-03-09,F,105450182,0602405952,Zwolle,106.1,kg,172,ACTIEF,2024-01-23,website
recYffzZoriYDjkfM,Lucas Vos,lucas.vos@yahoo.com,04/13/1989,vrouw,,+31620489648,Zwolle,193.8,lbs,162,active ,2022-10-03,typeform
rec9WnLdj1fh6fWid,Bram Kowalski,bram.kowalski@yahoo.com,1963-10-04,Female,594271617,+31698296404,Dordrecht,88.2,kg,154,active ,2025-09-08,typeform
recPPAzvXf98bNX6Y,Grace Wang,grace.wang@gmail.com,26-09-1976,man,500936596,06-67105133,Zwolle,80.9,kg,167,active,2023-07-16,typeform
rec0OTIWGHibS4Rda,Olga Nowak,olga.nowak@outlook.com,11/10/1959,m,369618014,0630349207,Tilburg,126.7,kg,195,active ,05/21/2022,website
reca3jOWdEpF7YEei,Julia Ricci,julia.ricci@ziggo.nl,1966-01-29,F,615300546,0699372322,Haarlem,88.8,kg,167,Churned,2024-09-01,campaign_expat_2023
recnvwM0sAZq1BL1G,Sanne de Vries,sanne.devries@hotmail.com,1978-12-18,man,,+31628746868,Apeldoorn,100.4,kg,162,active ,2025-06-07,referral
recbsMsfhJDQ6Qevb,James van Dijk,james.vandijk@kpnmail.nl,31-03-1972,male,,06-34754451,Amersfoort,114.0,kg,186,prospect,2024-03-20,campaign_expat_2023
recvrKGXHM10NvHjT,Teun Benali,teun.benali@kpnmail.nl,1969-02-19,f,195171627,0626452516,Almere,116.5,kg,182,actief,2026-04-02,typeform
recrjj5aZumEO0Fzt,Eva de Boer,eva.deboer@live.nl,11/02/1967,Male,282170625,0617689679,Breda,110.3,kg,197,cancelled,18-11-2023,import
rec12mzFgqnnNCbgR,Lisatje de Graaf,lisa.degraafx@ziggo.nl,2006-10-26,vrouw,,06-32462468,Utrecht,102.0,kg,163,Active,2022-07-11,typeform
recYKfElKYnAxe3ef,Bram Rossi,bram.rossi@outlook.com,1965-05-04,m,981790495,06-77167634,Apeldoorn,102.6,kg,189,active,2023-10-19,typeform
recZR8hh4NkmufkAN,Ahmed Jones,ahmed.jones1@kpnmail.nl,1996-09-04,V,313356270,06-25609693,Delft,153.9,kg,194,lead,2026-05-16,typeform
recxcrrgEeVPk6Ssa,Hendrik Jansen ,hendrik.jansen@icloud.com,19-03-1969,f,,06-25819508,Groningen,144.8,kg,191,ACTIEF,2023-07-16,import
rec19KUa3EKbaF8qY,Annelies Petrov ,annelies.petrov@icloud.com,1960-07-01,Female,928338125,0604704199,Amsterdam,128.3,kg,188,Churned,2024-09-28,typeform
recfPA5g2NjqBvjRJ,Sofia Andersen,sofia.andersen@hotmail.com,1997-07-01,female,555965636,+31680891705,Zwolle,73.3,kg,166,opgezegd,2024-12-23,website
rec96zYQ5YwSIrzXg,Sem Novak,sem.novak@kpnmail.nl,1961-02-20,Male,830616329,,Apeldoorn,109.4,kg,182,active ,2022-10-28,typeform
recSY1wvLrZSFyKf3,Giulia Meijer,giulia.meijer@gmail.com,2003-09-14,vrouw,,0670221496,Amersfoort,83.4,kg,161,Churned,2024-09-25,campaign_expat_2023
recxlWbRwFr8BPkSa,James Dijkstra,james.dijkstra@live.nl,1999-09-27,Male,282956244,+31653778366,Rotterdam,86.6,kg,176,cancelled,2022-07-14,website
recrsrwnLQttWsyu9,Willem Visser,willem.visser@ziggo.nl,1985-09-12,female,,0628496931,Rotterdam,116.8,kg,167,Churned,2025-04-10,campaign_expat_2023
recqo3Z7hMbfUlSzd,Ivan Chen,ivan.chen@kpnmail.nl,1976-10-19,F,719985079,+31625246138,Tilburg,107.9,kg,192,ACTIEF,2026-01-31,typeform
recpLuifu6qbJChzd,Priya Andersen,priya.andersen@icloud.com,2006-06-08,m,,06-47581915,Eindhoven,85.3,kg,179,opgezegd,2023-12-09,referral
recFmTGT9AzNoUsM0,Thijs van der Meer,thijs.vandermeer@live.nl,1979-09-12,m,663854593,+31699353247,Den Haag,101.9,kg,170,cancelled,2026-06-17,typeform
reccrFSuEnBxvggXQ,Daan Wang,daan.wang@outlook.com,1971-07-11,Male,593889915,+31658349921,Nijmegen,100.4,kg,183,opgezegd,2026-01-12,campaign_expat_2023
reciINIRGpUQmqtHu,Emre de Boer,emre.deboer@ziggo.nl,1967-01-28,Male,,+31637961808,Delft,118.2,kg,175,opgezegd,2024-11-08,website
recPkydhn8vuL73b3,Daan Kowalski,daan.kowalski@yahoo.com,19-10-1993,vrouw,530670616,0650271140,Arnhem,107.6,kg,196,actief,09-06-2022,typeform
recr3BCpuUU4ukSvR,Arjun Andersen,arjun.andersen@outlook.com,1966-01-24,M,,06-25587071,Rotterdam,127.4,kg,45,churned,2025-11-27,import
recsgUkUAm78uThvt,Milan de Wit,milan.dewit@live.nl,2006-02-22,M,,06-62990741,Groningen,140.0,kg,184,actief,2025-06-15,typeform
reclBD44LjqsVKle8,Sanne Meijer,sanne.meijer@icloud.com,28-02-1972,male,,+31690617376,Groningen,128.7,kg,176,cancelled,2022-10-06,website
recX03LEJkqUKPVIv,Femke Brown,femke.brown@live.nl,20-02-2003,male,,0617052828,Dordrecht,139.2,kg,193,ACTIEF,2024-03-17,website
rec5zUSheIzhkRGDm,Kees Brouwer,kees.brouwer@icloud.com,1990-05-30,male,,06-78452605,Almere,126.3,kg,195,active,2022-07-16,campaign_expat_2023
recvYF7aBqbBQJrJx,Sem Hendriks,sem.hendriks@yahoo.com,01/29/1969,male,344394487,06-89663218,Apeldoorn,101.9,kg,169,churned,04/08/2022,referral
rec4gouzs4M2dBA2b,Jesse Nowak,jesse.nowak@icloud.com,05/05/2005,male,,0601499814,Haarlem,140.3,kg,192,Churned,07-04-2024,campaign_expat_2023
recNlFTtrR2HYoatf,Emma de Boer,emma.deboer@yahoo.com,1970-11-10,Female,276978250,+31683071229,Nijmegen,,kg,178,churned,2024-05-11,typeform
rec5gOs3Kd29cIdeJ,Mohammed Rossi,mohammed.rossi1@icloud.com,1997-05-08,female,,0670366608,Breda,123.5,kg,187,active,2025-04-02,typeform
recde5ylIHdynRCsF,Bram de Boer,bram.deboer@gmail.com,1958-07-25,Female,743562446,0620799511,Breda,97.9,kg,160,active ,2024-11-29,referral
recf45MCmKwAK0DMi,Sanne Kowalski,sanne.kowalski@live.nl,1995-04-28,m,102429169,+31680675451,Nijmegen,103.7,kg,174,opgezegd,2024-12-06,import
recPXEJolAo6msdj8,Lisa de Graaf ,lisa.degraaf@kpnmail.nl,1994-06-02,F,,06-92952955,Apeldoorn,76.8,kg,159,prospect,2023-09-14,website
recXlFBoRrSOFBbJN,Emre Jones,emre.jones@yahoo.com,08/24/1972,vrouw,150909779,06-63848827,Zwolle,101.3,kg,175,prospect,2023-12-18,campaign_expat_2023
recV44sTnXXXa0PQ1,Annelies Demir,annelies.demir@yahoo.com,2006-09-30,man,919472175,06-47517423,Utrecht,82.6,kg,159,active,2026-03-03,typeform
rec3YHrCs3oXQCVCx,Amira Bakker,amira.bakker@protonmail.com,1979-07-02,Male,239491762,+31632019748,Amsterdam,98.8,kg,162,actief,2024-07-23,import
recD0aq9rsmsKWgBE,Noor van Leeuwen,noor.vanleeuwen@ziggo.nl,1961-04-20,f,503835250,+31667260194,Rotterdam,133.2,kg,185,Active,2023-03-31,typeform
recj0oDNs96lGhiA6,Fatima Wang,fatima.wang@kpnmail.nl,2005-09-14,female,628356663,06-51634449,Tilburg,111.5,kg,179,ACTIEF,2023-05-27,import
recUBc6yAlEKsbtud,Hendrik El Amrani,hendrik.elamrani@yahoo.com,12/23/1961,Male,,06-06437249,Dordrecht,95.2,kg,156,cancelled,10/27/2023,typeform
recWAWrNnU5gvl3BP,Teun Horvat,teun.horvat@outlook.com,02/21/1965,Female,,+31695630209,Zwolle,115.6,kg,190,ACTIEF,2022-06-21,campaign_expat_2023
recmCSklAIYBuFC7J,Willem de Wit,willem.dewit@gmail.com,09/17/1985,female,,0616644764,Eindhoven,120.2,kg,198,active ,2022-07-04,typeform
rech8joImQS0paR9I,Eva Wang,eva.wang1 @live.nl,1959-02-19,m,672423029,0616489442,Nijmegen,104.5,kg,185,churned,08/16/2023,typeform
recP9Hf4rk8vXR5xT,Daan Brown,daan.brown@protonmail.com,1958-06-18,f,500841159,+31659536367,Haarlem,94.7,kg,153,on hold,2025-09-22,typeform
receY2fLdJHZaZN84,Maud Costa,maud.costa@outlook.com,1975-03-29,Male,544912792,0638945222,Rotterdam,110.1,kg,193,Active,2023-04-02,import
rec5gd224geOn4L2W,Zeynep van den Berg ,zeynep.vandenberg@yahoo.com,19-04-1964,F,,0627611536,Almere,85.2,kg,153,Active,2023-03-14,typeform
recZAtFGcWIJOWgEW,Ruben de Groot,ruben.degroot@protonmail.com,1991-06-30,f,824879788,+31649916894,Almere,108.2,kg,181,cancelled,2024-09-12,typeform
rec0BFnTa3DAWrj01,Jesse Kowalski,jesse.kowalski@hotmail.com,01-06-1967,male,,+31639873923,Zaandam,88.7,kg,159,opgezegd,2023-01-12,campaign_expat_2023
recCeVT1GX3OZInEj,Gijs van der Meer,gijs.vandermeer@yahoo.com,1998-08-17,man,,+31645490469,Amsterdam,102.9,kg,168,Churned,2026-06-02,typeform
recn1ccwZMPAaJa8S,Roos Ricci,roos.ricci@ziggo.nl,1977-11-04,vrouw,,06-45063408,Zwolle,92.2,kg,158,active ,05/08/2022,typeform
recSqFDI4pO7jCVzj,Emma Nowak,emma.nowak@ziggo.nl,1997-01-29,Male,,0624249390,Zaandam,76.9,kg,162,Churned,2026-04-29,website
rechjU1xVat1Q5y7p,James Jones,james.jones@ziggo.nl,1979-03-01,male,285268314,+31677005468,Amsterdam,99.6,kg,174,prospect,2024-09-18,referral
reciV6xSWcU5dIvBW,Milan Novak,milan.novak@ziggo.nl,1986-10-31,male,,+31678284784,Utrecht,144.7,kg,197,Prospect,04/26/2023,typeform
rec0osWiCnL84gRa0,Youssef Ricci,youssef.ricci@yahoo.com,1975-10-20,V,,06-93821526,Arnhem,90.6,kg,176,active ,2024-12-07,typeform
recoGh64n0UOaUTfQ,Fatima Brown,fatima.brown@kpnmail.nl,1979-07-25,vrouw,,+31697704582,Tilburg,135.6,kg,187,prospect,2022-12-24,typeform
recDasYFyXvYitjEx,Teun Meijer,teun.meijer@live.nl,02-04-1986,m,,+31641995401,Utrecht,,kg,178,Active,14-02-2023,referral
recxm9DFuUTPCehvt,Youssef Vos,youssef.vos@icloud.com,1970-06-05,female,936649033,+31646317882,Zwolle,102.7,kg,173,active ,2026-06-02,import
recPZFiWOiSe84dBH,Arjun Hendriks,arjun.hendriks@hotmail.com,15-07-1984,man,,+31648248637,Arnhem,99.3,kg,174,prospect,2024-01-07,campaign_expat_2023
recz3NQkGTe2SkzEt,Wei El Amrani,wei.elamrani@protonmail.com,1990-08-31,f,,06-21910963,Tilburg,91.4,kg,153,Active,2025-01-10,typeform
recf4HrpV2AnmBvdn,Marieke Ivanov,marieke.ivanov@kpnmail.nl,1988-01-08,man,276026007,+31672319391,Nijmegen,99.4,kg,167,Active,2024-05-24,import
recuk8vU9rhDd0iqZ,Roos Kaya,ROOS.KAYA@ICLOUD.COM,1980-05-08,f,,06-45664330,Breda,86.9,kg,178,churned,2024-06-12,typeform
recljKGXLCkvl6lgp,Roos Kaya,roos.kaya@kpnmail.nl,1998-12-01,vrouw,,06-62306650,Eindhoven,121.5,kg,189,active ,2022-09-28,website
recoTq5idqqyWivRQ,Mohammed van den Berg,mohammed.vandenberg@yahoo.com,1970-09-02,man,,06-06960415,Rotterdam,81.0,kg,175,lead,03/06/2023,campaign_expat_2023
recfJZgK6TSUUzNFZ,Eva de Graaf,eva.degraaf@ziggo.nl,1985-11-06,F,,+31612050470,Utrecht,79.2,kg,168,Churned,08/30/2022,website
recGLjugxRRb4wYnF,Amira de Graaf,amira.degraaf@protonmail.com,1958-12-18,Male,,+31608978640,Den Haag,143.9,kg,188,active ,06/23/2022,typeform
receAuUHPZm16knSU,Gijs Vos,gijs.vos@ziggo.nl,1978-10-08,man,,06-47266995,Arnhem,103.5,kg,182,Active,2024-07-13,referral
recuW8oUoHR3lWRGn,Kasia Visser,kasia.visser@kpnmail.nl,30-12-2007,Male,,+31659051975,Haarlem,150.4,kg,194,Active,2023-12-10,typeform
recLhFrvXrUYAD5xN,Emma Sharma,emma.sharma@ziggo.nl,1964-09-11,m,910293806,0629134387,Dordrecht,87.0,kg,163,paused,12-04-2024,campaign_expat_2023
recdam8NKF7UzAdo2,Roos de Boer,roos.deboer@hotmail.com,2003-03-23,m,,06-36077706,Tilburg,80.4,kg,175,lead,2025-12-14,campaign_expat_2023
recrzR0KI9Tums2Wf,Jan de Graaf,jan.degraaf@outlook.com,1981-10-19,female,,0634903358,Groningen,100.2,kg,191,new,2026-02-01,typeform
recdm6Yt2zeRXOwEs,Oliver Costa,oliver.costa@protonmail.com,1984-12-17,Male,,06-51215070,Breda,116.5,kg,188,new,2024-04-20,typeform
recmFpcXmj10FhCvf,Roos Jansen,roos.jansen@hotmail.com,1976-09-11,m,,+31669559650,Groningen,141.5,kg,188,active,2022-10-18,import
rechO7WDobHPEO3ow,Priya Smits,priya.smits@icloud.com,2001-07-21,m,,0670027218,Haarlem,94.3,kg,155,Paused,2026-04-30,typeform
reckZH9V3dtCyTqPF,Arjun Dijkstra,arjun.dijkstra@kpnmail.nl,1968-08-22,Male,689447450,06-34235200,Utrecht,154.8,lbs,157,active,2024-10-25,referral
recYNTfQMaqk4Koxx,Arjun Vos,arjun.vos@icloud.com,1964-01-26,V,,+31668302938,Haarlem,109.0,kg,177,opgezegd,2025-01-02,website
recMOqzm9ZqWFG3XW,Youssef Costa ,youssef.costa@gmail.com,2005-07-22,M,,0644647770,Rotterdam,148.7,kg,193,active,2022-10-13,website
recpvlXJzvshc4XPh,Grace Nowak,grace.nowak@outlook.com,04-11-1995,vrouw,605933170,0663866004,Den Haag,119.5,kg,176,opgezegd,09-03-2024,referral
recPEB9n2kycFbwXv,Sofia Wang,sofia.wang@hotmail.com,1996-10-21,Female,,06-42742210,Utrecht,108.2,kg,184,active ,2024-05-04,typeform
reck6P5K45Qrg0X8c,Luuk Yilmaz,luuk.yilmaz@gmail.com,1958-09-21,m,346713444,06-29982842,Almere,141.5,kg,198,actief,2026-05-12,referral
recP1KU6gffhLnnYD,Jan van Leeuwen,jan.vanleeuwen@yahoo.com,21-12-1964,f,,,Tilburg,67.9,kg,157,gepauzeerd,01/01/2024,typeform
recJz29VCPskp2d70,Hendrik Ricci,hendrik.ricci@kpnmail.nl,2007-05-04,M,767509006,,Eindhoven,94.1,kg,169,active,2024-08-22,typeform
recf7kmMfshVjZNZf,Annelies Mulder,annelies.mulder@ziggo.nl,08/07/1990,male,929619705,06-70666769,Tilburg,110.1,kg,193,active,13-05-2022,website
recKaHb9PLraG4LxX,Jesse Smith,jesse.smith@protonmail.com,29-04-1981,female,458678296,06-74518386,Utrecht,95.3,kg,158,churned,23-10-2023,website
recXxyqwVcFL61qZZ,Oliver Jones,oliver.jones@yahoo.com,22-02-1965,V,861484344,+31678800139,Amersfoort,118.4,kg,174,gepauzeerd,2023-04-14,campaign_expat_2023
recDwJ3zaoTcm288p,Marco de Vries,marco.devries@hotmail.com,1979-05-05,V,,06-34584985,Amsterdam,78.6,kg,156,active,2025-07-05,campaign_expat_2023
recX2eSda8cIlebmd,Lisa Yilmaz,lisa.yilmaz@hotmail.com,2006-02-28,Female,,+31600487204,Groningen,105.0,kg,183,Churned,2025-02-19,website
recjOfkIQFqEnYrN2,Lucas Visser,lucas.visser@protonmail.com,02-06-1986,f,,06-48605560,Amersfoort,107.3,kg,194,actief,2022-06-16,typeform
recoM2K7PIXLGNn0o,Giulia Demir,giulia.demir@yahoo.com,12/30/1964,M,,,Den Haag,94.2,kg,179,churned,03-06-2022,typeform
recctr4Lt8FImevCO,Annelies Demir,annelies.demir@ziggo.nl,1962-10-04,female,851332961,+31659005048,Nijmegen,80.5,kg,168,active ,2025-10-24,typeform
recupPt5Nn4tBrL57,Sanne Brown,sanne.brown@gmail.com,1965-05-24,V,,06-83625836,Nijmegen,91.5,kg,183,actief,2026-02-25,campaign_expat_2023
recaTix1kDqSSCsJf,James Peters,james.peters@gmail.com,1965-07-28,f,,+31645346291,Rotterdam,65.6,kg,158,active ,2022-09-17,typeform
reciE1ZcIVpzlc4xy,James El Amrani,james.elamrani@outlook.com,2003-12-05,M,,0617832856,Maastricht,73.1,kg,153,opgezegd,01/16/2024,website
recucXBjKejXXSvf6,Sem de Groot,sem.degroot1@icloud.com,1968-10-02,M,735183661,+31662229317,Haarlem,117.2,kg,178,opgezegd,2026-01-02,referral
recUPTQ4N10JXQ60g,Deniz de Groot,deniz.degroot@ziggo.nl,1974-05-20,M,495157648,+31688181198,Dordrecht,83.0,kg,170,churned,2026-03-14,website
recHLU9mriKOKaRN5,Jan Novak,jan.novak@hotmail.com,06/27/2001,man,,,Dordrecht,103.6,kg,159,active,2024-05-04,campaign_expat_2023
recMbw1kYSUw8HUXE,Kees Meijer,kees.meijer@kpnmail.nl,2000-06-12,Male,150701202,0682265144,Leiden,89.7,kg,156,actief,2023-09-28,campaign_expat_2023
recgAaBbqw4sD5Q7Q,Sem de Groot,sem.degroot@gmail.com,1994-05-23,Female,,+31624869004,Almere,104.0,kg,167,active ,2025-02-25,typeform
recSWMdqVOoXBGY2C,Gijs Bos,gijs.bos@ziggo.nl,2007-07-03,M,876010394,,Zwolle,129.1,kg,195,lead,2025-03-30,import
recxhXZaI2nPAFKlz,Bram Yilmaz,bram.yilmaz@kpnmail.nl,09-04-1968,Male,,+31680010018,Haarlem,72.6,kg,154,ACTIEF,2022-11-07,website
rec6wuzG3elB02kBH,Priya van Dijk,priya.vandijk@protonmail.com,1965-09-21,female,,+31641116953,Amsterdam,101.9,kg,175,cancelled,2025-05-21,typeform
recuuUBNyp8PWiFN0,Roos Costa,roos.costa@icloud.com,1971-01-07,V,229851885,+31603103730,Rotterdam,205.7,lbs,189,lead,2025-10-19,referral
recTtjIzbwDeGKvEf,Thijs de Vries,thijs.devries@protonmail.com,22-06-1989,M,840261949,+31627396238,Utrecht,140.4,kg,184,cancelled,01-10-2023,typeform
recPEy6fSMrgZaela,Kasia Yilmaz,kasia.yilmaz@yahoo.com,2005-09-26,M,,+31622776067,Maastricht,83.4,kg,156,active ,2024-10-03,website
recyuGPpigMWcGlxp,Lucas de Jong,lucas.dejong@gmail.com,15-04-1998,M,,06-31311441,Zwolle,119.2,kg,198,churned,06-06-2022,referral
rec37rJhrbdXxKiR9,Oliver van der Meer,oliver.vandermeer@live.nl,1990-01-16,Male,686834045,06-68599099,Eindhoven,145.3,kg,198,opgezegd,2025-07-30,campaign_expat_2023
recWLDKjB8jOtDcyy,Gijs Visser,gijs.visser@yahoo.com,1971-08-22,female,,0621531050,Rotterdam,82.9,kg,154,cancelled,2024-08-10,website
rec6fLrVystJG0fvk,Grace Peters,grace.peters@kpnmail.nl,1958-07-26,Male,,06-58227640,Maastricht,128.1,kg,191,ACTIEF,2025-07-15,referral
recgCvz4eznxgONoc,Priya Smith,priya.smith@live.nl,1996-06-07,male,253673744,0685471226,Leiden,74.6,kg,153,ACTIEF,2025-04-15,referral
reclEgwgAR76lioWs,Jesse Petrov,jesse.petrov@gmail.com,1964-12-03,female,,0613825371,Groningen,96.3,kg,190,lead,2023-10-04,referral
rec3iI2gqkGlVXx8B,Sem Jones,sem.jones@protonmail.com,1981-12-05,f,171707187,0637291371,Den Haag,108.8,kg,183,prospect,2024-10-16,typeform
recdi7BVqdjDKFaNM,Jan Kowalski,jan.kowalski@icloud.com,22-07-2000,male,,+31690123078,Den Haag,108.8,kg,188,actief,11-06-2022,typeform
rec0NXGXidla2KjFK,Deniz Horvat,deniz.horvat@ziggo.nl,06/28/1995,female,,+31618910833,Delft,98.7,kg,179,ACTIEF,02-12-2022,typeform
recrd8NqoQ4kDhezu,Deniz Petrov,deniz.petrov@icloud.com,1982-08-08,V,827561969,+31620994616,Amersfoort,112.6,kg,169,gepauzeerd,2023-07-02,typeform
recR1v8dN7S6Gpilf,Milan Meijer,milan.meijer@ziggo.nl,06/03/1962,V,312320681,06-47088379,Amersfoort,107.5,kg,177,Churned,2023-02-28,typeform
recJ9A5tGvheS5gmc,Gijs Taylor,gijs.taylor@protonmail.com,1970-04-05,m,,06-83093126,Nijmegen,197.5,lbs,167,Active,2025-07-20,campaign_expat_2023
rechyACOPkCr4673O,Sophie Kaya,sophie.kaya@ziggo.nl,05-02-1965,f,,+31680446185,Tilburg,148.4,lbs,153,Prospect,14-10-2022,referral
rec59YyQHs4fjYYRp,Amira Brouwer,amira.brouwer@kpnmail.nl,16-03-1965,female,,+31628663972,Leiden,80.4,kg,162,cancelled,11/16/2023,website
recSWQMTKZe9X7DGG,James Wang,james.wang@ziggo.nl,1979-06-19,Female,,06-69867975,Tilburg,128.5,kg,178,on hold,2025-04-15,referral
recWBLGCXOXAd8kyi,Marco Kaya,marco.kaya@kpnmail.nl,03-02-1990,Female,,+31683862239,Maastricht,101.6,kg,170,Churned,03/29/2022,import
recMhn7lzYBjK66iT,Youssef Yilmaz,youssef.yilmaz@yahoo.com,08/10/1970,m,,0623546465,Groningen,119.7,kg,171,Active,2022-09-18,typeform
recz0iWQh59toKLO7,Zeynep Costa,zeynep.costa@protonmail.com,1991-01-28,F,,+31618536960,Haarlem,97.9,kg,185,actief,01/30/2024,referral
recyzMPkW44wbi2dC,Gijs Mulder,gijs.mulder@icloud.com,07-05-1974,M,948697180,+31609580126,Leiden,103.0,kg,181,active,07/22/2022,import
recFZLmuJCaIQj59L,Wei Vos,wei.vosx@live.nl,1976-01-08,male,,0661217088,Zaandam,142.3,kg,189,active,2026-05-22,referral
recn59GwXC5PpGHJz,Emre Brouwer,emre.brouwer@live.nl,1985-03-10,M,,+31694426901,Groningen,133.1,kg,193,active,2026-04-19,website
recOvKoHMB5MNLr1W,Ivan Meijer,ivan.meijer@icloud.com,1982-03-09,female,165953275,0634287057,Eindhoven,111.6,kg,168,active ,02/23/2023,import
recnLnHBZ6vlLWEym,Mei Hendriks,mei.hendriks@live.nl  ,1981-03-14,V,738164963,06-89639018,Zwolle,75.9,kg,163,Active,2022-04-21,website
recFvXYntEWLS5Azr,Arjun Jansen,arjun.jansen@yahoo.com,2002-07-12,vrouw,,06-56557502,Nijmegen,76.2,kg,168,active ,2025-05-05,typeform
recKIdDOZLPPclgOH,Fatima Chen,fatima.chen@hotmail.com,11/28/1987,m,,0600287493,Utrecht,95.1,kg,178,Prospect,12/06/2022,typeform
rech66fPJDSyDO70l,Thijs Kowalski,thijs.kowalski@outlook.com,16-01-1973,female,,0644144932,Den Haag,77.8,kg,163,churned,2023-03-31,import
recs5KhaiQVv0mCVo,Sophie Nair,sophie.nair@ziggo.nl,01/06/2000,m,,+31684118445,Almere,62.8,kg,154,ACTIEF,20-01-2024,referral
recCh6wggVcYC95c5,Zeynep Kaya,zeynep.kaya1@icloud.com  ,18-09-1985,male,,06-20141106,Delft,121.9,kg,175,on hold,2023-02-11,referral
rec9VnOhaq0XfNRJO,Amira Kowalski,amira.kowalski@yahoo.com,1960-03-19,f,,0659057287,Haarlem,106.8,kg,173,cancelled,03/27/2024,typeform
rec9xdZ8I2n0LaH8W,Piotr de Jong,piotr.dejong@kpnmail.nl,2005-08-01,man,902886241,0698636320,Zaandam,72.1,kg,158,paused,2022-05-12,website
recQ2KX7Puzj1r4Xv,Eva Hendriks,eva.hendriks@ziggo.nl,1987-06-25,female,247754961,0670884436,Groningen,96.6,kg,188,Churned,2024-02-10,campaign_expat_2023
rec12wnglBK655XDb,Arjun Costa,arjun.costa@hotmail.com,1989-11-07,M,,+31688180454,Arnhem,117.1,kg,176,cancelled,2024-04-29,typeform
recPfKm99hQOKACUc,Thijs de Vries,thijs.devries1@yahoo.com,1998-01-01,M,,06-09303104,Delft,82.2,kg,177,on hold,06/03/2023,campaign_expat_2023
recRiQj5ycHrEMd1c,Arjun van Leeuwen ,arjun.vanleeuwen@icloud.com,1989-04-16,M,,0629218942,Delft,104.3,kg,193,ACTIEF,2023-04-23,typeform
recoQLQyy1XHcdGkq,Marco Dekker,marco.dekker@ziggo.nl,1992-01-10,Female,,06-00907636,Amsterdam,94.1,kg,154,Churned,2023-11-11,campaign_expat_2023
recWQcPD1jHPL46l7,Lucas Bakker,lucas.bakker@ziggo.nl,1983-12-17,vrouw,226863268,+31676569393,Apeldoorn,90.1,kg,165,lead,2023-10-15,referral
recCtCOxBoYr1Il7p,Deniz de Wit,deniz.dewit@gmail.com,1965-07-04,female,684105378,+31607220106,Rotterdam,104.2,kg,160,paused,05-11-2022,typeform
recx4uZ9hVLPDZoPP,Lucas Visser,lucas.visser@kpnmail.nl,1967-07-16,female,,+31664423535,Haarlem,122.7,kg,193,Active,2023-11-22,typeform
rec6s9mX6F6xotIGK,Teun van den Berg,TEUN.VANDENBERG@ICLOUD.COM,28-10-1965,V,690294141,+31690234031,Breda,111.2,kg,166,Prospect,07/01/2023,website
recfUSd5xC9isGPhd,Finn Bakker,finn.bakker@gmail.com,28-11-1990,M,268159105,06-66698065,Leiden,87.7,kg,166,paused,10/09/2022,typeform
recVliqII8Rikjqlh,Gijs Smith,gijs.smith@gmail.com,03/19/1985,f,460922294,+31604695884,Apeldoorn,88.5,kg,166,ACTIEF,23-04-2023,import
recnzNmv3Fo0sM14X,Jan Wang,jan.wang@icloud.com,08/06/1980,Male,534865963,+31604539403,Groningen,137.3,kg,194,actief,08/17/2023,import
recffkRdOibkj2owd,Julia Bos,julia.bos@hotmail.com,1981-11-01,man,599687575,0618261601,Zwolle,103.2,kg,186,paused,2023-04-30,typeform
rectm23dTsTX1BVaC,Kees de Jong,kees.dejong1@yahoo.com,1990-07-09,F,877852704,0617921875,Breda,104.8,kg,169,ACTIEF,06/19/2022,import
recR9zmv2oWjSL6I9,Olga Wilson,olga.wilson@kpnmail.nl,1976-10-05,male,231893371,+31603423907,Den Haag,89.4,kg,153,paused,2024-11-10,campaign_expat_2023
recKupe6Ka7pgR1r5,Noor de Jong,noor.dejong@protonmail.com,15-04-1958,man,,+31623551427,Groningen,100.9,kg,174,active,2022-06-27,campaign_expat_2023
recUPEpUvBEOKhDxa,Julia Rossi,julia.rossi@kpnmail.nl,1969-01-17,vrouw,,06-16127168,Maastricht,104.8,kg,166,cancelled,2025-03-18,typeform
recF9Bzx2UZ7DfSN3,Noor Peters,noor.peters@yahoo.com,1960-11-11,Male,801740101,0667449246,Maastricht,137.2,kg,183,churned,2025-08-22,referral
recC9gvauqATv35Wh,Oliver Smit,oliver.smit@outlook.com,07/01/1961,Female,126767488,+31695946416,Rotterdam,116.2,kg,174,Paused,2023-10-12,referral
recTW4ZkXcDPOnm8n,Deniz Yilmaz,deniz.yilmaz@kpnmail.nl,2004-11-15,M,,06-29762175,Leiden,136.5,kg,185,ACTIEF,2026-01-02,referral
rec7RUfpYLcu4VaYK,Fleur Nair,fleur.nair@yahoo.com,1959-06-08,man,860807046,06-03175127,Dordrecht,119.6,kg,184,active,2026-05-09,website
recqZhEXN9AMfQBkc,Kees Bos,kees.bos@yahoo.com,02/27/1972,F,,06-92767611,Nijmegen,70.9,kg,157,active,10-07-2023,website
rec4RtncrDDpU4GhW,Ahmed Costa,ahmed.costa@hotmail.com  ,03/30/1992,Female,,0659849581,Amsterdam,78.8,kg,163,active ,2023-03-11,typeform
rec6akmYFVSXeHSiN,Zeynep Rossi,zeynep.rossi@protonmail.com,10/12/1979,m,,0632897176,Groningen,79.7,kg,153,Active,29-11-2023,website
recbnYqhW2LMuLGjx,Ivan Kowalski,ivan.kowalski@protonmail.com,1964-07-06,F,,+31680930365,Maastricht,97.0,kg,177,Churned,2024-08-09,typeform
recYXnRShrKiueYrv,Sofia Nowak,sofia.nowak@live.nl,1988-05-01,f,675651256,+31613356100,Maastricht,74.5,kg,159,gepauzeerd,04/07/2023,website
recEH8IDZ9c2c01Z0,Sanne Demir,sanne.demir@outlook.com,1978-08-06,m,150517142,06-25693964,Den Haag,147.4,kg,190,Active,2024-12-02,campaign_expat_2023
recGRkabAZJOltChT,Emma Costa,emma.costa@protonmail.com,1989-06-21,man,330045520,+31661763760,Almere,108.8,kg,173,Active,2025-12-06,referral
recrlYsI1adEkXqSr,Julia Nair,julia.nair@kpnmail.nl,1994-02-15,M,,,Eindhoven,94.4,kg,161,gepauzeerd,2025-06-15,typeform
reczDg2MVZC0Q5P2i,Elena de Groot,elena.degroot@hotmail.com,1991-11-21,m,341660000,,Zwolle,118.4,kg,173,Prospect,2024-04-29,website
recAtFXjQ0ODW9PRp,Lotte de Wit,lotte.dewit@kpnmail.nl,2006-08-11,vrouw,167847090,06-59103711,Amsterdam,88.3,kg,156,on hold,2026-05-23,import
recxR0JRRrvtKLkx7,Elena Jansen,elena.jansen@hotmail.com,1960-06-24,female,,06-71080488,Maastricht,138.9,kg,184,actief,05-03-2023,referral
recNeB5NqCAqvO8W7,Grace Wilson,grace.wilson@kpnmail.nl,1989-09-29,man,,+31608157891,Almere,90.3,kg,154,churned,2025-05-13,website
recJ9Ndn7UgQSNmeb,Jesse Kowalski,jesse.kowalski@ziggo.nl,1990-08-31,man,,06-18473389,Apeldoorn,,kg,182,lead,2026-03-04,campaign_expat_2023
recCU2AXnvRShuZeM,Julia Smit,julia.smit@hotmail.com,2002-08-27,m,378990147,06-83837268,Groningen,95.8,kg,159,active ,11-05-2022,referral
recC5MrHgtckn3h6u,Deniz Vos,deniz.vos@protonmail.com,1962-06-25,Female,,0666841827,Amsterdam,90.8,kg,164,Churned,15-07-2022,campaign_expat_2023
recHgWABziImT7cI5,Willem Smith,willem.smith@kpnmail.nl,1992-04-21,M,,+31695292273,Zwolle,129.2,kg,186,churned,18-08-2022,typeform
rec69tRVq1Ejeib7y,Arjun Nair,arjun.nair@ziggo.nl,1979-12-04,M,662097865,+31634447250,Groningen,81.5,kg,162,active,2022-03-08,typeform
rec2etCgTfT59Rmke,Lucas van Dijk,lucas.vandijk@protonmail.com,01/04/2049,Female,206093408,0663627170,Arnhem,121.2,kg,188,ACTIEF,2022-06-05,typeform
rec8plVad2fXimWdU,Julia El Amrani,julia.elamrani@ziggo.nl,1997-04-20,Female,202175236,+31615456296,Leiden,80.9,kg,156,lead,2025-10-28,typeform
recziITuSWcPeYYuZ,Annelies Jones,annelies.jones@ziggo.nl,28-09-1969,Female,,+31698423878,Dordrecht,105.3,kg,175,active ,05/17/2023,typeform
recfciotQug8IVwl7,Thijs Andersen,thijs.andersen@ziggo.nl,1964-12-04,female,,+31634793778,Leiden,91.5,kg,177,Churned,2025-05-07,website
recGko8m6h3nXrL5v,Milan Brouwer,milan.brouwer@icloud.com,1959-07-09,Female,,0607180065,Apeldoorn,97.5,kg,169,active ,2024-05-15,referral
recsZVko0Mgcn8isv,Grace Costa,grace.costa@gmail.com,1995-01-22,Male,,+31665088695,Arnhem,158.5,kg,195,opgezegd,2025-04-10,typeform
recmeXwtZseOOUuRr,Finn Ivanov,finn.ivanov@icloud.com,1965-12-08,vrouw,531962945,06-32388331,Den Haag,94.8,kg,158,Paused,2024-06-07,typeform
recvjtUjjbsta2Kkk,Annelies Visser,annelies.visser@live.nl,1967-04-11,Female,,06-07984563,Nijmegen,110.2,kg,194,ACTIEF,2023-08-10,campaign_expat_2023
reckr9pqOfwvrDATA,Sem Visser,sem.visser@gmail.com,03/11/2007,V,479854993,06-63718723,Zwolle,142.4,kg,190,churned,23-06-2023,typeform
recWc37H9n40NeoqY,Fatima de Vries,fatima.devries@ziggo.nl,1968-06-21,m,463321157,+31687829838,Amersfoort,92.9,kg,181,Churned,30-09-2023,import
recDDvC6g2i5KpB3M,Arjun Smit,arjun.smit@yahoo.com,2004-09-08,male,,0603413568,Dordrecht,123.7,kg,194,cancelled,2026-01-28,typeform
recud9HmDe1ECN5eT,Fatima Jones,fatima.jones@hotmail.com,1969-12-05,Male,,+31627345166,Breda,111.2,kg,179,cancelled,06/10/2023,referral
recmrB2jlTTM96UBn,Giulia van Leeuwen,giulia.vanleeuwen@live.nl,1974-01-02,F,,+31660215911,Almere,145.3,kg,198,cancelled,2025-01-13,campaign_expat_2023
recOaQMcY5cZNFkyZ,Femke Mulder,femke.mulder@live.nl,12/10/1981,F,,+31604448256,Amsterdam,101.7,kg,191,Churned,27-05-2022,typeform
recDJxcVPhGS4aLgj,Mohammed Brouwer,mohammed.brouwer@gmail.com,1995-05-28,Male,,+31618575574,Zwolle,116.8,kg,185,Active,2024-09-04,campaign_expat_2023
recsaXrORL6qMSr2z,Lucas Wang,lucas.wang@protonmail.com,1970-07-26,M,,0658143032,Amersfoort,72.1,kg,164,ACTIEF,2026-02-14,website
recX4zI8LnMsV0Vcn,Emma Bos,emma.bos@live.nl,1974-02-24,male,,+31686038226,Delft,83.7,kg,158,active,10-12-2022,website
rechHopYoyToAKEzU,Milan Jansen,milan.jansen@outlook.com,1986-12-24,Female,,0690423238,Tilburg,147.0,kg,193,Churned,03/18/2024,import
recpayAi4vgxa5j57,Anna Wang,anna.wang1@icloud.com,1992-04-22,female,280754036,06-74860984,Rotterdam,113.8,kg,185,active ,2025-10-21,typeform
recjRE7iIDQM4ICMS,Emre Vos,emre.vos@yahoo.com,1990-05-16,M,,06-11001485,Nijmegen,121.8,kg,184,Paused,2026-01-15,typeform
reclOrA1hjGucZlFu,Teun Smith,teun.smith@yahoo.com,06/07/1970,female,,+31633542362,Groningen,89.9,kg,183,opgezegd,20-02-2023,referral
rec6cwIBIXqALrJ5f,Lisa Petrov,lisa.petrov@outlook.com,16-11-2005,Male,274654039,0636270705,Rotterdam,104.2,kg,191,churned,02/01/2024,campaign_expat_2023
reciSD6alyL2ZBEI8,Emre de Vries,emre.devries@gmail.com,01-07-2000,man,,,Zaandam,102.1,kg,193,on hold,08-04-2024,referral
reclV7AwDYaSOfeRl,Sophie Visser,sophie.visser@gmail.com,29-11-1961,Male,,+31633959837,Apeldoorn,87.2,kg,170,Active,2023-06-12,typeform
recbbL8F3AeQ5hY9p,James Kaya,james.kaya@hotmail.com,27-10-1965,f,102575113,0668380862,Almere,67.3,kg,156,Churned,07-04-2022,typeform
recZ15Dit3bGIPkwf,Milan Ricci,milan.ricci@hotmail.com,1968-04-21,m,341743646,+31670605015,Apeldoorn,97.4,kg,166,active,2026-05-29,referral
recJxWXgl6hhASmRh,Sem de Wit,sem.dewit@protonmail.com,1960-12-29,Female,780057272,06-38455077,Arnhem,,kg,155,Active,2025-09-02,referral
reccqASPbuKDfLAJC,Ivan Rossi,ivan.rossi@yahoo.com,1982-12-25,male,,0630030756,Breda,143.8,kg,185,churned,2023-08-07,import
recJhvaLOg54gUugJ,Giulia de Wit,giulia.dewit@kpnmail.nl,31-10-1961,Male,548917279,06-11555330,Utrecht,90.5,kg,176,Active,2024-03-19,import
recv3fKBKSK4oMlHm,Maud Smith,maud.smith@live.nl,2007-01-06,m,,+31624719702,Haarlem,112.3,kg,185,active,2025-07-05,typeform
recuNoCTUMbcER2Wx,Sanne de Graaf,sanne.degraaf@yahoo.com,11/16/2005,Female,,06-83343098,Den Haag,143.0,kg,187,active,05/03/2024,website
rec19EW9F6JwJPVpM,Sanne Sharma,sanne.sharma@gmail.com,1982-12-07,M,,06-86038966,Dordrecht,98.1,kg,158,cancelled,2024-12-03,typeform
recNW40oF3UBRkCq8,Amira Andersen,amira.andersen@outlook.com,2003-07-05,Male,,+31657466310,Arnhem,94.3,kg,153,Paused,2023-07-10,typeform
recI4ap6Jtnxr3GfN,Roos Peters,roos.peters@ziggo.nl,1982-12-06,V,,06-82528377,Rotterdam,129.4,kg,196,gepauzeerd,19-11-2023,campaign_expat_2023
recdAYs28EwcZnaNY,Sophie Hendriks ,sophie.hendriks@gmail.com,13-09-1977,Male,,,Delft,88.5,kg,155,gepauzeerd,2023-11-21,import
rectQSTmtn2pT050P,Kees de Vries,kees.devries@yahoo.com,10/22/1966,m,,06-70356894,Amsterdam,96.3,kg,169,active ,2023-08-04,website
recndQCKJFU2dzKFx,Elena Ricci,elena.ricci1@icloud.com,1979-10-14,man,596664667,+31673813921,Utrecht,91.9,kg,163,Active,2025-10-05,import
rec0v9qmTpfLDR67A,Emre Visser,emre.visser@icloud.com,1994-07-24,M,,0623657226,Amsterdam,92.5,kg,153,Churned,2026-06-07,website
recUbI3PQFxX37TN3,Sem van Leeuwen,sem.vanleeuwen@protonmail.com,1985-02-24,f,,06-80135802,Zwolle,92.2,kg,187,gepauzeerd,2023-06-08,referral
recQBayccagLJSFUL,Marco Yilmaz,marco.yilmaz@icloud.com,07/17/1996,female,670480058,0693086446,Nijmegen,,kg,181,actief,2023-12-01,website
reczkqAJeaP09241O,Hendrik Rossi,hendrik.rossi@kpnmail.nl,1982-10-09,man,,+31659240952,Breda,103.3,kg,195,churned,2025-08-03,website
rec9dtOWxcHme7mKN,Sophie Smits,sophie.smits@outlook.com,12/22/1960,M,,0623596465,Zaandam,115.7,kg,196,Churned,2023-10-28,typeform
reckk0oborWgCgfuy,Kasia Smit,kasia.smit@ziggo.nl,1963-05-04,Male,,06-14792507,Utrecht,,kg,159,active ,2024-06-18,typeform
recUy28EcY6KeaBgm,Marco Horvat,marco.horvat@yahoo.com,02-06-1980,Female,,0660140472,Amsterdam,,kg,198,opgezegd,2024-03-17,website
reczLXUtdsDgaOCUW,Deniz Ricci,deniz.ricci@ziggo.nl,06-12-2007,male,375161302,0694314828,Nijmegen,87.0,kg,181,ACTIEF,2022-09-13,website
recPrkjEjO66xYJyv,Piotr Kaya,piotr.kaya1@live.nl,1993-06-27,man,980402323,+31693774282,Maastricht,121.1,kg,188,cancelled,2025-06-09,campaign_expat_2023
recmB4HQTVia35k4Y,Jan Benali,jan.benali@ziggo.nl,2000-10-14,M,,06-09749214,Apeldoorn,111.5,kg,179,opgezegd,2022-04-17,campaign_expat_2023
rec5Hec8sm0tjNGQ6,Femke de Boer,femke.deboer@outlook.com,2001-11-19,V,,06-84006454,Leiden,111.4,kg,181,gepauzeerd,2025-07-05,typeform
recmazJM8OtGFpoQj,Noor Smit,noor.smit@gmail.com,1964-03-01,m,,+31677511541,Delft,91.1,kg,161,churned,2024-07-08,campaign_expat_2023
recrSdm6aDjzzNQoL,Anna van der Meer,anna.vandermeer@kpnmail.nl,1983-12-14,vrouw,564575288,,Nijmegen,110.6,kg,180,cancelled,2022-07-13,typeform
recxnnmKyBMFxhByQ,Willem Dijkstra,willem.dijkstra@protonmail.com,1962-01-22,F,,06-82979413,Maastricht,130.1,kg,182,Active,2022-06-14,website
rec9lz5sNF06q2Krx,Emma de Jong,emma.dejong@yahoo.com,12/31/2000,m,769066100,+31621681670,Groningen,99.4,kg,172,ACTIEF,2023-03-02,website
reckkPbba6w1Bx22y,Youssef Mulder ,youssef.mulder@outlook.com,1983-03-18,V,,,Leiden,96.4,kg,170,actief,2024-11-26,typeform
recCokEm5U7iF7kD3,Anna Hendriks,anna.hendriks@ziggo.nl,21-07-1987,m,,06-48276582,Arnhem,113.1,kg,166,actief,2023-08-11,import
recKnEfSydhfz75VT,Ruben Visser,ruben.visser@icloud.com,1985-10-25,V,,06-40863744,Almere,114.9,kg,174,cancelled,2025-07-05,campaign_expat_2023
reco9x32IyMa2zRES,Jan van Dijk,jan.vandijk@outlook.com,1966-08-18,male,,0662691402,Dordrecht,131.0,kg,187,paused,04-02-2023,typeform
recjEbvAhobKvIsHw,Fleur El Amrani,fleur.elamrani@kpnmail.nl,04-02-1996,m,,+31607440057,Haarlem,89.9,kg,170,Active,11/14/2023,website
recbx2isaz01FzYgN,Ahmed de Wit,ahmed.dewit@ziggo.nl,12-07-1977,Female,415945422,0674925214,Nijmegen,153.0,kg,198,Active,03/07/2024,typeform
recRBEn8XJevoMZVs,Emma Yilmaz,emma.yilmaz@icloud.com,09/22/1997,F,,06-70221898,Maastricht,126.9,kg,177,churned,17-03-2022,campaign_expat_2023
rectw5nrgqiQOfyep,Roos El Amrani,roos.elamrani@yahoo.com,1994-07-15,vrouw,,06-42097046,Leiden,92.3,kg,172,Prospect,2024-08-10,website
recCO3zXasEHnfw7C,Wei Benali,wei.benali1@gmail.com,08/23/1981,Male,683546363,+31616330858,Zaandam,76.6,kg,168,gepauzeerd,2024-02-05,import
recKjqhEmWrU0DhbG,Annelies Rossi,annelies.rossi@kpnmail.nl,1970-09-03,f,,+31690860052,Haarlem,112.9,kg,164,cancelled,28-01-2023,typeform
recaXyfj7KBlcB4hM,Ahmed Smit,ahmed.smit@live.nl,12/12/1985,m,,0603707479,Dordrecht,98.6,kg,170,active,14-09-2022,campaign_expat_2023
rec6dsabhJFdeSQ04,Marieke Novak,marieke.novak@live.nl,02-01-1978,female,,0699772726,Apeldoorn,99.6,kg,194,Active,2023-05-20,campaign_expat_2023
rech80qisbw8yubit,Wei de Jong,wei.dejong@gmail.com,1991-04-02,V,,+31680996668,Den Haag,100.4,kg,173,active ,03/16/2024,website
recibhN0n5xHFpgqO,Sofia van Leeuwen,sofia.vanleeuwen@kpnmail.nl,12-02-2003,Male,,0651466694,Utrecht,134.1,kg,182,Prospect,2023-11-01,import
rec4METpn35i48kMH,Lisa Visser,lisa.visser@kpnmail.nl,1982-05-22,M,,+31629766019,Apeldoorn,94.5,kg,173,active,2025-03-12,website
recVXbWmw6JYchAPA,Lucas Nowak,lucas.nowak@hotmail.com,1983-04-21,man,,+31613980099,Zaandam,109.2,kg,163,Churned,2023-08-18,typeform
recYgxaUV2VQ4W3ZK,Grace Ivanov,grace.ivanov@hotmail.com,04-03-1964,m,818444915,+31688663839,Tilburg,123.7,kg,195,actief,2024-03-08,import
recJifjP3qm3u2gmx,Hendrik Nowak,hendrik.nowak@protonmail.com,06-12-1983,m,,+31604674618,Eindhoven,123.5,kg,191,paused,2024-01-31,referral
recHVkPmMO5DhQViJ,Bram de Groot,bram.degroot@hotmail.com,10/10/2001,vrouw,,06-49632255,Maastricht,102.0,kg,191,Active,2023-12-31,referral
recioLYVCG1bcH1t2,James van Dijk,james.vandijk@live.nl,2005-06-29,female,,,Den Haag,91.1,kg,176,Paused,2025-06-15,referral
recdKOTxHhEa2mHLj,Wei Novak,@gmail.com,1958-04-16,F,,06-07907919,Amersfoort,87.6,kg,152,Active,2025-11-07,referral
rec5XbGSxs4kJtMJ4,Sanne Benali,sanne.benali@ziggo.nl  ,2005-11-28,M,,06-67906980,Amsterdam,111.8,kg,180,actief,2024-11-08,typeform
recbPaxDDa1UEHZVj,Gijs de Jong,gijs.dejong@icloud.com,2004-02-19,vrouw,,+31612186955,Dordrecht,66.6,kg,152,churned,2024-01-20,typeform
recKE7wmXKWODKTP4,Eva Hendriks,eva.hendriks@icloud.com,1983-01-26,man,,0611885277,Apeldoorn,109.0,kg,189,active ,02-02-2023,typeform
recNjtDK6dMMBkHz5,Jan Sharma,jan.sharma@icloud.com,1999-10-31,V,,06-72476743,Breda,130.5,kg,194,new,2023-04-03,website
recP8qAop3x8kZElJ,Lotte Brouwer,lotte.brouwer@icloud.com,2000-04-20,f,,+31614298767,Nijmegen,102.1,kg,158,active ,27-07-2022,typeform
rec8Lxv68NM7mTvyf,Mei Smith,mei.smith1@gmail.com,2003-07-19,female,,06-97535804,Den Haag,72.8,kg,162,Prospect,2026-05-16,typeform
recoXwkfx3wCcCfWP,Julia van der Meer ,julia.vandermeer@icloud.com,1990-06-24,M,995217877,0666863463,Utrecht,120.7,kg,188,Active,2025-05-18,website
recCgEyKB8XJapOwa,Marieke Brouwer,marieke.brouwer@hotmail.com,1988-04-28,female,,06-51973427,Utrecht,101.8,kg,180,actief,2026-02-01,campaign_expat_2023
recCMqm8hCXJ1bGpO,Giulia Jansen,giulia.jansen@icloud.com,08/18/1980,M,982067926,06-53161669,Delft,130.7,kg,183,gepauzeerd,2023-10-10,import
recvsNdYiGqiaY2ZT,Marieke Nair,marieke.nair@ziggo.nl,2001-05-17,m,,0686928036,Delft,157.0,kg,193,active,2025-03-28,website
rec4Ux5ExsNrQrBOQ,Jan El Amrani,jan.elamrani@live.nl,1964-06-29,male,436401484,06-19759850,Delft,123.0,kg,184,Prospect,16-05-2022,typeform
recDlXPMox9vIe73y,Sofia Bakker,sofia.bakker1@icloud.com,1987-11-18,m,,06-57736166,Maastricht,120.0,kg,195,cancelled,2025-04-06,typeform
rec5CkLnz1KsLpos7,Grace Demir,grace.demir@ziggo.nl,1966-07-16,Male,,+31672994209,Zwolle,108.5,kg,160,active,2024-08-17,typeform
rec23HqIKUJhkiwGH,Ruben de Boer,ruben.deboer@icloud.com,2006-07-11,M,,06-34695653,Leiden,102.2,kg,178,Active,2026-02-15,typeform
recBFwKnbmYn4Itew,Wei Brouwer,wei.brouwer@live.nl,1964-06-23,m,,+31624300510,Groningen,104.7,kg,169,churned,2024-08-26,campaign_expat_2023
rectJ9f26OKbXNLuD,Lotte Demir,lotte.demir@gmail.com,1993-09-21,f,,0675072967,Maastricht,116.2,kg,184,active,10/17/2023,typeform
rec7bf44ynxZjYjPe,Eva Costa,eva.costa@hotmail.com,2000-06-24,m,,+31675945840,Almere,100.9,kg,173,ACTIEF,2026-01-16,referral
recLQYluCWJ9CYrWe,Thijs Ricci ,thijs.ricci@ziggo.nl,1959-09-12,f,147797421,+31688638248,Den Haag,72.9,kg,152,actief,2024-12-30,typeform
recZmicWTgcPTgda7,James Smith,james.smith@icloud.com,2003-05-16,female,275262650,0655573246,Zwolle,114.2,kg,188,churned,07-01-2023,typeform
recT7EgbfJ2ClVEzp,Arjun Peters,arjun.peters@outlook.com,06/18/1986,f,549086237,0619717123,Apeldoorn,96.1,kg,175,paused,26-03-2024,website
rec8TQTCIMWsjaJ8G,Luuk Kowalski,luuk.kowalski@outlook.com,10/29/1975,m,,+31647510728,Haarlem,,kg,192,actief,13-03-2023,referral
recxtiMUJV3140vUl,Piotr Hendriks,piotr.hendriks@live.nl,1982-11-03,F,,+31609824648,Zwolle,108.1,kg,194,active,2025-06-15,referral
recnuCvprVfjLlUzP,Julia Kaya,julia.kaya@live.nl,1965-08-26,vrouw,,+31630182820,Eindhoven,85.4,kg,175,lead,2026-05-14,typeform
recUvmIo59xjStfhg,Femke Taylor ,femke.taylor@ziggo.nl,23-02-2001,Female,,+31649866632,Delft,154.0,kg,191,churned,2022-07-02,campaign_expat_2023
rechbmlYx78dZRz2U,Piotr Kaya,piotr.kaya@hotmail.com,15-03-1968,f,567297494,06-33414358,Amsterdam,110.2,kg,186,active ,20-09-2023,referral
recdFkRsDtTgVU9Cc,Bram de Vries,bram.devries@icloud.com,1968-07-13,M,,,Zwolle,113.6,kg,168,Churned,2024-06-02,import
recekpq2mC6dik8hN,James Benali,james.benali@gmail.com,1974-11-17,F,774816855,,Delft,97.9,kg,189,Churned,2025-05-29,referral
recBrAk9sNxac8mZ8,Bram de Jong,bram.dejong@icloud.com,02-01-1997,Male,,,Utrecht,99.2,kg,158,actief,27-01-2023,import
recz8p1lf8JRswags,James Sharma,james.sharma@gmail.com,1980-03-20,f,,+31690827123,Delft,261.0,lbs,177,active,2026-02-23,typeform
rec5t0gDwtbwDTIzp,Anna Visser,anna.visser@protonmail.com,1978-09-13,M,688103212,06-58300106,Zwolle,124.6,kg,185,on hold,02-12-2022,campaign_expat_2023
recWD1t0lUrdwpUiJ,Eva Demir,eva.demir@live.nl,1983-12-12,male,428104319,,Eindhoven,102.6,kg,160,actief,2025-01-22,website
recNi7pirk2G1RTgN,Priya Kaya,priya.kaya@kpnmail.nl,2002-07-17,M,,+31637504158,Utrecht,100.8,kg,160,new,2025-10-26,website
recrjVoeJiOHJwzX0,Emre Jones,emre.jones@outlook.com,1971-01-08,F,448657934,0602288180,Leiden,85.8,kg,169,opgezegd,2024-10-09,typeform
recq7E5VOs32r3TbT,Sofia Mulder,sofia.mulder@icloud.com,1963-03-10,man,,+31607936015,Rotterdam,83.4,kg,160,Churned,10/22/2023,typeform
recqsBEyQH4kXSfNm,Sofia Nowak,sofia.nowak@hotmail.com,1983-03-18,male,,0636667489,Almere,99.3,kg,167,on hold,2024-12-24,campaign_expat_2023
receuaulTV0YFKIrN,Eva van Dijk,eva.vandijk@hotmail.com,1987-11-02,man,793568493,06-28128838,Almere,110.2,kg,197,lead,2025-01-14,website
recZ3xMElSu9sSQKM,Kasia Taylor,kasia.taylor@protonmail.com,08/19/1997,vrouw,721294789,+31614513627,Zaandam,,kg,182,on hold,2022-07-18,typeform
recInuNuSV9TLAH7Z,Elena Vos,elena.vos@icloud.com,1994-10-23,man,,06-36428260,Apeldoorn,83.8,kg,156,active,2024-10-26,typeform
recdPqPtSsBBG2ngi,Marco Visser,marco.visser@protonmail.com,06/17/1967,F,,,Delft,105.1,kg,186,churned,2022-08-04,import
recdPxteh0PxzrY99,Maud Brown,maud.brown@gmail.com,01/19/1958,m,,+31601191701,Dordrecht,76.1,kg,166,cancelled,06-06-2022,typeform
rec9DlZ94PI8ejruK,Eva Petrov,eva.petrov@protonmail.com,08-09-1958,man,,06-91356564,Rotterdam,146.6,lbs,152,active ,11/18/2022,import
recEDECyN5k7S9HDH,Thijs Smits,thijs.smits@icloud.com,1970-01-19,male,,06-11941730,Amsterdam,143.1,kg,197,actief,2024-11-08,website
recKOhYdZCLVhiSVM,Julia Nair,julia.nair@protonmail.com,1967-08-09,male,837780287,+31641414168,Haarlem,78.5,kg,153,active ,09-11-2023,typeform
recAum7XcniMt6ycE,Teun Rossi,teun.rossi@kpnmail.nl,2006-08-18,f,,0609366334,Rotterdam,110.9,kg,194,Churned,2025-04-30,website
recowpCxCUqGZdei7,Bram Kaya,bram.kaya@protonmail.com,1984-05-19,vrouw,609607340,06-63080174,Delft,71.5,kg,158,Paused,2023-02-27,typeform
recjeoEFus9JRxuip,Olga Demir,olga.demir@protonmail.com,2004-09-20,Male,,+31655646444,Amsterdam,124.6,kg,198,opgezegd,2026-03-22,referral
recXYupkeyw4K6y5M,Jesse van der Meer,jesse.vandermeer@icloud.com,1984-12-13,vrouw,831526762,06-37351305,Delft,111.7,kg,182,active,2023-12-17,campaign_expat_2023
recmQVQI6VjtlrBhY,Annelies Yilmaz, annelies.yilmaz@icloud.com,1963-03-10,Male,480563068,+31606350725,Eindhoven,125.2,kg,178,Churned,21-12-2023,website
recRKpPUxIMmid7cs,Jesse Kaya,jesse.kaya@live.nl,04-07-1960,V,,0629451472,Eindhoven,126.6,kg,196,prospect,20-04-2024,website
recb59WPgDiQHQIIc,Ahmed Jansen,ahmed.jansen@live.nl,2001-04-16,F,,06-32996213,Arnhem,140.2,kg,182,churned,2026-01-04,referral
recdD3Re0JytBbbQN,Priya Dekker,priya.dekker@protonmail.com,26-08-1997,F,214391383,06-99622372,Arnhem,148.1,kg,189,active ,2024-05-09,typeform
recILn39nhCK0rlOt,Luuk van den Berg,luuk.vandenberg@icloud.com,1959-02-04,V,708957080,+31627191116,Leiden,107.4,kg,180,churned,2026-05-15,import
recmqX9mQMxnW7L7m,Grace Wang,grace.wang1@hotmail.com,1968-09-26,vrouw,548637374,06-54229650,Tilburg,141.8,kg,197,Prospect,2025-07-04,typeform
recrUFad8WBH4IMCP,Jan de Vries,jan.devries@kpnmail.nl,1976-12-05,Female,,0678643775,Eindhoven,112.6,kg,170,ACTIEF,2026-02-19,campaign_expat_2023
rec6Zl0snrPT39qn2,Lotte Visser,lotte.visser1@gmail.com,2005-05-28,Female,,+31618406474,Utrecht,123.8,kg,174,Active,2025-12-03,referral
rec7WF2aH3BasajUj,Fleur Petrov,fleur.petrov@protonmail.com,2006-10-11,f,249259886,+31642098049,Haarlem,92.3,kg,179,active ,2025-11-04,referral
recybgmrCRZ2vRh1O,Sanne Kaya,sanne.kaya@protonmail.com,1988-07-12,Female,129963951,06-27694321,Almere,85.9,kg,165,active,28-06-2023,typeform
recZzIhjZuOD7IEdb,Annelies Wang,annelies.wang@ziggo.nl,1958-07-11,F,,0624265545,Maastricht,97.8,kg,193,ACTIEF,2023-08-08,campaign_expat_2023
